date,All sectors; U.S. wealth,Households and nonprofit organizations; nonfinancial assets,Households and nonprofit organizations; real estate at market value,Nonprofit organizations; equipment, current cost basis,Nonprofit organizations; nonresidential intellectual property products, current cost basis,Households and nonprofit organizations; consumer durable goods, current cost basis,Nonfinancial noncorporate business; nonfinancial assets,Nonfinancial noncorporate business; real estate at market value,Nonfinancial noncorporate business; equipment, current cost basis,Nonfinancial noncorporate business; nonresidential intellectual property products, current cost basis,Nonfinancial noncorporate business; inventories,Security brokers and dealers; proprietors' equity in noncorporate business,All domestic sectors; market value estimate of nonfinancial assets,Nonfinancial corporate business; market value estimate of nonfinancial assets,Domestic financial sectors; market value estimate of nonfinancial assets,Federal government; nonfinancial assets (does not include land),Federal government; total residential and nonresidential structures,Federal government; nonresidential equipment, current cost basis,Federal government; nonresidential intellectual property products, current cost basis,State and local governments; nonfinancial assets (does not include land),State and local governments; total residential and nonresidential structures,State and local governments; nonresidential equipment, current cost basis,State and local governments; nonresidential intellectual property products, current cost basis,All domestic sectors; U.S. financial claims on the rest of the world; asset,Rest of the world; total liabilities and equity,Rest of the world; foreign corporate equities including foreign investment fund shares; liability,Rest of the world; total financial liabilities and foreign direct investment: equity,Rest of the world; total financial assets,Rest of the world; U.S. corporate equities; asset,Rest of the world; total financial assets excluding U.S. corporate equities and mutual fund shares,All sectors; U.S. wealth,All sectors; U.S. wealth,All sectors; U.S. wealth,Households and nonprofit organizations; net worth,Households and nonprofit organizations; net worth,Households and nonprofit organizations; net worth
1945:Q4,716494,189324,134635,436,257,53996,188688,151676,10964,1942,24107,0,135449,106297,29152,135721,54203,77510,4008,66207,64931,993,283,1105,14523,942,13581,13418,2700,10718,716494,ND,ND,806613,ND,ND
1946:Q1,ND,ND,ND,ND,ND,ND,ND,ND,ND,ND,ND,ND,ND,ND,ND,ND,ND,ND,ND,ND,ND,ND,ND,ND,ND,ND,ND,ND,ND,ND,ND,ND,ND,ND,ND,ND
1946:Q2,ND,ND,ND,ND,ND,ND,ND,ND,ND,ND,ND,ND,ND,ND,ND,ND,ND,ND,ND,ND,ND,ND,ND,ND,ND,ND,ND,ND,ND,ND,ND,ND,ND,ND,ND,ND
1946:Q3,ND,ND,ND,ND,ND,ND,ND,ND,ND,ND,ND,ND,ND,ND,ND,ND,ND,ND,ND,ND,ND,ND,ND,ND,ND,ND,ND,ND,ND,ND,ND,ND,ND,ND,ND,ND
1946:Q4,798540,220712,158074,590,292,61756,227819,179671,13074,2162,32912,0,139388,111474,27914,132686,58350,69624,4712,73034,71615,1099,320,4901,16756,1001,15755,11855,2690,9165,798540,82045,11.45093380623129,885213,78599,9.744344437182281
1947:Q1,ND,ND,ND,ND,ND,ND,ND,ND,ND,ND,ND,ND,ND,ND,ND,ND,ND,ND,ND,ND,ND,ND,ND,ND,ND,ND,ND,ND,ND,ND,ND,ND,ND,ND,ND,ND
1947:Q2,ND,ND,ND,ND,ND,ND,ND,ND,ND,ND,ND,ND,ND,ND,ND,ND,ND,ND,ND,ND,ND,ND,ND,ND,ND,ND,ND,ND,ND,ND,ND,ND,ND,ND,ND,ND
1947:Q3,ND,ND,ND,ND,ND,ND,ND,ND,ND,ND,ND,ND,ND,ND,ND,ND,ND,ND,ND,ND,ND,ND,ND,ND,ND,ND,ND,ND,ND,ND,ND,ND,ND,ND,ND,ND
1947:Q4,913634,280809,206381,768,310,73350,262959,206256,17091,2507,37106,0,140578,113469,27109,124219,60427,58568,5224,93348,91580,1452,316,11721,23622,972,22650,11901,2480,9421,913634,115095,14.41312982863567,984192,98979,11.18140389517455
1948:Q1,ND,ND,ND,ND,ND,ND,ND,ND,ND,ND,ND,ND,ND,ND,ND,ND,ND,ND,ND,ND,ND,ND,ND,ND,ND,ND,ND,ND,ND,ND,ND,ND,ND,ND,ND,ND
1948:Q2,ND,ND,ND,ND,ND,ND,ND,ND,ND,ND,ND,ND,ND,ND,ND,ND,ND,ND,ND,ND,ND,ND,ND,ND,ND,ND,ND,ND,ND,ND,ND,ND,ND,ND,ND,ND
1948:Q3,ND,ND,ND,ND,ND,ND,ND,ND,ND,ND,ND,ND,ND,ND,ND,ND,ND,ND,ND,ND,ND,ND,ND,ND,ND,ND,ND,ND,ND,ND,ND,ND,ND,ND,ND,ND
1948:Q4,968779,313676,229359,944,310,83063,281247,218473,21751,2667,38356,0,142229,115997,26232,116197,61973,48385,5839,101692,99593,1788,311,13738,26311,944,25367,12573,2305,10268,968779,55145,6.035748627651331,1037009,52817,5.366550361990825
1949:Q1,ND,ND,ND,ND,ND,ND,ND,ND,ND,ND,ND,ND,ND,ND,ND,ND,ND,ND,ND,ND,ND,ND,ND,ND,ND,ND,ND,ND,ND,ND,ND,ND,ND,ND,ND,ND
1949:Q2,ND,ND,ND,ND,ND,ND,ND,ND,ND,ND,ND,ND,ND,ND,ND,ND,ND,ND,ND,ND,ND,ND,ND,ND,ND,ND,ND,ND,ND,ND,ND,ND,ND,ND,ND,ND
1949:Q3,ND,ND,ND,ND,ND,ND,ND,ND,ND,ND,ND,ND,ND,ND,ND,ND,ND,ND,ND,ND,ND,ND,ND,ND,ND,ND,ND,ND,ND,ND,ND,ND,ND,ND,ND,ND
1949:Q4,988893,340055,246931,1043,315,91766,284457,223629,23747,2777,34304,0,146064,121139,24925,106730,59717,40563,6450,97248,95103,1831,314,14339,27842,708,27134,13503,2490,11013,988893,20114,2.076261424091031,1079406,42397,4.088412478679924
1950:Q1,ND,ND,ND,ND,ND,ND,ND,ND,ND,ND,ND,ND,ND,ND,ND,ND,ND,ND,ND,ND,ND,ND,ND,ND,ND,ND,ND,ND,ND,ND,ND,ND,ND,ND,ND,ND
1950:Q2,ND,ND,ND,ND,ND,ND,ND,ND,ND,ND,ND,ND,ND,ND,ND,ND,ND,ND,ND,ND,ND,ND,ND,ND,ND,ND,ND,ND,ND,ND,ND,ND,ND,ND,ND,ND
1950:Q3,ND,ND,ND,ND,ND,ND,ND,ND,ND,ND,ND,ND,ND,ND,ND,ND,ND,ND,ND,ND,ND,ND,ND,ND,ND,ND,ND,ND,ND,ND,ND,ND,ND,ND,ND,ND
1950:Q4,1093917,387345,278126,1346,345,107528,304104,236564,28425,3009,36106,0,172942,150123,22819,106631,63069,36166,7396,109628,107032,2256,340,13267,29604,1175,28429,16337,2925,13412,1093917,105024,10.62031000611823,1171496,92090,8.531551509152605
1951:Q1,ND,ND,ND,ND,ND,ND,ND,ND,ND,ND,ND,ND,ND,ND,ND,ND,ND,ND,ND,ND,ND,ND,ND,ND,ND,ND,ND,ND,ND,ND,ND,ND,ND,ND,ND,ND
1951:Q2,ND,ND,ND,ND,ND,ND,ND,ND,ND,ND,ND,ND,ND,ND,ND,ND,ND,ND,ND,ND,ND,ND,ND,ND,ND,ND,ND,ND,ND,ND,ND,ND,ND,ND,ND,ND
1951:Q3,ND,ND,ND,ND,ND,ND,ND,ND,ND,ND,ND,ND,ND,ND,ND,ND,ND,ND,ND,ND,ND,ND,ND,ND,ND,ND,ND,ND,ND,ND,ND,ND,ND,ND,ND,ND
1951:Q4,1220891,430981,308963,1592,366,120060,333814,255779,31391,3103,43541,0,198117,176042,22075,120256,71927,39900,8429,123206,120380,2464,362,14517,31671,1390,30281,17154,3450,13704,1220891,126974,11.60726735078469,1280578,109082,9.311300173536333
1952:Q1,1233874,437146,311906,1634,365,123241,336412,257823,31893,3103,43592,0,201326,179258,22068,121850,71817,41423,8610,123195,120306,2530,359,13945,31253,363,30890,17308,3454,13854,1233874,12983,1.063387354398799,1298495,17917,1.399115007076678
1952:Q2,1257592,448860,322754,1682,366,124058,338615,259926,32447,3126,43116,0,204185,182526,21659,124515,72871,42832,8812,126827,123898,2569,360,14590,32485,789,31696,17895,3539,14356,1257592,23718,1.922262842032309,1321042,22548,1.736456901873648
1952:Q3,1270329,453482,324183,1697,369,127233,339342,262026,32452,3181,41682,0,202951,181750,21201,128160,74518,44611,9031,131718,128739,2615,364,14676,33187,1128,32059,18511,3434,15077,1270329,12737,1.012793596107692,1334038,12996,0.983774199934853
1952:Q4,1272403,463972,334895,1728,375,126974,336949,262603,32713,3221,38412,0,194872,174589,20283,130505,74903,46335,9267,130592,127574,2646,372,15513,34068,1459,32609,18555,3705,14850,1272403,2075,0.163321257859925,1338212,4174,0.312867574172764
1953:Q1,1280323,472930,340387,1787,380,130376,335903,262881,33089,3283,36650,0,190810,170603,20207,131996,74987,47505,9504,132496,129388,2736,372,16188,34664,1492,33172,18476,3569,14907,1280323,7920,0.622442038225493,1348600,10387,0.776219516559652
1953:Q2,1281631,481964,347238,1855,386,132485,335536,263388,33681,3326,35141,0,181313,161433,19880,135164,75937,49502,9725,131263,128139,2745,379,16391,35178,1399,33779,18787,3476,15311,1281631,1307,0.102102853717301,1350869,2269,0.168256709574877
1953:Q3,1293822,493031,357332,1926,390,133383,337198,265056,34340,3381,34421,0,176759,157177,19582,137981,76392,51644,9945,132149,128998,2765,386,16704,35908,1290,34618,19204,3430,15774,1293822,12191,0.95122684307938,1365489,14620,1.082302333131446
1953:Q4,1308449,493420,355919,1980,394,135127,337210,264204,34706,3430,34869,0,192738,174080,18658,138681,75199,53327,10155,129389,126196,2799,394,17011,36504,1329,35175,19493,3650,15843,1308449,14627,1.130520499957237,1386237,20748,1.519453217866645
1954:Q1,1325393,498300,357485,2045,399,138371,338557,264500,35127,3518,35412,0,203034,185039,17995,141310,75987,54945,10378,127575,124311,2862,402,16617,36996,1439,35557,20379,3996,16383,1325393,16944,1.294960144804563,1408984,22747,1.640914087279078
1954:Q2,1350485,501393,361814,2109,404,137066,339980,266070,35501,3535,34874,0,216356,199394,16962,143407,76904,55873,10630,132951,129533,3009,409,16398,37465,1554,35911,21067,4353,16714,1350485,25092,1.89319241947231,1430659,21675,1.538366720211621
1954:Q3,1382638,510852,371385,2121,410,136936,342884,269336,35030,3570,34948,0,233825,217925,15900,146517,77496,58111,10910,132794,129274,3103,417,15766,37742,1708,36034,21976,4804,17172,1382638,32153,2.380837677066176,1466907,36247,2.533617478185032
1954:Q4,1402913,520881,379599,2160,417,138705,344492,271288,35046,3603,34554,0,236920,222701,14219,149640,78848,59577,11215,135157,131514,3217,426,15823,38592,1868,36724,22769,5254,17515,1402913,20275,1.4663949544312,1484111,17204,1.172829166336466
1955:Q1,1416230,527824,384467,2175,424,140758,347466,273935,35016,3738,34778,0,241984,227593,14391,148985,78041,59387,11557,133805,130014,3355,436,16166,38932,1934,36998,22766,5407,17359,1416230,13318,0.949278366448475,1505761,21649,1.458748605582635
1955:Q2,1460098,540614,394908,2226,432,143048,350439,277896,35609,3762,33172,0,264538,251051,13487,151243,78382,60920,11941,136975,133076,3452,447,16289,39825,2168,37657,23536,5981,17555,1460098,43867,3.09747324577715,1540805,35044,2.327327093840682
1955:Q3,1506825,555201,406169,2313,442,146277,355167,282691,36767,3811,31898,0,280627,268205,12422,154398,79613,62415,12370,145248,141151,3637,460,16184,40420,2333,38087,24236,6349,17887,1506825,46727,3.200286291764142,1580120,39315,2.551597309238328
1955:Q4,1538488,565459,414487,2412,455,148105,359452,287208,38013,3850,30381,0,288582,276952,11630,158331,80989,64477,12865,150032,145774,3782,476,16632,41138,2439,38699,24506,6575,17931,1538488,31663,2.101337731817993,1600547,20427,1.29277973448867
1956:Q1,1585800,577339,424188,2484,466,150201,366100,292720,38709,3925,30746,0,307263,295969,11294,162456,82202,66841,13413,155948,151563,3894,491,16694,42233,2642,39591,25539,7074,18465,1585800,47311,3.075182935077005,1643304,42757,2.671369909321963
1956:Q2,1605467,588176,433166,2555,479,151976,372304,297111,39220,3975,31998,0,299171,287975,11196,166558,85212,67331,14015,161766,157406,3855,505,17492,43237,2591,40646,25745,6899,18846,1605467,19668,1.240229394612009,1653447,10143,0.617255727615708
1956:Q3,1626795,599584,440946,2651,491,155496,376785,301342,40009,4047,31387,0,294160,283323,10837,171035,88383,67989,14663,167157,162754,3885,518,18074,44455,2565,41890,26381,6805,19576,1626795,21328,1.328476234229798,1672063,18616,1.125905947069677
1956:Q4,1668684,608091,445773,2726,502,159090,378822,302998,40429,4110,31285,0,318509,308577,9932,173094,89332,68423,15339,170002,165507,3966,529,20166,46467,2625,43842,26301,6961,19340,1668684,41888,2.574899388761243,1710505,38441,2.299022166684238
1957:Q1,1677765,619062,453596,2824,516,162126,383076,306042,41294,4200,31540,0,304948,294202,10746,176317,90294,69959,16064,172591,168045,4006,540,21771,47562,2486,45076,25791,6621,19170,1677765,9081,0.544194974851769,1723436,12932,0.756007711202153
1957:Q2,1719128,630621,461358,2873,529,165861,387001,309176,41393,4261,32171,0,322929,313405,9524,178278,91919,69530,16829,177518,172924,4044,550,22781,49531,2645,46886,26750,7112,19638,1719128,41363,2.465379041111161,1760604,37168,2.156609779673401
1957:Q3,1710585,639368,468792,2952,542,167082,391538,312497,41907,4336,32797,0,295944,286237,9707,180384,92652,70121,17611,179027,174353,4112,562,24324,50246,2388,47858,25922,6484,19438,1710585,-8543,-0.496946879886555,1759071,-1532,-0.087043857612699
1957:Q4,1723811,643760,471674,3050,555,168481,393644,313203,42760,4392,33289,0,300434,290963,9471,182371,93488,70483,18400,178248,173484,4190,574,25354,51318,2233,49085,25964,6091,19873,1723811,13226,0.773204455092641,1775857,16785,0.954218849608247
1958:Q1,1741927,644332,468427,3092,571,172242,400103,316188,42744,4500,36671,0,313178,304201,8977,181513,92639,69686,19188,176905,172109,4208,588,25896,52351,2320,50031,26455,6328,20127,1741927,18116,1.050906741938755,1809248,33391,1.88029596102747
1958:Q2,1776396,650040,474349,3155,589,171947,404384,319557,43115,4534,37178,0,328208,320229,7979,184692,94938,69806,19948,182069,177211,4256,602,27003,53879,2514,51365,26876,6840,20036,1776396,34469,1.97878421140563,1836431,27183,1.502460368722029
1958:Q3,1828559,660429,484262,3205,608,172354,407858,321474,43331,4556,38497,0,358018,351178,6840,188342,96788,70864,20690,186946,181991,4337,618,26966,55061,2786,52275,28095,7537,20558,1828559,52164,2.936493959302607,1890534,54102,2.946053008280498
1958:Q4,1862023,670318,493819,3263,628,172608,409858,323570,43677,4596,38015,0,373794,368109,5685,191377,98262,71695,21420,189731,184588,4507,636,26945,56400,3095,53305,29455,8305,21150,1862023,33463,1.830046861234183,1920781,30247,1.599923649135008
1959:Q1,1880710,674228,493678,3341,648,176561,412381,325796,44145,4582,37858,0,381081,375414,5667,192907,98056,72723,22128,193453,188456,4343,654,26660,57028,3193,53835,30368,8475,21893,1880710,18687,1.00357771531362,1941097,20316,1.057701069301592
1959:Q2,1910631,686606,504127,3414,669,178396,415158,328916,44570,4698,36974,0,394609,390113,4496,194597,98094,73668,22835,193512,188365,4476,671,26149,58947,3451,55496,32798,9039,23759,1910631,29921,1.590953228249987,1968830,27733,1.42873455177317
1959:Q3,1917719,697402,513598,3487,690,179627,417184,331781,44945,4825,35634,0,386344,381606,4738,196426,97969,74915,23542,194355,189058,4609,688,26008,59599,3452,56147,33591,8906,24685,1917719,7088,0.371002738371118,1982083,13253,0.673126582331764
1959:Q4,1955455,706025,521544,3550,710,180221,419022,334803,45090,4964,34165,0,411460,407587,3873,198000,97949,75803,24248,195147,189729,4714,704,25801,60375,3689,56686,34574,9363,25211,1955455,37736,1.967750328298244,2015757,33674,1.698911460135654
1960:Q1,1957741,720533,534527,3599,728,181679,423938,338815,45215,4971,34937,0,390380,386175,4205,198836,97775,76077,24984,197145,191590,4836,719,26909,61218,3544,57674,34309,8811,25498,1957741,2285,0.116868596101523,2024152,8396,0.416509717901627
1960:Q2,1980601,726937,539185,3672,747,183333,427152,342539,45554,4980,34080,0,399925,397227,2698,199945,97388,76806,25751,199370,193701,4932,737,27272,62507,3753,58754,35235,9081,26154,1980601,22861,1.167698147183318,2042171,18019,0.890176058058986
1960:Q3,1972356,734743,545818,3726,766,184433,431470,346090,45617,5057,34705,0,372691,370252,2439,203794,99527,77741,26526,202031,196252,5024,755,27627,63098,3580,59518,35471,8460,27011,1972356,-8246,-0.41632229762562,2037561,-4610,-0.225732569597828
1960:Q4,2028797,737554,547589,3760,784,185421,434721,349081,45486,5154,35000,0,418410,418366,44,205213,99524,78386,27303,204358,198461,5123,774,28541,65461,3984,61477,36920,9302,27618,2028797,56442,2.861641022313726,2090794,53233,2.612578536168169
1961:Q1,2077037,736012,545980,3809,807,185416,439313,353486,45387,5189,35250,0,460327,462098,-1771,205643,98066,79476,28101,207217,201205,5219,793,28525,67165,4479,62686,38640,10468,28172,2077037,48239,2.377733385367312,2141244,50451,2.412987264503244
1961:Q2,2099048,748140,556950,3863,830,186497,444443,359271,45357,5253,34562,0,457979,460932,-2953,208956,99986,80031,28939,210077,203955,5309,813,29453,68251,4440,63811,38798,10536,28262,2099048,22011,1.059725691731703,2163943,22698,1.060049232304117
1961:Q3,2132924,759563,567010,3919,855,187779,451106,364646,45327,5365,35768,0,469130,472830,-3700,210214,99423,80981,29810,212982,206750,5398,834,29929,70358,4524,65834,40429,10900,29529,2132924,33877,1.613907466008362,2200395,36452,1.6845361301905
1961:Q4,2197391,769627,576368,3989,882,188388,457534,370084,45399,5480,36571,0,506973,490857,16116,215738,103011,82023,30704,216826,210486,5485,855,30693,72101,4902,67199,41408,11808,29600,2197391,64467,3.022460303925724,2256322,55927,2.541677719292903
1962:Q1,2209430,779418,584759,4053,914,189692,464445,375806,45610,5497,37532,0,495628,480596,15032,217177,102859,82733,31585,221114,214663,5572,879,31648,73513,4878,68635,41865,11548,30317,2209430,12038,0.547853374981554,2269290,12968,0.57475664679203
1962:Q2,2118030,786529,590011,4122,946,191450,470224,381404,45860,5560,37400,0,381500,380584,916,220171,103376,84311,32484,225090,218520,5670,900,34516,74099,3847,70252,39583,8793,30790,2118030,-91399,-4.136779433600966,2174501,-94789,-4.17704015834545
1962:Q3,2163021,793700,594920,4191,979,193610,476883,386448,46104,5608,38723,0,402799,400127,2672,226509,106916,86187,33406,228173,221486,5764,923,34957,75385,4185,71200,40428,9267,31161,2163021,44990,2.124161953520174,2213953,39452,1.814308390388606
1962:Q4,2274609,803579,603604,4245,1011,194719,482177,391707,46183,5680,38607,0,491602,481109,10493,230254,107166,88720,34368,232175,225373,5856,946,34822,77078,4714,72364,42256,10336,31920,2274609,111588,5.158904791120305,2318958,105004,4.742845556104756
1963:Q1,2320785,813445,611427,4309,1046,196663,486141,395833,46456,5672,38180,0,518713,504640,14073,231593,107774,88354,35465,235562,228614,5976,972,35331,79175,4943,74232,43844,10950,32894,2320785,46176,2.030082855488277,2353298,34340,1.480830017228294
1963:Q2,2361122,817644,612853,4372,1085,199334,488799,398720,46718,5734,37628,0,543580,525648,17932,235393,109318,89374,36701,239747,232637,6110,1000,35959,81622,5053,76569,45663,11526,34137,2361122,40337,1.738082309659599,2385486,32188,1.36779354447801
1963:Q3,2404650,830885,623306,4448,1125,202006,490280,400424,47119,5832,36905,0,566570,544521,22049,237895,110582,89225,38088,243351,236078,6242,1031,35669,82575,5094,77481,46906,12031,34875,2404650,43528,1.843520591971559,2427373,41887,1.755911137836083
1963:Q4,2406687,839160,628622,4529,1168,204841,495123,405397,47570,5958,36198,0,546786,527849,18937,240733,110868,90317,39548,248056,240596,6396,1064,36829,84233,5145,79088,47404,12485,34919,2406687,2037,0.084693979731879,2422304,-5069,-0.20883985604445
1964:Q1,2452447,843875,630274,4611,1211,207779,497956,408367,48049,5982,35558,0,577742,555542,22200,243250,111753,90463,41034,251895,244260,6538,1097,37729,86018,5300,80718,48289,13137,35152,2452447,45760,1.901366101820955,2468832,46528,1.920830609644682
1964:Q2,2503565,860171,643749,4697,1252,210473,505964,416480,48569,6064,34852,0,596449,572261,24188,246568,112748,91353,42467,256035,248203,6701,1131,38378,87613,5332,82281,49235,13468,35767,2503565,51119,2.08439478539269,2513046,44214,1.790890668286311
1964:Q3,2545056,869243,649814,4785,1294,213350,511994,421549,49076,6135,35234,0,616316,590228,26088,248647,113400,91414,43833,260245,252231,6850,1164,38611,89549,5352,84197,50938,13766,37172,2545056,41490,1.657252253476799,2559502,46456,1.848583194884813
1964:Q4,2596591,884106,662499,4873,1334,215400,521649,430762,49565,6186,35136,0,638606,615815,22791,250988,114031,91830,45127,264751,256533,7023,1195,36491,92885,5270,87615,56394,13835,42559,2596591,51535,2.02491924341028,2603766,44264,1.729406101180179
1965:Q1,2642594,895205,669614,4969,1375,219247,529002,436131,50330,6223,36318,0,656546,631768,24778,252626,114950,91259,46417,270614,262188,7197,1229,38601,95168,5180,89988,56567,13914,42653,2642594,46003,1.771661824942817,2647483,43717,1.679003028876805
1965:Q2,2649452,903705,675093,5055,1420,222137,536956,441749,50958,6304,37945,0,633962,613415,20547,257209,117306,92105,47798,276863,268229,7370,1264,40757,97094,4809,92285,56337,13279,43058,2649452,6858,0.259533314653783,2644419,-3065,-0.115753741218782
1965:Q3,2727017,912547,681036,5170,1468,224873,542737,446931,51828,6405,37573,0,689814,664066,25748,258922,117395,92251,49276,282442,273627,7511,1304,40555,98686,5041,93645,58131,14296,43835,2727017,77564,2.92755241666842,2722245,77827,2.943055015493674
1965:Q4,2817395,930942,696286,5257,1522,227877,556907,458451,52384,6463,39609,0,731114,701781,29333,262979,119241,92859,50879,288476,279422,7708,1346,46977,106076,5048,101028,59099,14599,44500,2817395,90379,3.314204502689592,2802655,80410,2.953801014466972
1966:Q1,2820012,935825,696079,5366,1573,232807,562677,461800,53219,6545,41113,0,712791,686597,26194,265698,120999,92154,52545,294373,285069,7912,1392,48648,107344,4846,102498,58696,14027,44669,2820012,2617,0.092870050663534,2809260,6605,0.235658722644517
1966:Q2,2866161,971324,726016,5501,1626,238181,579295,476890,54300,6605,41501,0,687797,664686,23111,271968,124022,93720,54226,304753,295191,8124,1438,51024,109520,4592,104928,58496,12923,45573,2866161,46150,1.636502472793195,2841437,32177,1.145395488501617
1966:Q3,2829270,979823,728570,5636,1681,243936,586274,481986,55400,6636,42252,0,625258,611361,13897,274953,125020,94024,55909,311212,301397,8330,1485,51750,110537,4122,106415,58787,11455,47332,2829270,-36891,-1.287129574204461,2813105,-28332,-0.997096121803675
1966:Q4,2927488,1005994,748935,5795,1738,249526,597837,493570,56839,6690,40738,0,676093,645873,30220,278893,125613,95719,57561,318877,308731,8612,1534,49794,111570,4324,107246,61776,12643,49133,2927488,98218,3.47148352929265,2902140,89035,3.1650175801188
1967:Q1,3034316,1013807,753320,5920,1795,252772,603396,498692,57690,6681,40333,0,761017,726471,34546,282480,127263,95982,59235,325805,315386,8834,1585,47811,113787,4875,108912,65976,16002,49974,3034316,106828,3.649123137067995,3008271,106131,3.656984497404983
1967:Q2,3080941,1028922,762765,6047,1854,258256,612204,504857,58612,6748,41986,0,775177,744556,30621,287232,128614,97624,60994,331364,320684,9040,1640,46042,116280,4919,111361,70238,19156,51082,3080941,46625,1.536598800258829,3049299,41028,1.363826036066837
1967:Q3,3167582,1047820,774483,6175,1917,265245,619661,511908,59571,6855,41327,0,824341,782410,41931,293256,131182,99230,62844,340629,329686,9247,1696,41875,119266,5227,114039,77391,23588,53803,3167582,86641,2.812169560326005,3135933,86634,2.841109632598084
1967:Q4,3244128,1074447,794221,6317,1984,271925,631467,522958,60639,7023,40847,0,845996,820812,25184,299818,134421,100596,64801,348994,337658,9580,1756,43406,125183,5238,119945,81777,25511,56266,3244128,76545,2.416526338113942,3203591,67658,2.157523669867569
1968:Q1,3261553,1104937,817753,6435,2050,278699,645330,533779,61491,7151,42908,0,800697,765534,35163,303856,136565,100520,66771,361012,349347,9844,1821,45721,127631,4938,122693,81910,24631,57279,3261553,17425,0.537131148079194,3225968,22377,0.698486634285401
1968:Q2,3413410,1130394,836122,6573,2120,285579,657367,543214,62520,7189,44444,0,904738,845440,59298,307734,137314,101619,68801,368721,356784,10048,1889,44456,131056,5750,125306,86600,28212,58388,3413410,151857,4.655969515858403,3363854,137886,4.27426749141173
1968:Q3,3473375,1152220,849479,6714,2195,293832,666645,550907,63566,7229,44944,0,924956,848238,76718,312231,139258,102080,70893,373500,361283,10256,1961,43823,134328,6104,128224,90505,28883,61622,3473375,59966,1.756762885695785,3425865,62010,1.843431014559856
1968:Q4,3662398,1200785,889605,6876,2274,302030,685641,569262,64811,7321,44247,0,1022500,968199,54301,319583,143061,103491,73031,387058,374457,10564,2037,46831,140390,6452,133938,93559,29517,64042,3662398,189023,5.442058677980572,3595390,169525,4.948388616598236
1969:Q1,3680624,1233251,914582,7036,2344,309289,699774,580615,65845,7436,45878,0,974955,930024,44931,325993,147111,103572,75310,399410,386473,10821,2116,47241,142994,6516,136478,95753,28598,67155,3680624,18226,0.497643224391763,3612773,17384,0.483495242898952
1969:Q2,3709882,1259344,932881,7208,2417,316838,713704,591182,66998,7506,48018,0,941770,906545,35225,334385,151093,105644,77648,413770,400493,11081,2196,46909,146313,6737,139576,99404,27895,71509,3709882,29258,0.794932292138749,3620191,7418,0.205325402756145
1969:Q3,3735223,1278153,945017,7409,2491,323236,721309,598403,68456,7645,46805,0,923399,881818,41581,337517,152270,105202,80045,423697,410046,11367,2284,51148,149206,6763,142443,98058,26633,71425,3735223,25340,0.683050831905113,3642142,21951,0.606346631222676
1969:Q4,3764030,1308683,968674,7605,2568,329836,734622,609003,69959,7756,47903,0,888656,851436,37220,343047,154673,105910,82464,438039,423875,11791,2373,50983,153848,6953,146895,102865,26761,76104,3764030,28807,0.771222583444787,3660242,18100,0.496965181670756
1970:Q1,3781803,1318327,973544,7805,2644,334334,744225,616240,71413,7892,48680,0,865288,826399,38889,350816,157966,107935,84915,450970,436392,12111,2467,52177,157279,6749,150530,105102,25996,79106,3781803,17774,0.472199775464678,3687970,27728,0.7575395161342
1970:Q2,3716294,1356816,1006440,7995,2718,339663,766813,637157,72836,7932,48888,0,711694,697732,13962,357917,161636,108995,87286,467739,452810,12367,2562,55315,158681,5713,152968,103366,21457,81909,3716294,-65510,-1.7322330611508,3624621,-63349,-1.717726918537116
1970:Q3,3848580,1362891,1005793,8169,2791,346138,766767,636223,74170,8028,48346,0,820178,794260,25918,363003,163847,109541,89615,482361,467076,12628,2657,53380,161196,6471,154725,107816,24473,83343,3848580,132286,3.559626689473035,3752351,127731,3.523969905857054
1970:Q4,3990286,1390872,1025204,8354,2862,354452,778647,648064,75679,8142,46762,0,896230,867549,28681,370169,168165,110090,91914,499590,483690,13154,2746,54778,166764,6573,160191,111986,27209,84777,3990286,141706,3.682031279038089,3875615,123264,3.284974118729723
1971:Q1,4147975,1427159,1051931,8579,2936,363713,801879,666254,77253,8282,50090,0,980748,940553,40195,376450,172118,110250,94082,512790,496505,13451,2834,48949,167703,7287,160416,118754,30545,88209,4147975,157689,3.951816066355393,4038266,162651,4.196778827975633
1971:Q2,4220645,1461016,1078498,8773,3007,370738,822799,684249,78606,8288,51656,0,980665,946784,33881,382823,175923,110836,96064,526005,509411,13672,2922,47337,171144,7486,163658,123807,29701,94106,4220645,72670,1.751943983986311,4112149,73882,1.829558275962533
1971:Q3,4266642,1490789,1104238,8921,3077,374553,842003,702377,79567,8279,51780,0,971554,933310,38244,386451,178150,110427,97874,536317,519408,13898,3011,39528,173468,7218,166250,133940,29859,104081,4266642,45997,1.08980204312995,4172516,60368,1.468034822729979
1971:Q4,4395721,1517895,1127739,9063,3143,377950,861879,719630,80393,8216,53640,0,1032869,993331,39538,391164,182422,109194,99548,550710,533464,14148,3098,41204,181277,7641,173636,140073,30811,109262,4395721,129079,3.025316935844435,4294158,121641,2.915301058459121
1972:Q1,4570070,1570890,1171254,9454,3215,386967,887510,742508,81844,8337,54821,0,1085066,1039183,45883,427954,185589,141135,101230,563316,545649,14479,3188,35334,181719,8779,172940,146385,33513,112872,4570070,174349,3.966340925313314,4452478,158320,3.686878852116911
1972:Q2,4626501,1600642,1192509,9833,3292,395008,910211,760606,83073,8362,58169,0,1085052,1044038,41014,423607,189858,130622,103127,572273,554204,14791,3278,34716,184601,9359,175242,149885,33803,116082,4626501,56430,1.234782608810342,4517336,64857,1.456657753806827
1972:Q3,4736073,1649565,1232534,10196,3371,403464,936108,783638,84119,8342,60009,0,1111777,1067161,44616,422646,197234,120250,105162,585853,567389,15090,3374,30124,187497,9616,177881,157373,35099,122274,4736073,109573,2.368368871594138,4642659,125323,2.774271211545865
1972:Q4,4998513,1714191,1290675,10558,3458,409500,969759,812021,85051,8279,64408,0,1242108,1198703,43405,424734,205043,112319,107372,603135,584266,15403,3466,44586,211377,10537,200840,166791,39059,127732,4998513,262439,5.541284042602878,4889284,246625,5.312157092293076
1973:Q1,5004203,1758700,1322715,11001,3553,421431,1008058,841729,87153,8349,70828,257,1151005,1138052,12953,435535,212754,112871,109910,623444,604043,15826,3575,27204,200426,12272,188154,173222,37594,135628,5004203,5691,0.113845456372016,4913282,23998,0.490827829497223
1973:Q2,5076764,1819177,1369699,11537,3668,434273,1053771,877440,89916,8383,78032,506,1076274,1081837,-5563,449578,219994,116763,112821,644767,624687,16374,3706,32691,205094,11887,193207,172403,34552,137851,5076764,72561,1.450003432073073,4952921,39639,0.806769898217104
1973:Q3,5298220,1891339,1430284,12057,3806,445192,1101651,918459,92526,8415,82250,735,1144475,1142839,1636,461882,226697,119108,116077,665888,645037,16990,3861,32250,208735,11711,197024,176485,37905,138580,5298220,221455,4.362133859759022,5134009,181088,3.656193590594838
1973:Q4,5294382,1943353,1472632,12517,3967,454237,1137616,952736,94516,8450,81914,950,996779,1010724,-13945,470817,232712,118393,119712,692867,671307,17519,4041,52000,222671,10026,212645,170671,33516,137155,5294382,-3837,-0.072424031045278,5098548,-35461,-0.690708421901766
1974:Q1,5349294,1944537,1462386,13193,4139,464819,1167150,981955,97210,8606,79379,1146,972177,991479,-19302,485192,239841,121833,123518,730848,708237,18381,4230,48244,225780,10625,215155,177536,34242,143294,5349294,54912,1.037167357836594,5128135,29586,0.580290526395777
1974:Q2,5398032,1962314,1461485,14046,4306,482477,1199806,1015815,101121,8745,74125,1343,894853,946073,-51220,498464,249724,121507,127233,784537,760756,19376,4405,56715,231750,9769,221981,175035,30543,144492,5398032,48738,0.911115624703264,5110992,-17143,-0.334291979562488
1974:Q3,5398471,2002139,1475406,15167,4466,507100,1253390,1056064,107047,8872,81407,1530,714867,772523,-57656,521529,263858,126912,130759,841279,815983,20731,4565,63736,238888,8388,230500,175152,24012,151140,5398471,438,0.008120143985797,5071166,-39825,-0.77921204946086
1974:Q4,5507996,2064503,1517696,16435,4615,525757,1292560,1092686,114459,8952,76463,1706,662399,722202,-59803,539658,278687,126812,134159,879746,852740,22293,4713,67425,248685,9011,239674,181260,23921,157339,5507996,109526,2.028831454560151,5209755,138589,2.732884971577267
1975:Q1,5935834,2142419,1582858,17398,4768,537395,1328110,1125228,119509,9094,74279,1829,940795,994200,-53405,551822,285213,129318,137291,901134,872974,23303,4857,69725,259527,11291,248236,189802,30308,159494,5935834,427838,7.767577331179698,5461816,252061,4.838253078873722
1975:Q2,6170631,2216083,1642027,18153,4903,551000,1365071,1151517,123212,9291,81050,1921,1048247,1097245,-48998,560180,285856,134303,140021,906443,877350,24099,4994,72686,265567,10805,254762,192881,35096,157785,6170631,234797,3.955577560957704,5694553,232736,4.261151236047362
1975:Q3,6139957,2228654,1642336,18651,5025,562642,1388241,1171453,125261,9265,82262,2015,970323,1028519,-58196,563336,286492,134474,142370,910817,880924,24768,5125,76571,268730,9108,259622,192159,32046,160113,6139957,-30674,-0.497100017548573,5690632,-3921,-0.068846988997206
1975:Q4,6301905,2286339,1684206,19180,5136,577817,1413721,1196957,127374,9264,80126,2135,1024717,1085475,-60758,572094,288182,139536,144376,918768,888025,25495,5248,84131,279214,9585,269629,195083,33399,161684,6301905,161948,2.637616157273512,5858630,167998,2.952189937278292
1976:Q1,6515042,2334914,1717934,19842,5250,591888,1441839,1222964,130399,9318,79158,1837,1137716,1191688,-53972,584543,291817,146487,146239,929453,897966,26118,5369,84740,288440,9885,278555,203700,39514,164186,6515042,213136,3.382095507940465,6057958,199327,3.402282910101502
1976:Q2,6695497,2420257,1789837,20418,5419,604583,1491685,1266334,132831,9496,83024,1861,1152742,1206601,-53859,592958,296556,147244,149158,942696,910390,26799,5507,93298,296325,9642,286683,203027,39559,163468,6695497,180455,2.76982601658644,6234932,176974,2.921345335042008
1976:Q3,6815363,2471450,1826561,21082,5572,618235,1526239,1302418,135743,9639,78439,1799,1173447,1228451,-55004,604691,303708,149043,151940,948504,915385,27469,5650,89233,302898,9283,293615,213665,40120,173545,6815363,119866,1.790249139296808,6351184,116252,1.864527704866416
1976:Q4,7046353,2543163,1880025,21838,5735,635565,1568517,1341057,139076,9686,78698,1943,1230083,1287687,-57604,619525,311938,152580,155007,958936,925030,28100,5806,124186,370629,9453,361176,246443,47475,198968,7046353,230990,3.389251166014285,6519976,168792,2.657650963332762
1977:Q1,7152709,2630038,1949358,22450,5882,652348,1613769,1381470,142540,9824,79935,1803,1173432,1235077,-61645,632426,315880,158898,157648,976681,942054,28671,5956,124560,375650,9591,366059,251090,44313,206777,7152709,106356,1.509375352961396,6628387,108412,1.662760571955444
1977:Q2,7358027,2742978,2047570,23059,6053,666296,1656354,1421959,145843,9914,78638,1927,1199523,1264315,-64792,643294,320108,162519,160667,991013,955541,29356,6116,122938,384102,9823,374279,261164,46038,215126,7358027,205319,2.870504411354269,6807387,179000,2.700502652522593
1977:Q3,7490933,2839326,2125108,23729,6239,684250,1707140,1467924,149508,9968,79740,1877,1172474,1240524,-68050,646157,319288,162851,164018,1009102,972754,30064,6284,114857,389870,10252,379618,275013,44502,230511,7490933,132906,1.806272243683248,6947734,140347,2.061687583645033
1977:Q4,7664036,2947298,2211304,24480,6434,705080,1762656,1512675,153767,10008,86205,1711,1154957,1230141,-75184,656003,321005,167403,167595,1023738,986408,30871,6459,117673,409235,10110,399125,291562,45129,246433,7664036,173102,2.310824522095415,7106422,158688,2.284019676778484
1978:Q1,7837158,3042450,2286391,25249,6657,724153,1832785,1567898,157880,10337,96669,1858,1130179,1207316,-77137,670938,326284,173592,171062,1041163,1002764,31749,6650,117785,420426,10544,409882,302641,43234,259407,7837158,173122,2.258885345864944,7279931,173509,2.441585168178679
1978:Q2,8157838,3172610,2392252,26115,6894,747349,1903380,1627928,162884,10561,102007,1937,1206281,1282063,-75782,690309,335604,180071,174634,1069249,1029713,32674,6862,114072,426343,10730,415613,312271,47584,264687,8157838,320680,4.091795736528458,7529101,249169,3.422687916222634
1978:Q3,8441462,3288677,2483986,27005,7164,770522,1969756,1685335,168329,10779,105313,2082,1275945,1353180,-77235,707383,344482,184150,178751,1097674,1056941,33644,7089,99945,431532,11832,419700,331587,51327,280260,8441462,283624,3.476700738930245,7775642,246542,3.274518151261691
1978:Q4,8684354,3408033,2577511,27912,7463,795147,2038866,1742628,173996,10958,111284,1973,1249550,1339584,-90034,722130,350840,188067,183223,1126093,1084343,34412,7338,137709,476919,11236,465683,339210,47859,291351,8684354,242892,2.877371052549937,7957259,181617,2.335713928146403
1979:Q1,9055732,3562042,2704236,28853,7779,821174,2125824,1806493,181008,11220,127103,2065,1331283,1417903,-86620,742072,363959,190086,188027,1156678,1113232,35827,7619,135768,495200,11735,483465,359432,51322,308110,9055732,371378,4.276404769062292,8268015,310756,3.90531667954479
1979:Q2,9402974,3717645,2832579,29758,8116,847192,2214007,1884491,187908,11581,130027,2315,1362750,1446519,-83769,760950,375832,191841,193277,1199040,1154194,36935,7911,146267,507654,12022,495632,361387,52534,308853,9402974,347242,3.834499218787094,8540573,272557,3.296527987499111
1979:Q3,9757671,3845429,2937035,30635,8482,869277,2300944,1963857,194803,11869,130415,2495,1433365,1521046,-87681,782528,388795,194756,198977,1247485,1201642,37610,8233,145425,530599,14087,516512,385174,55881,329293,9757671,354697,3.772181230402326,8823823,283250,3.316523166368814
1979:Q4,10111725,3962150,3025997,31525,8850,895778,2378703,2033458,202094,12203,130949,2694,1493076,1589506,-96430,800182,397310,198111,204761,1296016,1248901,38561,8554,178904,568791,14803,553988,389887,55434,334453,10111725,354054,3.628470463648524,9104386,280564,3.17961670122236
1980:Q1,10372553,4113377,3142501,32849,9252,928775,2450492,2100246,209107,12533,128605,1594,1465107,1580527,-115420,816287,405210,199547,211530,1343390,1294569,39911,8910,182306,585371,14344,571027,403065,53575,349490,10372553,260827,2.579452921060363,9297039,192653,2.116044219251643
1980:Q2,10793646,4224000,3229277,34074,9621,951028,2528520,2167113,215949,12894,132565,2036,1615345,1714238,-98893,841414,414842,208682,217890,1393296,1342658,41368,9270,189035,601384,17548,583836,412349,60991,351358,10793646,421094,4.059694350537399,9643675,346636,3.728450895980254
1980:Q3,11228176,4369921,3354028,35214,9989,970690,2608462,2237962,222425,13315,134760,2022,1741344,1844366,-103022,861754,428874,208624,224256,1450874,1398442,42801,9631,193799,613730,19083,594647,419931,67590,352341,11228176,434529,4.025786984163484,10037709,394034,4.085933460743915
1980:Q4,11644465,4451457,3413722,36150,10389,991196,2689178,2313816,227614,13666,134082,2172,1893089,2001384,-108295,888644,441487,216249,230908,1505883,1451854,44026,10003,214042,666577,18930,647647,452535,74586,377949,11644465,416290,3.707546139033342,10362045,324336,3.231176785882658
1981:Q1,11878102,4514991,3458906,37243,10750,1008092,2751405,2368248,234959,14113,134085,2351,1929036,2031197,-102161,903140,447283,218410,237447,1556190,1500540,45266,10384,220989,688739,18883,669856,467750,76834,390916,11878102,233637,2.006420054803902,10557341,195296,1.884723304316685
1981:Q2,12188230,4716030,3637211,38344,11185,1029290,2804507,2410788,242299,14408,137012,2489,1918964,2012138,-93174,924123,453053,226290,244780,1598064,1540605,46703,10756,224053,703496,18417,685079,479443,78076,401367,12188230,310128,2.610922449650665,10842575,285234,2.701757288202961
1981:Q3,12277500,4842252,3743288,39224,11567,1048173,2839678,2445487,248209,14812,131170,2259,1781134,1882575,-101441,944126,457580,235398,251148,1636858,1578225,47526,11107,231193,711327,15333,695994,480134,69484,410650,12277500,89270,0.732423892168516,10943837,101262,0.933931329443184
1981:Q4,12610949,4916986,3803851,40085,12053,1060997,2883139,2485585,253950,15311,128293,2191,1914322,1995857,-81535,960014,463386,237973,258655,1670133,1609908,48747,11478,264165,757580,16467,741113,493415,74683,418732,12610949,333450,2.715940250104356,11255734,311897,2.849975962472204
1982:Q1,12581180,5030606,3903891,40830,12379,1073506,2932137,2524585,257127,15410,135014,2192,1775540,1864524,-88984,973411,469817,238930,264664,1698235,1636945,49450,11840,169059,591922,14044,577878,422862,68554,354308,12581180,-29769,-0.236057008646028,11392782,137048,1.217585517615336
1982:Q2,12751465,5075210,3935371,41669,12713,1085457,2969346,2554064,260968,15629,138685,2287,1771823,1869237,-97414,1002884,476555,256023,270306,1731602,1669042,50368,12192,198313,615585,13513,602072,417271,67704,349567,12751465,170285,1.353488953312847,11525159,132377,1.161939178753882
1982:Q3,12943919,5096901,3948646,42230,13032,1092993,2986686,2575497,263285,16003,131900,2532,1896314,1971827,-75513,1009626,479615,254603,275408,1755692,1691847,51330,12515,196168,614531,13693,600838,418363,74449,343914,12943919,192453,1.509264659939555,11750848,225689,1.958230054651093
1982:Q4,13231944,5147965,3989640,42670,13405,1102250,3005156,2589753,265251,16566,133586,2994,2091246,2177802,-86556,1024488,480445,263111,280932,1762494,1697641,52025,12828,197601,651748,17442,634306,454147,88324,365823,13231944,288025,2.22517803376035,12078016,327168,2.784207528912532
1983:Q1,13516035,5221734,4047656,43250,13682,1117146,3041159,2618859,265412,16582,140305,3171,2232860,2313285,-80425,1032538,480588,265856,286094,1770069,1704149,52776,13144,214505,666556,19401,647155,452051,98625,353426,13516035,284092,2.147012853860101,12414503,336487,2.785943335168612
1983:Q2,13798315,5290132,4100094,43777,13933,1132328,3052537,2634449,265470,16796,135822,3402,2425903,2489338,-63435,1046336,481326,274235,290775,1772673,1705630,53563,13480,207331,679043,22898,656145,471712,110389,361323,13798315,282279,2.088475977668528,12713367,298864,2.407375146145787
1983:Q3,13903820,5365194,4154821,44367,14299,1151707,3075873,2663921,265973,17282,128697,3408,2395668,2474576,-78908,1068516,488049,283509,296958,1779355,1710951,54544,13860,215806,700488,24289,676199,484682,110130,374552,13903820,105506,0.764626642009184,12874213,160846,1.265173854603914
1983:Q4,14084813,5444616,4209746,45262,14644,1174964,3120868,2704844,268062,17915,130047,3642,2382029,2416355,-34326,1084610,491876,289714,303020,1784726,1715008,55465,14253,264322,807350,26154,781196,543028,109555,433473,14084813,180993,1.30175023196507,12975073,100861,0.783431976500565
1984:Q1,14251524,5651389,4395429,45872,14989,1195099,3144250,2720812,269351,18024,136063,3686,2245636,2349559,-103923,1117576,503345,304153,310078,1794250,1722890,56696,14664,294737,834620,28801,805819,539883,105627,434256,14251524,166711,1.183623398689859,13215524,240451,1.8531769715927
1984:Q2,14408496,5827923,4542505,46612,15202,1223604,3164136,2738911,271346,18478,135401,3322,2181749,2300906,-119157,1135057,503562,316231,315264,1811797,1739093,57657,15047,284512,856746,25051,831695,572234,100731,471503,14408496,156972,1.101439804226322,13441279,225754,1.708250300759584
1984:Q3,14728890,5991339,4682643,47316,15499,1245881,3190023,2765063,273073,19160,132727,3821,2300338,2386190,-85852,1157888,505415,331290,321183,1828761,1754451,58878,15432,256721,849464,25456,824008,592743,107372,485371,14728890,320394,2.223644815573254,13772993,331714,2.467878954338023
1984:Q4,14929481,6149614,4816178,48100,15698,1269638,3221700,2789414,275477,19854,136955,3966,2319473,2393214,-73741,1182183,512526,344428,325229,1845356,1769715,59829,15812,207189,830772,25994,804778,623582,104852,518730,14929481,200591,1.361890133375668,14057391,284397,2.064891127857151
1985:Q1,15333652,6326852,4962883,48555,15968,1299446,3248343,2813346,276396,20214,138387,4284,2501552,2555704,-54152,1189841,517854,340820,331167,1865761,1788066,61480,16215,197018,840817,30324,810493,643799,112979,530820,15333652,404170,2.707195125333304,14458823,401433,2.85566955361208
1985:Q2,15661617,6522317,5131451,49116,16221,1325529,3261576,2830101,277918,20620,132937,4552,2634317,2656223,-21906,1193438,522710,333936,336792,1883582,1804079,62914,16589,161835,842890,32398,810492,681054,120428,560626,15661617,327966,2.138862029098588,14796472,337649,2.335243881480007
1985:Q3,15829274,6729321,5312706,49694,16487,1350434,3294305,2863586,279980,21259,129480,4724,2540015,2588823,-48808,1206414,525900,337942,342572,1904937,1823762,64221,16954,149559,854795,37738,817057,705236,115106,590130,15829274,167657,1.070496533001708,15002847,206375,1.394758887209432
1985:Q4,16494369,6935288,5491281,50419,16706,1376882,3353922,2912260,283728,22011,135923,4718,2907185,2901984,5201,1210428,528614,334377,347437,1929568,1846433,65834,17301,153259,981066,44383,936683,827806,136791,691015,16494369,665095,4.201675855345055,15501749,498902,3.325379962279428
1986:Q1,16969327,7078879,5608650,51159,17057,1402013,3382671,2943501,284415,22408,132347,5285,3200576,3128357,72219,1218714,532906,333416,352392,1957516,1872876,66963,17677,125686,1011208,58372,952836,885522,162113,723409,16969327,474958,2.879516491129934,16005788,504039,3.25149857308157
1986:Q2,17295843,7264989,5759538,52297,17420,1435734,3413772,2975024,287953,22842,127953,6157,3305338,3238095,67243,1227833,536692,333749,357392,1991963,1905053,68811,18099,85791,1032499,64259,968240,946708,178274,768434,17295843,326516,1.924151797929624,16382418,376630,2.353085950560511
1986:Q3,17363732,7461602,5908083,53402,17745,1482372,3457095,3016220,291699,23532,125643,6136,3086087,3055834,30253,1242510,541665,338898,361947,2024752,1935718,70492,18542,85550,1063714,72043,991671,978164,172779,805385,17363732,67889,0.392516868039115,16563161,180743,1.103276684484925
1986:Q4,17949519,7644018,6049612,54289,18069,1522048,3498187,3054746,294535,24417,124489,6398,3339295,3294106,45189,1260085,553366,340135,366584,2057519,1965555,72955,19009,144017,1194772,72399,1122373,1050754,183172,867582,17949519,585787,3.373626120999539,17135470,572308,3.455309072922499
1987:Q1,18645138,7824064,6196257,55365,18524,1553918,3543553,3093671,296519,24779,128584,7192,3814323,3745356,68967,1275675,558496,344858,372321,2086759,1993076,74175,19508,93572,1230358,91583,1138775,1136786,228339,908447,18645138,695619,3.875417777746092,17759084,623615,3.639319774331034
1987:Q2,18968567,8011674,6348169,56214,19002,1588289,3579612,3128899,297568,25450,127695,7056,3894890,3830891,63999,1290751,562990,348856,378905,2119943,2024288,75626,20029,64641,1236080,99680,1136400,1171439,242944,928495,18968567,323429,1.734654129773396,18049671,290587,1.636274457539676
1987:Q3,19351214,8192943,6491264,57090,19498,1625091,3615642,3163813,298854,26521,126454,7278,4048163,3985338,62825,1312808,571876,354917,386015,2155127,2057542,77001,20584,19252,1258233,107277,1150956,1238980,259413,979567,19351214,382647,2.017268474962606,18459842,410171,2.272455882722385
1987:Q4,19032950,8330502,6599024,58601,20155,1652722,3669599,3208385,303633,28106,129475,5877,3404216,3424713,-20497,1318182,570498,352545,395139,2180829,2081188,78467,21174,123745,1312281,94700,1217581,1188537,189006,999531,19032950,-318264,-1.644673134155349,18403442,-56400,-0.305530541794889
1988:Q1,19475640,8517225,6756398,59712,20947,1680168,3728172,3258009,307457,29092,133614,6345,3589454,3593467,-4013,1338567,571191,362994,404382,2211258,2109281,80172,21805,84620,1332376,110010,1222366,1247756,199740,1048016,19475640,442691,2.325918429407123,18911201,507759,2.759042294170358
1988:Q2,19889882,8753208,6951651,60742,21684,1719131,3776339,3300172,310739,30379,135049,6500,3728930,3712551,16379,1356270,576432,367559,412279,2235522,2131023,82034,22465,33113,1338442,105733,1232709,1305329,211473,1093856,19889882,414242,2.126975254264279,19344109,432909,2.289166501990056
1988:Q3,20107856,8927680,7085148,61705,22332,1758495,3822935,3340495,313491,32074,136875,6664,3681660,3675222,6438,1374191,585832,369823,418536,2261639,2154327,84178,23134,33086,1360781,108506,1252275,1327695,211836,1115859,20107856,217973,1.095899868859519,19663458,319348,1.650880334074962
1988:Q4,20586078,9095132,7208363,63306,23011,1800452,3877709,3388668,319662,33847,135532,6578,3807811,3808761,-950,1405825,601146,380107,424572,2286272,2176227,86195,23850,106751,1502044,128662,1373382,1395293,213813,1181480,20586078,478222,2.378284317356488,20166586,503129,2.558699495470453
1989:Q1,20993115,9260974,7336428,64584,23750,1836212,3932347,3433238,323247,35276,140586,6649,3968165,3965426,2739,1419010,603078,385044,430888,2310658,2197405,88640,24613,95312,1546404,133621,1412783,1451093,226810,1224283,20993115,407038,1.977248169800805,20594530,427944,2.12204482257188
1989:Q2,21475284,9433813,7479395,65728,24499,1864191,3989362,3486034,326247,36649,140432,6188,4197466,4154166,43300,1439833,610521,392609,436703,2348050,2231979,90633,25438,60571,1563229,137833,1425396,1502657,247993,1254664,21475284,482168,2.296791815674141,21017255,422724,2.052604043176994
1989:Q3,22067578,9672554,7683760,67215,25229,1896350,4024434,3519714,330592,38314,135814,6475,4460374,4412870,47504,1464091,619268,403079,441744,2383198,2263956,92948,26294,56453,1621977,171711,1450266,1565525,275749,1289776,22067578,592295,2.758030121792905,21556834,539579,2.567316215885326
1989:Q4,22469700,9817873,7797521,68558,26019,1925775,4070055,3557102,333527,39929,139497,5788,4631867,4608613,23254,1477700,627901,403015,446784,2412950,2290404,95378,27168,53466,1774931,197345,1577586,1721465,275709,1445756,22469700,402121,1.822226380462084,21959144,402310,1.866275954949301
1990:Q1,22492468,9906239,7842319,70032,26759,1967129,4103999,3584416,336256,40943,142385,5725,4540359,4532181,8178,1493836,631165,410540,452131,2448308,2322803,97455,28050,-5999,1741990,162878,1579112,1747988,260910,1487078,22492468,22768,0.101328670656417,22050264,91120,0.41495407925851
1990:Q2,22821635,9989700,7898508,71144,27537,1992511,4126075,3604708,336848,42362,142158,5497,4701499,4674785,26714,1508945,634840,416292,457813,2485402,2356346,100136,28920,4516,1798067,190890,1607177,1793550,269743,1523807,22821635,329167,1.463455790465149,22321301,271037,1.229177665930212
1990:Q3,22465895,10069351,7952142,72647,28316,2016246,4145204,3618668,338543,44099,143894,5225,4201853,4262824,-60971,1525717,640604,421610,463503,2523478,2390518,103180,29780,-4932,1813837,166628,1647209,1818769,230043,1588726,22465895,-355740,-1.558784169266443,22160224,-161077,-0.7216312662526
1990:Q4,22770871,10097900,7955530,74319,28931,2039120,4158957,3627450,340707,46014,144787,4524,4494828,4536850,-42022,1540998,644532,428892,467574,2541762,2405277,105841,30644,-68098,1726320,197596,1528724,1794418,242615,1551803,22770871,304976,1.357506145319866,22634912,474688,2.142072732854026
1991:Q1,23355132,10150972,7977349,75981,29813,2067829,4153427,3615560,343634,47303,146929,5004,4991239,4978898,12341,1557483,649393,434103,473987,2557969,2417956,108432,31581,-60962,1771492,220890,1550602,1832454,276092,1556362,23355132,584261,2.56582721578213,23178010,543098,2.399382226606346
1991:Q2,23339928,10200828,8009621,76826,30674,2083707,4143790,3612153,342711,48754,140172,5186,4933258,4918756,14502,1566808,654657,433144,479007,2590709,2448562,109796,32351,-100651,1748968,224206,1524762,1849619,276334,1573285,23339928,-15205,-0.065101904934722,23235827,57818,0.249450115544074
1991:Q3,23634329,10252951,8040296,77694,31518,2103443,4112448,3586967,341890,50326,133264,5644,5139314,5103313,36001,1585924,664619,438086,483219,2615680,2471465,111153,33062,-77632,1796224,258216,1538008,1873856,282180,1591676,23634329,294401,1.261362872613551,23541491,305664,1.315484535595129
1991:Q4,24258307,10318399,8090172,78767,32071,2117389,4082622,3556622,341091,51819,133090,5680,5767890,5644115,123775,1592542,662815,445832,483895,2621535,2474531,113302,33702,-130360,1888274,278976,1609298,2018635,291200,1727435,24258307,623978,2.640135673490969,24119839,578347,2.456715635790381
1992:Q1,24207633,10413693,8168857,80072,32669,2132095,4068371,3532868,343173,52461,139869,5685,5783375,5678660,104715,1598407,665706,447937,484764,2637692,2488410,114989,34293,-299590,1879164,257473,1621691,2178754,279172,1899582,24207633,-50674,-0.208894609600533,24169105,49266,0.20425666154761
1992:Q2,24283046,10470088,8202466,80953,33590,2153079,4050967,3514657,342938,53881,139491,5521,5766369,5646662,119707,1613414,671688,453250,488476,2675098,2523316,116740,35042,-298411,1919785,272908,1646877,2218196,280355,1937841,24283046,75413,0.311524591055998,24280516,111411,0.460963945489932
1992:Q3,24514118,10565174,8277121,82042,34469,2171542,4036392,3497867,342624,55451,140450,6048,5883154,5750095,133059,1628432,677542,458870,492020,2703786,2549900,118036,35850,-308869,1958300,296190,1662110,2267169,285368,1981801,24514118,231072,0.951578163841917,24627955,347439,1.430937177939082
1992:Q4,25051361,10652429,8340768,82840,35566,2193255,4029954,3489791,341465,57225,141474,5889,6397540,6151125,246415,1652145,689103,465812,497230,2738425,2581990,119708,36727,-425021,1895532,314266,1581266,2320553,308847,2011706,25051361,537243,2.19156725156477,25227904,599949,2.436049108332142
1993:Q1,25339110,10673004,8347347,83413,35844,2206400,4059686,3511525,342948,58190,147023,6875,6566098,6290399,275699,1667768,697592,472564,497612,2778421,2619300,121589,37532,-412743,1968632,365074,1603558,2381375,323329,2058046,25339110,287749,1.148635267354054,25560153,332250,1.316992338023966
1993:Q2,25552184,10792832,8436238,83928,36414,2236252,4078815,3531400,344477,59415,143523,6516,6545119,6287590,257529,1677188,703603,473061,500524,2816003,2654561,123225,38217,-364289,2062447,426520,1635927,2426736,320431,2106305,25552184,213075,0.840892049524517,25823822,263669,1.031562747365288
1993:Q3,25888302,10916010,8529014,84400,36717,2265879,4104677,3559356,345553,60375,139393,7255,6688790,6380073,308717,1689330,708735,479210,501385,2837242,2673529,124904,38809,-355001,2161330,491186,1670144,2516331,327673,2188658,25888302,336118,1.31541714102974,26222917,399094,1.545450170204082
1993:Q4,26463958,11048387,8623500,85114,37695,2302078,4140930,3591179,347756,62097,139898,6966,6851144,6573368,277776,1704793,714854,482890,507049,2874791,2709436,125967,39388,-163053,2479275,543862,1935413,2642328,340997,2301331,26463958,575655,2.223611383589869,26665848,442932,1.689100964916211
1994:Q1,26498014,11143117,8692954,86054,38072,2326037,4199676,3639276,351868,63149,145383,6982,6727976,6388000,339976,1713438,720597,484363,508478,2913865,2745322,128616,39927,-207041,2520690,578653,1942037,2727731,330689,2397042,26498014,34056,0.128688341451756,26823788,157940,0.592292464937108
1994:Q2,26695579,11274123,8789128,86834,38613,2359548,4254546,3692764,356013,64231,141538,6352,6651252,6297950,353302,1735410,726941,496714,511755,2946633,2775186,130919,40528,-172737,2600413,616744,1983669,2773150,328840,2444310,26695579,197566,0.745586202165135,26999964,176176,0.656790225236495
1994:Q3,27104231,11398377,8875197,87310,39371,2396499,4290693,3724413,358816,65581,141883,6450,6880831,6556742,324089,1750612,736633,497396,516583,2998370,2824161,133016,41193,-221103,2639770,626046,2013724,2860873,351444,2509429,27104231,408651,1.530783281182201,27366201,366237,1.35643351598754
1994:Q4,27451326,11497112,8945071,87566,40312,2424163,4343667,3769774,359957,67201,146735,5868,6885742,6527304,358438,1770425,747045,500502,522878,3054114,2878279,133901,41934,-105602,2719030,626762,2092268,2824631,352812,2471819,27451326,347095,1.280593675205913,27580760,214559,0.78403045543021
1995:Q1,28103765,11590252,8999904,88129,41520,2460699,4381566,3799934,363244,69109,149279,6174,7365907,6928755,437152,1785938,755963,498102,531873,3107833,2928693,136460,42680,-133905,2794957,644382,2150575,2928862,377573,2551289,28103765,652439,2.376713578602337,28143887,563127,2.041737083805929
1995:Q2,28728797,11695161,9079858,89139,41845,2484319,4416116,3831958,368026,70196,145936,5996,7832313,7330642,501671,1797615,763679,499899,534037,3153131,2970922,138987,43222,-171536,2885993,668010,2217983,3057529,412156,2645373,28728797,625032,2.224015129602194,28713472,569585,2.023832541193618
1995:Q3,29407911,11817743,9180512,89696,42546,2504989,4465639,3881356,371077,71698,141508,6900,8335556,7747654,587902,1806086,770983,497317,537786,3194778,3010175,140960,43643,-218792,2985376,728149,2257227,3204168,448511,2755657,29407911,679114,2.363878705452494,29351272,637800,2.221256285397185
1995:Q4,30230931,11932497,9270700,90118,42425,2529254,4518697,3928967,373810,72483,143436,7005,8962945,8245338,717607,1810977,777201,498407,535369,3237506,3050361,143274,43871,-238696,3324314,790615,2533699,3563010,484180,3078830,30230931,823020,2.79863397310403,30077523,726251,2.47434325482469
1996:Q1,30814245,12073504,9377736,90216,43129,2562423,4556034,3964016,375495,73604,142918,7699,9304084,8514555,789529,1835640,784116,513254,538270,3282575,3093473,144946,44156,-245291,3444458,849842,2594616,3689749,512003,3177746,30814245,583314,1.929527405178787,30672240,594717,1.977279664192616
1996:Q2,31243560,12187534,9474857,90250,43596,2578831,4568299,3966011,376917,74861,150509,7509,9608416,8803484,804932,1820510,791128,489789,539593,3312959,3122371,146149,44439,-261666,3521762,903587,2618175,3783429,534464,3248965,31243560,429315,1.393236331304942,31096503,424263,1.383215178994489
1996:Q3,31598859,12320501,9580370,90889,44023,2605219,4608548,3997523,381060,75946,154019,7972,9754833,8849980,904853,1828956,801469,486713,540774,3358739,3166243,147737,44759,-280690,3639575,939758,2699817,3920265,543271,3376994,31598859,355299,1.137190534095359,31413766,317263,1.020252900509876
1996:Q4,32491585,12452183,9688399,91444,44347,2627993,4688206,4046394,384648,77024,180140,7837,10365866,9018529,1347337,1833753,807692,484761,541300,3399939,3205645,149167,45127,-256199,3972222,1006135,2966087,4228421,585280,3643141,32491585,892726,2.825184706935494,32131257,717491,2.284003128226018
1997:Q1,32903891,12641589,9847062,92080,45346,2657101,4837803,4190692,386787,78314,182010,8898,10425752,9080176,1345576,1841025,813754,481587,545684,3448763,3252626,150460,45677,-299938,4060883,1019624,3041259,4360821,601272,3759549,32903891,412306,1.268963640029213,32507894,376637,1.172181904590335
1997:Q2,34515513,12785061,9978706,92858,46457,2667040,4898992,4248737,388644,79503,182108,10115,11761610,10145463,1616147,1849965,820236,479675,550054,3504077,3306109,151667,46301,-294307,4290951,1192191,3098760,4585258,723832,3861426,34515513,1611622,4.897967662194275,33851195,1343302,4.132231753396115
1997:Q3,35652703,12956029,10124684,93924,47361,2690060,4990719,4334922,392028,81074,182695,11159,12663383,10780555,1882828,1857379,827996,476924,552459,3544746,3345343,152526,46877,-370712,4425295,1244738,3180557,4796007,803708,3992299,35652703,1137189,3.294719440906206,34876374,1025179,3.028485609666678
1997:Q4,36374205,13165782,10305447,94611,47697,2718027,5118345,4458564,394954,82820,182007,10911,13223316,11129545,2093771,1864326,837612,475693,551021,3602007,3400766,153795,47446,-610482,4614500,1207787,3406713,5224982,838216,4386766,36374205,721502,2.0236964355221,35488967,612593,1.756471052275515
1998:Q1,38314258,13437057,10552143,96610,48168,2740136,5266318,4606523,396378,83763,179654,11746,14718062,12416315,2301747,1864577,839667,473862,551048,3637768,3434701,155037,48030,-621270,4854911,1385867,3469044,5476181,1004540,4471641,38314258,1940053,5.333595581148046,37243217,1754249,4.943083522299764
1998:Q2,38840724,13700335,10784627,98819,49134,2767755,5295644,4637495,399244,84650,174254,11439,14964378,12644842,2319536,1873911,844385,475115,554411,3673532,3467993,156751,48788,-678515,4924853,1370021,3554832,5603369,1045407,4557962,38840724,526466,1.374072225296953,37826899,583683,1.567218618543952
1998:Q3,37816424,14001382,11053405,101159,50048,2796770,5394164,4735181,403477,86769,168737,11183,13538951,11692547,1846404,1886535,853723,475947,556865,3735208,3526917,158711,49580,-750999,4772583,1167450,3605133,5523582,933205,4590377,37816424,-1024299,-2.637178500189847,37249700,-577199,-1.525896763875539
1998:Q4,40513155,14307564,11318641,103614,51510,2833799,5459450,4793395,407456,90612,167986,11257,15960331,13783056,2177275,1902488,861874,478371,562243,3794584,3583339,160883,50362,-922519,5346161,1474983,3871178,6268680,1108661,5160019,40513155,2696730,7.131108570800817,39314315,2064615,5.542635323047586
1999:Q1,41077826,14537391,11517569,106422,52093,2861307,5477943,4802706,412545,91996,170696,11389,16239190,13998978,2240212,1918883,869601,485635,563647,3848929,3635089,162691,51149,-955899,5491639,1527668,3963971,6447538,1216610,5230928,41077826,564671,1.393796886376591,39639392,325078,0.826868478926507
1999:Q2,42661861,14825079,11758020,108925,53264,2904870,5543991,4862698,416142,94467,170683,11785,17466131,14976543,2489588,1934988,879981,486085,568922,3919143,3702276,164822,52045,-1039256,5681039,1656976,4024063,6720296,1327123,5393173,42661861,1584035,3.856179959902462,40675084,1035692,2.612784576594493
1999:Q3,42595099,15209443,12093238,111451,54021,2950733,5723464,5036003,419504,97006,170952,12148,16685077,14578273,2106804,1945436,887689,486134,571613,3974027,3753874,167169,52984,-954496,5826222,1701560,4124662,6780718,1245527,5535191,42595099,-66761,-0.156489418846123,40637261,-37824,-0.092989970007365
1999:Q4,46408257,15549040,12387820,114288,55811,2991121,5846948,5146029,424173,101838,174908,13774,19752210,17416405,2335805,1967301,896710,490384,580207,4048427,3824068,170380,53979,-769443,6540716,2003716,4537000,7310159,1435081,5875078,46408257,3813157,8.952103547870848,43248547,2611287,6.425842856416186
2000:Q1,47991578,16004828,12782396,117664,56840,3047928,5884517,5172036,430451,104113,177916,14011,20666276,18322709,2343567,1978073,905371,487697,585005,4121050,3893390,172656,55004,-677177,6757411,2089143,4668268,7434588,1521314,5913274,47991578,1583321,3.411723044028418,44465458,1216911,2.813762133772685
2000:Q2,47792050,16492297,13208552,121091,57942,3104712,5946096,5224832,436556,107074,177634,14904,20009093,17715778,2293315,1986467,915286,481441,589740,4209397,3978189,175102,56106,-866204,6771925,2054063,4717862,7638129,1522179,6115950,47792050,-199528,-0.415756235025921,44230453,-235005,-0.528512119721466
2000:Q3,48524210,17041147,13709429,124508,59026,3148184,6173380,5445085,442402,110512,175380,14560,20136311,17492653,2643658,1995162,923034,477847,594281,4271941,4037068,177592,57281,-1108291,6687710,1942786,4744924,7796001,1552667,6243334,48524210,732160,1.53196968857148,45022366,791913,1.790423811646162
2000:Q4,46680006,17558777,14169751,127343,59926,3201757,6325641,5580180,446602,114050,184809,14609,17590206,14956159,2634047,2003809,930095,475675,598039,4337187,4099391,179558,58238,-1150223,6414504,1852842,4561662,7564727,1482537,6082190,46680006,-1844204,-3.800585846216666,44555789,-466577,-1.036321735621914
2001:Q1,45999822,18335108,14897132,130714,60529,3246733,6405890,5651105,450715,116236,187834,16446,15897160,13518897,2378263,2008537,937466,470944,600127,4409649,4170201,180277,59171,-1072968,6446943,1654541,4792402,7519910,1350833,6169077,45999822,-680183,-1.457119069797729,44461044,-94745,-0.21264286056647
2001:Q2,47380526,18740860,15266886,134230,60965,3278779,6481146,5722035,455532,118197,185382,17853,16966944,14405881,2561063,2015772,941965,471612,602195,4457964,4215216,182681,60067,-1300013,6492886,1718095,4774791,7792899,1473625,6319274,47380526,1380703,3.001540939149641,45680804,1219760,2.743434544309537
2001:Q3,45541105,19168612,15659064,137172,61063,3311313,6566632,5810458,457300,118534,180340,18342,14730982,12448712,2282270,2023328,948394,470916,604018,4505981,4260282,185095,60604,-1472771,6214998,1433884,4781114,7687769,1281358,6406411,45541105,-1839420,-3.882228944173759,44649661,-1031143,-2.257279528720934
2001:Q4,46763892,19547538,15981685,140200,61393,3364260,6586765,5827678,463393,121009,174685,19232,15764959,13386098,2378861,2026401,953566,465620,607215,4577599,4331074,185235,61290,-1758602,5957545,1612673,4344872,7716148,1441451,6274697,46763892,1222786,2.685016798033565,46193828,1544167,3.458407519905191
2002:Q1,47352935,19981955,16377123,144247,62313,3398272,6647029,5881882,467570,122343,175233,18313,15849722,13473095,2376627,2034157,956326,466139,611692,4641712,4392553,187256,61903,-1819952,5981539,1607025,4374514,7801491,1477303,6324188,47352935,589044,1.259612504798546,46827797,633969,1.372411575914893
2002:Q2,46342235,20397322,16743219,148224,62906,3442973,6734631,5964225,472745,124287,173374,18197,14197519,11927065,2270454,2045428,962914,467195,615319,4712844,4461459,188961,62424,-1763706,6016941,1521874,4495067,7780647,1280216,6500431,46342235,-1010701,-2.13439917966518,46215435,-612362,-1.307690113077876
2002:Q3,44669407,20834858,17129190,151024,63876,3490768,6836558,6058519,474657,126856,176525,17944,12159420,10298225,1861195,2061096,968699,471311,621086,4771443,4518396,189747,63300,-2011912,5803584,1235475,4568109,7815496,1088781,6726715,44669407,-1672828,-3.609726938537499,45119309,-1096126,-2.371774399381617
2002:Q4,45462983,21288996,17543720,154829,64242,3526205,6974353,6183912,478896,128475,183070,18595,12132042,10332484,1799558,2077616,976961,475564,625091,4821062,4565827,191201,64034,-1849681,5698217,1373980,4324237,7547898,1229421,6318477,45462983,793576,1.776554612340644,46075857,956548,2.120041797109259
2003:Q1,45582498,21768285,17996427,157326,64939,3549593,7142454,6346208,481461,130131,184653,17966,11668147,10091935,1576212,2098740,988978,478626,631136,4907612,4650511,192382,64719,-2020706,5713449,1293453,4419996,7734155,1208832,6525323,45582498,119515,0.262883291873579,46338233,262376,0.569442925184788
2003:Q2,47807917,22213003,18400120,160466,66323,3586094,7253258,6451512,484668,132723,184354,18723,13247463,11307960,1939503,2114092,991974,481880,640238,4950717,4692206,192840,65671,-1989339,6149605,1581419,4568186,8138944,1448104,6690840,47807917,2225419,4.882179207224118,48229082,1890849,4.080538286055402
2003:Q3,48833093,22673047,18811124,163329,67723,3630871,7372263,6555214,486754,135198,195097,18727,13672105,11672682,1999423,2131465,995770,485845,649850,4995299,4734381,194291,66627,-2029813,6330328,1755385,4574943,8360141,1483137,6877004,48833093,1025176,2.144364718781086,49138737,909655,1.886112338465569
2003:Q4,51502230,23157570,19243523,167569,68813,3677665,7455571,6629956,492359,136837,196419,19076,15343215,13026812,2316403,2149792,1001752,489383,658657,5047918,4784061,196290,67567,-1670912,7501154,2079422,5421732,9172066,1696233,7475833,51502230,2669137,5.465837139559252,51086574,1947837,3.963954201043988
2004:Q1,53018816,23982868,20004276,171034,69800,3737758,7637075,6794616,500566,139508,202385,17579,15739772,13306481,2433291,2171832,1012861,492727,666244,5126944,4860083,198205,68656,-1657254,7747101,2138460,5608641,9404355,1725986,7678369,53018816,1516586,2.944699566953316,53569977,2483403,4.861165471480558
2004:Q2,54054878,24742468,20700916,175805,70636,3795111,7946754,7083146,512310,141684,209614,17364,15765648,13495203,2270445,2204540,1033206,497864,673470,5278743,5008742,200325,69676,-1900639,7904271,2161543,5742728,9804910,1769673,8035237,54054878,1036061,1.954139170223056,54361145,791168,1.476886668158615
2004:Q3,55186306,25615246,21536819,179092,71498,3827837,8284633,7418943,517593,142906,205191,18193,15438344,13160763,2277581,2243810,1061715,501342,680753,5490327,5218478,201111,70738,-1904247,8096252,2212356,5883896,10000499,1738872,8261627,55186306,1131429,2.093110853002712,55684262,1323118,2.433939798007258
2004:Q4,58191985,26451355,22296577,183825,72782,3898171,8513111,7635344,527433,143903,206432,18810,16873146,14275407,2597739,2289100,1090132,508032,690936,5687227,5412427,203170,71630,-1640764,9060180,2560418,6499762,10700944,1952173,8748771,58191985,3005679,5.446422250867949,58000717,2316455,4.159982089609189
2005:Q1,59006733,27213090,22995700,188590,73716,3955084,8672049,7771176,542650,147628,210595,19090,16591297,14296656,2294641,2322048,1107676,515321,699051,5779968,5502235,205032,72701,-1590809,9336308,2649905,6686403,10927117,1933414,8993703,59006733,814747,1.400102555715747,58812769,812051,1.400071427708527
2005:Q2,60586005,28037021,23751381,192371,74976,4018293,8976207,8063738,553548,150942,207979,18939,16937413,14479848,2457565,2357904,1130160,518753,708991,5949084,5669052,206277,73755,-1690563,9479076,2704402,6774674,11169639,1972261,9197378,60586005,1579272,2.676427610454145,60353569,1540800,2.619839535922054
2005:Q3,62507635,28930097,24601631,194702,75855,4057909,9309679,8387108,556991,152698,212882,18752,17385522,14866563,2518959,2394869,1154641,522838,717390,6131438,5849136,207599,74703,-1662722,9885296,3078670,6806626,11548018,2062051,9485967,62507635,1921629,3.171737731467215,61995534,1641965,2.720576649141932
2005:Q4,64065508,29760139,25379109,197727,77077,4106226,9597294,8662547,562288,154294,218165,18965,17399199,14812008,2587191,2432879,1176669,528547,727663,6279947,5997439,206791,75717,-1422915,10206759,3317705,6889054,11629674,2117753,9511921,64065508,1557873,2.492292854008058,63570602,1575067,2.540614397983094
2006:Q1,65903274,29977421,25536797,201595,78173,4160856,9733489,8790384,573014,157082,213010,19411,18494331,15807480,2686851,2469225,1197239,535250,736736,6383284,6098015,208369,76900,-1173887,11128394,3682411,7445983,12302281,2256912,10045369,65903274,1837766,2.868573756338895,65403318,1832717,2.882962689150083
2006:Q2,66214535,30472855,25979507,205326,78680,4209342,9927045,8971523,581708,159056,214758,18968,17858020,15178488,2679532,2507632,1222253,542696,742683,6610274,6322721,209388,78165,-1180259,11320911,3673580,7647331,12501170,2233733,10267437,66214535,311261,0.472299331019082,65569765,166446,0.254491831395227
2006:Q3,67504677,30884396,26336216,210299,79433,4258448,10182522,9205140,594161,161201,222019,18772,18523611,15607286,2916325,2542268,1241595,551096,749577,6784340,6495410,209421,79509,-1431232,11845596,3828619,8016977,13276828,2387389,10889439,67504677,1290142,1.948426593830122,66783838,1214073,1.851574931982098
2006:Q4,69434223,31070395,26476243,215056,80588,4298508,10366632,9372927,606949,164459,222297,16977,19598049,16501377,3096672,2579473,1265685,555322,758466,7029685,6736161,212645,80879,-1226988,12771786,4328960,8442826,13998774,2558411,11440363,69434223,1929546,2.858388708225973,68258411,1474573,2.207978963271486
2007:Q1,70481070,30964920,26318109,220169,82079,4344563,10477251,9455881,618441,167949,234980,19907,20251927,17198279,3053648,2615098,1283019,562026,770053,7268983,6971372,215121,82490,-1117016,13390520,4536363,8854157,14507536,2600690,11906846,70481070,1046847,1.507681630014734,69330667,1072256,1.570877110442915
2007:Q2,71986000,30973035,26273034,225170,83516,4391315,10584228,9546557,630659,170969,236043,20495,21214784,18221907,2992877,2644747,1296807,566460,781480,7389977,7088608,217193,84176,-841266,14496734,4958299,9538435,15338000,2861097,12476903,71986000,1504931,2.135226673938563,69884113,553446,0.798270197519678
2007:Q3,72540100,30895988,26155096,228645,84890,4427357,10674736,9622301,637959,173595,240881,21103,21272513,18676684,2595829,2677964,1310504,574563,792897,7509704,7205185,218553,85966,-511908,15246110,5262469,9983641,15758018,2943882,12814136,72540100,554100,0.76973284402778,70714572,830459,1.188337402761883
2007:Q4,70933563,30640696,25849141,231664,85949,4473942,10648678,9582699,641944,177108,246927,22230,19783385,18025644,1757741,2709820,1325528,581987,802305,7645091,7335688,221565,87838,-516337,15325752,5247990,10077762,15842089,2953999,12888090,70933563,-1606537,-2.214688638008478,70072390,-642181,-0.908131521786364
2008:Q1,67989606,29914782,25068388,235550,88360,4522484,10388076,9304639,647005,178400,258032,22774,18114237,16780744,1333493,2741892,1338782,588869,814241,7761469,7447208,224438,89823,-953624,14619409,4786880,9832529,15573033,2747026,12826007,67989606,-2943957,-4.150301839076946,68088011,-1984379,-2.831898752370333
2008:Q2,66648502,29277499,24399764,239307,90620,4547808,10177301,9073830,650076,179619,273776,22916,17704109,16782818,921291,2773115,1351116,598471,823528,7858704,7539033,228013,91658,-1165142,14174610,4701709,9472901,15339752,2701219,12638533,66648502,-1341104,-1.972512767430699,66627273,-1460738,-2.145367988831243
2008:Q3,63428352,28799368,23884038,245824,92737,4576769,10113363,9005867,660369,181980,265147,24026,16381180,15165933,1215247,2804447,1363799,609166,831482,8008071,7683214,231659,93198,-2702103,12089237,3636110,8453127,14791340,2490107,12301233,63428352,-3220150,-4.831541555758733,64405469,-2221804,-3.334675875584352
2008:Q4,58142018,28165707,23251457,255120,93873,4565257,9787390,8685887,678864,184486,238153,21785,12728020,12560281,167739,2828699,1375492,619486,833721,8209297,7879493,235688,94116,-3598880,10204045,2748428,7455617,13802925,1929859,11873066,58142018,-5286334,-8.33433926525745,61218223,-3187246,-4.948719728150072
2009:Q1,55439259,27565198,22659028,259994,94896,4551280,9476302,8381710,681265,182854,230472,24653,10745406,11224724,-479318,2834467,1374747,624040,835680,8312996,7981345,236771,94880,-3519763,9542964,2456973,7085991,13062727,1712381,11350346,55439259,-2702759,-4.648547704963979,59485881,-1732342,-2.829781883386699
2009:Q2,56317202,26842555,21934634,263480,96467,4547974,8950439,7863623,681412,182252,223152,21522,12284738,12567626,-282888,2823434,1351998,631507,839929,8270588,7937697,237142,95749,-2876073,10821799,3162209,7659590,13697872,2037931,11659941,56317202,877944,1.583613760148965,59920533,434652,0.73068162530413
2009:Q3,58087091,26341810,21446080,266297,98523,4530910,8633735,7554290,678335,184478,216632,20954,14351850,14135335,216515,2819238,1335145,638235,845858,8224459,7890177,237690,96592,-2304955,12449801,3836151,8613650,14754756,2444023,12310733,58087091,1769889,3.142714049273646,61387031,1466498,2.44740409419951
2009:Q4,58313820,26137874,21207284,268573,101997,4560020,8557003,7480312,671872,187201,217619,23035,14940214,14638853,301361,2838393,1332809,647114,858470,8251840,7915366,238587,97887,-2434539,12615447,3995295,8620152,15049986,2657426,12392560,58313820,226729,0.390326052535172,61699710,312679,0.509356078720168
2010:Q1,58802191,26005866,21082596,268545,104022,4550703,8508762,7430507,667135,187324,223796,23884,15709250,15190714,518536,2863561,1337629,655595,870337,8318093,7979484,239676,98933,-2627226,12973528,4135014,8838514,15600754,2860612,12740142,58802191,488371,0.837487421320397,62827345,1127635,1.827618521720993
2010:Q2,56706463,26033451,21123430,272724,106489,4530808,8764570,7684030,670373,188903,221264,23645,13622270,13481142,141128,2892516,1341355,665657,885504,8401884,8062260,239672,99952,-3031874,12098549,3734612,8363937,15130423,2540483,12589940,56706463,-2095728,-3.56403092339218,62381153,-446192,-0.710187739245363
2010:Q3,58870943,25899330,20992418,278697,107934,4520281,8880291,7784488,676771,189582,229450,24579,15214295,14971554,242741,2921092,1350419,674230,896443,8475573,8135627,239211,100735,-2544217,13740956,4475807,9265149,16285173,2863550,13421623,58870943,2164480,3.816989816757756,64397982,2016829,3.233074542150724
2010:Q4,62789505,25682727,20751371,284783,111132,4535441,8940324,7821754,682380,191819,244372,29197,19030274,18260388,769886,2955761,1360387,684952,910422,8561435,8221208,238497,101730,-2410213,14529818,4900246,9629572,16940031,3213464,13726567,62789505,3918563,6.656191461842209,65958731,1560749,2.423598911881021
2011:Q1,63799054,25444418,20472514,289236,114428,4568240,8969769,7824754,685676,193355,265984,27432,20311292,19350292,961000,2991295,1371908,698775,920612,8656354,8314873,238450,103031,-2601506,15205267,5159980,10045287,17806773,3437937,14368836,63799054,1009549,1.607830457742343,67054060,1095329,1.660627844563424
2011:Q2,63562163,25377692,20356122,295142,117379,4609049,8978059,7824824,692792,194709,265734,27752,20010708,19166034,844674,3017729,1386529,703787,927413,8791535,8448034,239292,104209,-2641312,15467025,5204875,10262150,18108337,3459824,14648513,63562163,-236891,-0.371307723070468,67455321,401262,0.598415234563467
2011:Q3,59021273,25291095,20239548,300705,120213,4630629,8989679,7826044,698719,195978,268938,26440,16690674,16711976,-21302,3044785,1401581,711273,931931,8941439,8595894,240274,105271,-3962838,13617490,4287221,9330269,17580328,3027699,14552629,59021273,-4540890,-7.144013987555292,65688932,-1766389,-2.618605901362188
2011:Q4,60968223,25230261,20155565,307342,122656,4644698,9088301,7910532,706841,197169,273759,27446,18780797,18482187,298610,3061306,1413994,713140,934172,9071229,8723486,241666,106077,-4291117,14064059,4501438,9562621,18355176,3397174,14958002,60968223,1946949,3.298724511177134,66958562,1269630,1.932791101297876
2012:Q1,63149105,25131706,20014446,312101,126119,4679040,9153102,7965407,712846,198855,275994,37054,20905144,20547527,357617,3084073,1421396,720333,942344,9171189,8821998,242181,107010,-4333164,15009038,5005403,10003635,19342202,3845867,15496335,63149105,2180882,3.57707971656355,68963631,2005069,2.994491599174016
2012:Q2,61964876,25305287,20170846,316288,129059,4689094,9231547,8043575,717211,199954,270807,37479,19943115,19891153,51962,3104855,1431495,725248,948112,9279791,8929568,242396,107827,-4937199,14308551,4673015,9635536,19245750,3716431,15529319,61964876,-1184229,-1.875290151748259,68966379,2748,0.003984652960658
2012:Q3,64091940,25601875,20447608,321378,132155,4700734,9446499,8247932,723861,201543,273163,38088,21269502,20954889,314613,3122665,1440464,728522,953679,9359436,9007998,242812,108626,-4746124,15227896,5048350,10179546,19974020,3940042,16033978,64091940,2127065,3.432694455670642,70852762,1886384,2.735222008962622
2012:Q4,65084276,25850576,20662158,326900,134032,4727486,9602256,8397807,731838,201704,270907,37886,21386282,20965029,421253,3126726,1445702,726592,954432,9396049,9043932,242448,109669,-4315499,15710213,5321857,10388356,20025712,3952993,16072719,65084276,992336,1.548300117709369,71910841,1058078,1.493347985376106
2013:Q1,67977964,26341054,21122058,332189,135853,4750954,9726302,8527263,738031,203686,257322,38699,24082840,23193240,889600,3139849,1454095,728422,957332,9468037,9115355,241935,110747,-4818818,16282443,5546349,10736094,21101261,4393282,16707979,67977964,2893688,4.446062531566582,74728120,2817280,3.917739664130731
2013:Q2,69508104,26929718,21698175,336968,138931,4755644,9987012,8774056,744706,207019,261231,39236,25029091,23599946,1429145,3158250,1463189,728822,966239,9548268,9194126,242212,111930,-5183471,16151656,5541381,10610275,21335127,4463414,16871713,69508104,1530140,2.250935130549185,75950976,1222856,1.636406438008611
2013:Q3,72319918,27581921,22329515,341814,141655,4768937,10295394,9065943,751882,210471,267098,36589,26241044,24797041,1444003,3175492,1471315,730329,973848,9632496,9276600,242756,113140,-4643018,17338717,6084914,11253803,21981735,4776194,17205541,72319918,2811815,4.045304640075488,78440558,2489582,3.277879905577189
2013:Q4,74949528,28000840,22729730,346127,145410,4779573,10502549,9254316,757095,214034,277104,40794,28546674,26519473,2027201,3204770,1483146,736230,985394,9738382,9380086,243709,114587,-5084481,17927930,6472877,11455053,23012411,5205378,17807033,74949528,2629610,3.636079609003604,80524705,2084147,2.656976142279825
2014:Q1,76058536,28293558,23011198,349838,147513,4785009,10513850,9242607,764260,217011,289972,42404,29313709,27270097,2043612,3222441,1489725,740087,992629,9812124,9452090,244092,115942,-5139550,18366487,6647696,11718791,23506037,5379704,18126333,76058536,1109008,1.479673427929469,82285740,1761035,2.186950432949906
2014:Q2,77957458,28786550,23473921,354685,148582,4809362,10647281,9365729,772163,218744,290644,43464,30489636,28494595,1995041,3229206,1493397,741271,994538,9878660,9517017,244819,116824,-5117339,19253021,7101816,12151205,24370360,5636133,18734227,77957458,1898922,2.496658142865544,84180632,1894893,2.302820049427893
2014:Q3,77966160,29281790,23932283,359227,150435,4839845,10911119,9618909,779880,221262,291069,44360,30372645,28404658,1967987,3242680,1501730,744038,996912,9950130,9587183,245369,117578,-5836564,18772225,6828948,11943277,24608789,5710229,18898560,77966160,8702,0.011162721528816,84807322,626689,0.74445758425386
2014:Q4,79332479,29649447,24273606,364073,152442,4859326,11169170,9865859,788190,224403,290718,45121,31908540,29673642,2234898,3248706,1504668,746829,997209,9990199,9626575,245574,118050,-6678704,18459514,6770629,11688885,25138218,5920568,19217650,79332479,1366319,1.752450979492241,86525086,1717764,2.025490445051038
2015:Q1,80769536,30153908,24742768,369719,155366,4886055,11383417,10079071,791535,227525,285286,45418,32456159,30185978,2270181,3255800,1506246,748480,1001074,10013384,9649241,246080,118063,-6538549,19115342,7174471,11940871,25653891,5974124,19679767,80769536,1437058,1.811436754055411,88387832,1862747,2.152839879097774
2015:Q2,81612287,30696406,25219516,374739,157189,4944962,11552658,10247069,794118,230068,281402,45459,32453972,30005969,2448003,3250902,1506417,741954,1002531,10099086,9735118,245671,118297,-6486196,19144154,7311250,11832904,25630350,5888594,19741756,81612287,842750,1.043401180820603,89036567,648735,0.733964267695312
2015:Q3,79272890,31189855,25678249,379225,158038,4974343,11677017,10380743,796083,231715,268476,49711,29869896,27832131,2037765,3252903,1507307,743978,1001618,10162042,9797529,245543,118970,-6928533,17766134,6545989,11220145,24694667,5374469,19320198,79272890,-2339396,-2.866475809585691,88085720,-950847,-1.067929157938029
2015:Q4,81327443,31580357,26032033,383812,157478,5007034,11778709,10484989,799692,233254,260774,50404,31631175,29206849,2424326,3251047,1506814,745468,998765,10184515,9819513,245225,119777,-7148764,17967888,6756163,11211725,25116652,5500927,19615725,81327443,2054553,2.591747136297168,89621411,1535691,1.74340535926569
2016:Q1,81453449,31888898,26285334,388643,157772,5057149,11808283,10508731,802119,234019,263414,51637,31682460,29717907,1964553,3249331,1508631,744531,996169,10202544,9835700,245550,121294,-7429704,18076452,6665318,11411134,25506156,5413274,20092882,81453449,126006,0.154936785794178,90775511,1154100,1.287750049966032
2016:Q2,82343887,32505641,26842596,392982,160680,5109383,11985857,10683337,805391,238756,258373,51392,32070184,30161399,1908785,3269918,1521269,746581,1002068,10347401,9977761,246672,122968,-7886507,18258129,6728339,11529790,26144636,5450247,20694389,82343887,890437,1.093185681207252,92136308,1360797,1.499079074354994
2016:Q3,84335216,33177516,27486008,397384,162836,5131288,12263047,10969918,807984,241654,243491,69638,32911859,30934962,1976897,3284824,1531183,749041,1004600,10404180,10032584,247066,124530,-7775848,18938940,7148103,11790837,26714788,5711178,21003610,84335216,1991329,2.418308381747641,94012929,1876621,2.036788028073961
2016:Q4,86386807,33669519,27938243,401925,166844,5162507,12398225,11090429,809275,247767,250754,67741,34327671,31389769,2937902,3305242,1544161,748324,1012757,10511314,10137629,247279,126406,-7892904,18749299,7146320,11602979,26642203,5782680,20859523,86386807,2051592,2.432662980711482,94706911,693983,0.738177732409163
2017:Q1,88938350,34131132,28336935,406578,168642,5218977,12439313,11109449,818316,249776,261772,69518,36036572,33023182,3013390,3323034,1554117,750738,1018179,10629822,10253150,248696,127976,-7691042,20044066,7712310,12331756,27735108,6193511,21541597,88938350,2551542,2.953625067358532,97105547,2398636,2.532693387226128
2017:Q2,90676154,34759458,28935545,409841,171421,5242651,12701978,11363110,821950,253229,263689,68665,36618600,33498185,3120415,3343407,1564003,752283,1027121,10718246,10337871,250409,129966,-7534201,21015417,8206770,12808647,28549618,6315896,22233722,90676154,1737804,1.95394255997354,98841180,1735633,1.787367390389228
2017:Q3,92987927,35360062,29514532,413361,173900,5258269,12904171,11574011,823537,256953,249670,70024,37692745,34361002,3331743,3370017,1577328,755835,1036854,10866430,10483211,251442,131777,-7275522,22231806,8724834,13506972,29507328,6669995,22837333,92987927,2311773,2.549483039109291,100745816,1904636,1.926965983738181
2017:Q4,95859691,35923390,30029107,417994,176669,5299620,13184678,11834662,828624,261373,260018,68693,39721552,36055230,3666322,3396663,1587497,761160,1048006,10969787,10582952,252960,133875,-7405071,23058509,9118138,13940371,30463580,7019413,23444167,95859691,2871764,3.088319339399729,103415176,2669360,2.649598777588814
2018:Q1,96563975,36599464,30643426,422297,179604,5354137,13262541,11897822,835930,264390,264399,74190,39593174,35786934,3806240,3426911,1601094,764817,1061000,11108976,10718188,254566,136222,-7501281,22879346,9140032,13739314,30380627,7055819,23324808,96563975,704284,0.734702451180273,104506738,1091562,1.055514425057401
2018:Q2,98115749,37182201,31156603,427268,182658,5415672,13569829,12196112,845747,268356,259614,76522,40980546,36954910,4025636,3463609,1617547,771508,1074554,11301347,10906066,256738,138543,-8458305,22492324,8845101,13647223,30950629,7184948,23765681,98115749,1551774,1.606990752342673,105995325,1488587,1.424393686404771
2018:Q3,100492047,37541366,31461444,433720,184788,5461414,13625589,12240364,856896,272421,255908,78728,43527373,39219805,4307568,3490587,1629783,778076,1082728,11411293,11010933,259846,140514,-9182888,22681043,8980931,13700112,31863931,7575650,24288281,100492047,2376298,2.421933813908234,107846748,1851423,1.746702690653257
2018:Q4,94447115,37911505,31773445,438515,186842,5512703,13759146,12357106,863850,277123,261067,78230,36893487,33616149,3277338,3521291,1642796,787611,1090884,11569584,11164870,262576,142138,-9286128,20694420,7899563,12794857,29980548,6629533,23351015,94447115,-6044933,-6.015334546987084,104129509,-3717240,-3.446779615349041
2019:Q1,99975061,38565450,32353121,445490,189535,5577304,13949823,12528514,873622,280350,267337,78405,41993214,38352029,3641185,3552978,1653270,795785,1103923,11645913,11236452,265089,144372,-9810722,22273169,8687158,13586011,32083891,7243390,24840501,99975061,5527947,5.852954667760179,109975069,5845561,5.613740777887898
2019:Q2,101522466,39153067,32864540,451186,191731,5645610,14258488,12834480,880244,285050,258714,78396,42762183,39108205,3653978,3562914,1662623,796460,1103831,11838633,11427633,265609,145391,-10131215,22870930,8894576,13976354,33002145,7621167,25380978,101522466,1547405,1.547790944285868,112282249,2307179,2.097911262499826
2019:Q3,101502408,39579342,33238462,455122,193581,5692177,14491068,13068226,883257,289976,249609,80594,42545355,39075026,3470329,3585949,1669133,803294,1113522,11937602,11523816,266900,146886,-10717502,22889857,8722334,14167523,33607359,7619823,25987536,101502408,-20058,-0.019757144384247,113016409,734160,0.65385256661298
2019:Q4,105067739,39918189,33534235,459251,194161,5730542,14568692,13129699,885865,294973,258155,83475,45643671,41671074,3972597,3603734,1673988,812686,1117060,12005700,11591122,267079,147499,-10755722,24165704,9478014,14687690,34921426,8199182,26722244,105067739,3565331,3.512558008924618,116776707,3760298,3.327213894412459
2020:Q1,95399330,40627602,34203825,468401,196662,5758714,14696868,13258176,895328,299022,244342,84809,35724724,33923917,1800807,3629256,1681076,820320,1127860,12113052,11696130,267980,148942,-11476980,20741757,7442632,13299125,32218737,6733157,25485580,95399330,-9668409,-9.202072157859744,110448780,-6327927,-5.418826034424928
2020:Q2,102934342,41361016,34926202,473978,200175,5760661,14877052,13437632,900037,305742,233642,88453,43348889,41227092,2121797,3652700,1678258,828486,1145956,12113423,11690855,270776,151792,-12507192,22837680,8574851,14262829,35344872,8131362,27213510,102934342,7535012,7.898390391237915,118429533,7980753,7.225750490455048
2020:Q3,107384467,42324586,35664284,479603,202923,5977776,15135657,13682011,905445,309581,238620,87085,47099483,44920321,2179162,3693980,1695998,838700,1159282,12304186,11876737,273543,153906,-13260511,23689952,9142670,14547282,36950463,8966514,27983949,107384467,4450125,4.323265520329385,122774400,4344867,3.668736030634528
2020:Q4,116303731,43528982,36756215,485612,206140,6081015,15577127,14105897,909895,316592,244743,90334,54417640,51170370,3247270,3733951,1706752,851322,1175877,12412782,11980631,274966,157185,-13457085,26386007,10535912,15850095,39843092,10449203,29393889,116303731,8919265,8.305916956380912,131343482,8569082,6.979534493403882
2021:Q1,122912454,44946015,37976397,495479,207063,6267076,15897290,14381184,942680,316766,256660,93779,59235128,54505654,4729474,3784857,1736717,859958,1188182,12669093,12232147,277694,159252,-13713707,27331934,11043241,16288693,41045641,11167559,29878082,122912454,6608723,5.6822969090337,136635694,5292212,4.029291305203385
2021:Q2,128868728,46878474,39481538,498579,209441,6688916,16556805,15010792,964639,317910,263464,97975,63725370,58420254,5305116,3860851,1784613,874023,1202215,13023192,12578877,282165,162150,-15273939,28773400,11793419,16979981,44047339,12195023,31852316,128868728,5956273,4.845947619473058,142306789,5671095,4.150522594344681
2021:Q3,131207565,48643685,40947484,510658,211353,6974190,17353784,15766821,1003859,318542,264562,99625,63238869,57879568,5359301,3933329,1824472,888173,1220684,13345847,12891142,288993,165712,-15407574,29072261,11780312,17291949,44479835,12257932,32221903,131207565,2338837,1.814899064196251,144992270,2685481,1.887106594995805
2021:Q4,137096790,50426410,42399457,525557,213709,7287687,17929626,16292603,1047563,319306,270154,102230,68019895,62279752,5740143,4026878,1876011,908161,1242706,13836787,13372738,293856,170193,-17245036,29738583,11995549,17743034,46983619,13144537,33839082,137096790,5889225,4.488480130692989,150289512,5297242,3.653465144730524
