date,Households and nonprofit organizations; total assets,Households and nonprofit organizations; nonfinancial assets,Households and nonprofit organizations; total financial assets,Households and nonprofit organizations; total currency and deposits including money market fund shares; asset,Households and nonprofit organizations; directly and indirectly held debt securities; asset,Households and nonprofit organizations; debt securities; asset,Households and nonprofit organizations; indirectly held debt securities; asset,Life insurance companies; debt securities held indirectly through mutual funds; asset,Private defined contribution pension funds; debt held directly and indirectly through mutual funds; asset,Federal government defined contribution retirement funds; debt securities; asset,State and local government employee retirement funds; debt securities held indirectly through mutual funds; asset,Mutual funds; debt securities indirectly held by households; asset,Households and nonprofit organizations; loans; asset,Households and nonprofit organizations; directly and indirectly held corporate equities; asset,Households and nonprofit organizations; corporate equities; asset,Households and nonprofit organizations; indirectly held corporate equities; asset,Life insurance companies; corporate equities held directly and indirectly through mutual funds; asset,Private defined contribution pension funds; corporate equities held directly and indirectly through mutual funds; asset,Federal government retirement funds; corporate equities held by Thrift Savings Plan; asset,State and local government employee retirement funds; corporate equities held indirectly through mutual funds; asset,Mutual funds; corporate equities indirectly held by households; asset,Households and nonprofit organizations; other financial assets (B.101.e),Households and nonprofit organizations; total liabilities,Households and nonprofit organizations; net worth,Households and nonprofit organizations; directly and indirectly held debt securities as a percentage of total assets,Households and nonprofit organizations; directly and indirectly held debt securities as a percentage of disposable personal income; assets,Households and nonprofit organizations; directly and indirectly held corporate equities as a percentage of total assets,Households and nonprofit organizations; directly and indirectly held corporate equities as a percentage of financial assets; assets
1945:Q4,837197,189324,647873,105679,79903,78843,1060,0,873,0,0,187,12883,145888,144855,1033,0,0,0,0,1033,303520,30584,806613,9.544105078769675,12.33311931742661,17.42575875413377,22.51797943732692
1946:Q1,ND,ND,ND,ND,ND,ND,ND,ND,ND,ND,ND,ND,ND,ND,ND,ND,ND,ND,ND,ND,ND,ND,ND,ND,ND,ND,ND,ND
1946:Q2,ND,ND,ND,ND,ND,ND,ND,ND,ND,ND,ND,ND,ND,ND,ND,ND,ND,ND,ND,ND,ND,ND,ND,ND,ND,ND,ND,ND
1946:Q3,ND,ND,ND,ND,ND,ND,ND,ND,ND,ND,ND,ND,ND,ND,ND,ND,ND,ND,ND,ND,ND,ND,ND,ND,ND,ND,ND,ND
1946:Q4,922654,220712,701942,117219,77633,76489,1144,0,925,0,0,219,14444,139559,138515,1044,0,0,0,0,1044,353087,37441,885213,8.414100437977943,11.05975209146225,15.12582848819141,19.8818536206559
1947:Q1,ND,ND,ND,ND,ND,ND,ND,ND,ND,ND,ND,ND,ND,ND,ND,ND,ND,ND,ND,ND,ND,ND,ND,ND,ND,ND,ND,ND
1947:Q2,ND,ND,ND,ND,ND,ND,ND,ND,ND,ND,ND,ND,ND,ND,ND,ND,ND,ND,ND,ND,ND,ND,ND,ND,ND,ND,ND,ND
1947:Q3,ND,ND,ND,ND,ND,ND,ND,ND,ND,ND,ND,ND,ND,ND,ND,ND,ND,ND,ND,ND,ND,ND,ND,ND,ND,ND,ND,ND
1947:Q4,1030660,280809,749851,120566,77517,76315,1202,0,978,0,0,224,15730,137558,136405,1153,0,0,0,0,1153,398480,46468,984192,7.52110452794022,10.33765666677322,13.34659618734472,18.34471633019841
1948:Q1,ND,ND,ND,ND,ND,ND,ND,ND,ND,ND,ND,ND,ND,ND,ND,ND,ND,ND,ND,ND,ND,ND,ND,ND,ND,ND,ND,ND
1948:Q2,ND,ND,ND,ND,ND,ND,ND,ND,ND,ND,ND,ND,ND,ND,ND,ND,ND,ND,ND,ND,ND,ND,ND,ND,ND,ND,ND,ND
1948:Q3,ND,ND,ND,ND,ND,ND,ND,ND,ND,ND,ND,ND,ND,ND,ND,ND,ND,ND,ND,ND,ND,ND,ND,ND,ND,ND,ND,ND
1948:Q4,1092118,313676,778442,120393,78514,77229,1285,0,1030,0,0,255,16922,136712,135486,1226,0,0,0,0,1226,425901,55109,1037009,7.189150310371388,10.08604448819792,12.51806196641992,17.56226041305391
1949:Q1,ND,ND,ND,ND,ND,ND,ND,ND,ND,ND,ND,ND,ND,ND,ND,ND,ND,ND,ND,ND,ND,ND,ND,ND,ND,ND,ND,ND
1949:Q2,ND,ND,ND,ND,ND,ND,ND,ND,ND,ND,ND,ND,ND,ND,ND,ND,ND,ND,ND,ND,ND,ND,ND,ND,ND,ND,ND,ND
1949:Q3,ND,ND,ND,ND,ND,ND,ND,ND,ND,ND,ND,ND,ND,ND,ND,ND,ND,ND,ND,ND,ND,ND,ND,ND,ND,ND,ND,ND
1949:Q4,1142467,340055,802412,121208,78704,77290,1414,0,1095,0,0,319,17695,145165,142455,2710,0,0,0,0,2710,439640,63061,1079406,6.888950878017995,9.808425892291604,12.70627355925343,18.09107725978998
1950:Q1,ND,ND,ND,ND,ND,ND,ND,ND,ND,ND,ND,ND,ND,ND,ND,ND,ND,ND,ND,ND,ND,ND,ND,ND,ND,ND,ND,ND
1950:Q2,ND,ND,ND,ND,ND,ND,ND,ND,ND,ND,ND,ND,ND,ND,ND,ND,ND,ND,ND,ND,ND,ND,ND,ND,ND,ND,ND,ND
1950:Q3,ND,ND,ND,ND,ND,ND,ND,ND,ND,ND,ND,ND,ND,ND,ND,ND,ND,ND,ND,ND,ND,ND,ND,ND,ND,ND,ND,ND
1950:Q4,1248299,387345,860954,126134,79646,78096,1550,0,1152,0,0,398,18660,167593,164696,2897,0,0,0,0,2897,468921,76803,1171496,6.380361223142156,9.250898276969512,13.4257072353924,19.46595930658352
1951:Q1,ND,ND,ND,ND,ND,ND,ND,ND,ND,ND,ND,ND,ND,ND,ND,ND,ND,ND,ND,ND,ND,ND,ND,ND,ND,ND,ND,ND
1951:Q2,ND,ND,ND,ND,ND,ND,ND,ND,ND,ND,ND,ND,ND,ND,ND,ND,ND,ND,ND,ND,ND,ND,ND,ND,ND,ND,ND,ND
1951:Q3,ND,ND,ND,ND,ND,ND,ND,ND,ND,ND,ND,ND,ND,ND,ND,ND,ND,ND,ND,ND,ND,ND,ND,ND,ND,ND,ND,ND
1951:Q4,1366145,430981,935164,135533,79302,77532,1770,0,1308,0,0,462,19516,187921,184698,3223,0,275,0,0,2948,512891,85567,1280578,5.804802119999803,8.480012098253413,13.75557008893197,20.09498314690524
1952:Q1,1384719,437146,947573,135930,81861,80001,1860,0,1359,0,0,501,19400,189706,186383,3323,0,289,0,0,3034,520676,86224,1298495,5.911743005324229,8.639022200078694,13.69996846566788,20.02020920203917
1952:Q2,1411453,448860,962593,136453,84011,82094,1917,0,1407,0,0,510,19608,195988,192556,3432,0,312,0,0,3120,526533,90411,1321042,5.952092017589338,8.727569455227439,13.88554606353096,20.360415688316
1952:Q3,1427479,453482,973997,140793,85759,83781,1978,0,1462,0,0,516,19803,195646,192065,3581,0,320,0,0,3261,531996,93441,1334038,6.007722478440566,8.804849084424173,13.70569703491159,20.08691220712988
1952:Q4,1436102,463972,972130,145149,86411,84342,2069,0,1530,0,0,539,20003,184802,181107,3695,0,369,0,0,3326,535765,97890,1338212,6.017051041511778,8.888830273894351,12.86830457434192,19.01000581264218
1953:Q1,1448807,472930,975877,147798,86871,84729,2142,0,1600,0,0,542,20356,181495,177857,3638,0,383,0,0,3255,539357,100207,1348600,5.996038293776721,8.901842490189802,12.52720666423784,18.59815016239019
1953:Q2,1455568,481964,973604,147194,90495,88303,2192,0,1672,0,0,520,20525,172187,168582,3605,0,408,0,0,3197,543203,104699,1350869,6.217161723454474,9.294849317588689,11.82954224737782,17.68553201223983
1953:Q3,1472718,493031,979687,151399,90888,88627,2261,0,1737,0,0,524,20683,167452,163848,3604,0,434,0,0,3170,549265,107229,1365489,6.17144535303232,9.277246693865028,11.37026744186216,17.09239408261912
1953:Q4,1496861,493420,1003441,154668,90391,88052,2339,0,1792,0,0,547,20993,181571,177572,3999,0,478,0,0,3521,555818,110624,1386237,6.038702904503201,9.008101434830355,12.13011610750573,18.09483229108631
1954:Q1,1519480,498300,1021180,155101,90884,88441,2443,0,1848,0,0,595,21278,192957,188593,4364,0,521,0,0,3843,560960,110496,1408984,5.981256160417105,8.899898819649406,12.69888258599537,18.89549069740648
1954:Q2,1544971,501393,1043578,157058,90509,87995,2514,0,1906,0,0,608,21650,208537,203782,4755,0,537,0,0,4218,565824,114312,1430659,5.85829579851834,8.672946088863263,13.49778951193383,19.98287638282688
1954:Q3,1584670,510852,1073818,162898,89693,87072,2621,0,1973,0,0,648,22026,227136,221823,5313,0,564,0,0,4749,572065,117763,1466907,5.660043031847669,8.352719527352333,14.33333185512529,21.15218916264033
1954:Q4,1607203,520881,1086322,166045,89772,87050,2722,0,2051,0,0,671,22443,228887,222895,5992,0,631,0,0,5361,579176,123092,1484111,5.585603462406592,8.263846253915451,14.24132268078975,21.06989905003727
1955:Q1,1632076,527824,1104252,167824,91720,88913,2807,0,2130,0,0,677,22819,235675,229212,6463,0,710,0,0,5753,586214,126315,1505761,5.619837380469835,8.306077354772416,14.44020033408448,21.34250742025719
1955:Q2,1674231,540614,1133617,168027,93353,90418,2935,0,2207,0,0,728,23002,257159,249889,7270,0,904,0,0,6366,592076,133426,1540805,5.575874433983596,8.234970631130761,15.35983089529836,22.68482868821522
1955:Q3,1718907,555201,1163706,173014,95522,92454,3068,0,2273,0,0,795,23300,271359,263912,7447,0,1089,0,0,6358,600510,138787,1580120,5.557136655943658,8.20843204524459,15.78671976947944,23.31852255360573
1955:Q4,1744973,565459,1179514,175816,96735,93597,3138,0,2318,0,0,820,23624,273298,265154,8144,0,1217,0,0,6927,610041,144426,1600547,5.543637923060621,8.201257278189683,15.66201640664312,23.17038519268811
1956:Q1,1789489,577339,1212150,177315,99212,95931,3281,0,2365,0,0,916,24171,290204,281337,8867,0,1363,0,0,7504,621248,146185,1643304,5.544153139674464,8.184796899367612,16.21714528228529,23.94126516332781
1956:Q2,1804893,588176,1216717,178870,100441,97192,3249,0,2423,0,0,826,24509,281285,272249,9036,0,1348,0,0,7688,631612,151446,1653447,5.564927621051393,8.255081815422137,15.58457866695315,23.11835493922816
1956:Q3,1826896,599584,1227312,183163,102362,98840,3522,0,2497,0,0,1025,24843,275948,267245,8703,0,1342,0,0,7361,640997,154833,1672063,5.603054274967374,8.340337414938233,15.10474219992475,22.48392400478083
1956:Q4,1870105,608091,1262014,187101,102839,99195,3644,0,2593,0,0,1051,25209,296891,287591,9300,0,1413,0,0,7887,649974,159600,1710505,5.499104267993298,8.148803053926709,15.87563633668937,23.52518293141079
1957:Q1,1884197,619062,1265135,189263,104983,101202,3781,0,2687,0,0,1094,25686,283367,274073,9294,0,1403,0,0,7891,661836,160761,1723436,5.571763129927527,8.298165071602218,15.03913779219658,22.39816105316771
1957:Q2,1926432,630621,1295811,190649,105713,101750,3963,0,2772,0,0,1191,26147,300333,290373,9960,0,1590,0,0,8370,672969,165828,1760604,5.48750255725883,8.158057604509118,15.59011763481517,23.17722431995153
1957:Q3,1928042,639368,1288674,195175,107638,103628,4010,0,2844,0,0,1166,26676,274037,264793,9244,0,1528,0,0,7716,685149,168971,1759071,5.582761024134666,8.352614085869133,14.21322472333926,21.26503006604842
1957:Q4,1947933,643760,1304173,198138,108084,103997,4087,0,2907,0,0,1180,27177,275143,266234,8909,0,1498,0,0,7411,695631,172076,1775857,5.54865137755128,8.287552095133389,14.12487126654816,21.0971276609978
1958:Q1,1980460,644332,1336128,201524,108794,104522,4272,0,2974,0,0,1298,27701,290010,280386,9624,0,1612,0,0,8012,708100,171212,1809248,5.493369780274475,8.142482373157398,14.64356646485468,21.70525316689686
1958:Q2,2011214,650040,1361174,202122,107152,102628,4524,0,3046,0,0,1478,28584,305533,294788,10745,0,1796,0,0,8949,717783,174783,1836431,5.327726378807927,7.872025816971792,15.19146841586085,22.44627878095456
1958:Q3,2068893,660429,1408464,210487,105598,100997,4601,0,3124,0,0,1477,29284,335770,323591,12179,0,2037,0,0,10142,727325,178359,1890534,5.104083119250065,7.497389140316615,16.22945499867985,23.83945104683905
1958:Q4,2104930,670318,1434612,214964,106670,102011,4659,0,3206,0,0,1453,30043,347385,333401,13984,0,2312,0,0,11672,735550,184149,1920781,5.067627590127861,7.435461275198467,16.50340124117903,24.21456562374444
1959:Q1,2127741,674228,1453513,217079,109364,104576,4788,0,3260,0,0,1528,30602,354574,339692,14882,0,2427,0,0,12455,741894,186644,1941097,5.139911649973064,7.524116470776885,16.66434140464457,24.3942803254201
1959:Q2,2162509,686606,1475903,220110,110067,105163,4904,0,3342,0,0,1562,31057,367199,351283,15916,0,2656,0,0,13260,747470,193679,1968830,5.08978234478424,7.457604048830007,16.98023010732034,24.87961649837217
1959:Q3,2181977,697402,1484575,225937,112778,107662,5116,0,3417,0,0,1699,31345,360944,345399,15545,0,2684,0,0,12861,753571,199894,1982083,5.168616162584917,7.596653813281697,16.54206487247557,24.3129565516426
1959:Q4,2222459,706025,1516434,228073,115743,110430,5313,0,3514,0,0,1799,30443,381214,364442,16772,0,2905,0,0,13867,760960,206702,2015757,5.207881218920021,7.632579883674897,17.15280605297406,25.13885338875995
1960:Q1,2231778,720533,1511245,228284,121032,115607,5425,0,3577,0,0,1848,30621,360200,344090,16110,0,2826,0,0,13284,771108,207626,2024152,5.423119204467684,8.008759162966971,16.13959562305225,23.83464745274558
1960:Q2,2256656,726937,1529719,230198,121723,116174,5549,0,3630,0,0,1919,31213,367083,350070,17013,0,3024,0,0,13989,779502,214485,2042171,5.393954919795117,7.957213764125516,16.26668052728861,23.99676232245744
1960:Q3,2256628,734743,1521885,236950,121190,115486,5704,0,3698,0,0,2006,32280,342221,325875,16346,0,2921,0,0,13425,789244,219067,2037561,5.370402164919674,7.96315086008947,15.16514893374846,22.48665278068057
1960:Q4,2315344,737554,1577790,241999,120691,114846,5845,0,3802,0,0,2043,33623,382668,364553,18115,0,3309,0,0,14806,798808,224550,2090794,5.212659766984657,7.64937080125921,16.52747999198353,24.25341927547422
1961:Q1,2366555,736012,1630543,245183,119781,113862,5919,0,3828,0,0,2091,33818,424085,403160,20925,0,3816,0,0,17109,807677,225311,2141244,5.061406775461897,7.346078201077303,17.91992630193235,26.00881253206992
1961:Q2,2395455,748140,1647315,248914,119943,113999,5944,0,3908,0,0,2036,35336,424712,403029,21683,0,3919,0,0,17764,818409,231512,2163943,5.007107758059579,7.281122257497739,17.72991129237221,25.78207978978665
1961:Q3,2436182,759563,1676619,254476,120873,114750,6123,0,3963,0,0,2160,35408,435351,412628,22723,0,4132,0,0,18591,830511,235787,2200395,4.961574846069444,7.209329626385939,17.87021560490083,25.96600450205377
1961:Q4,2499235,769627,1729608,259771,122376,115882,6494,0,4045,0,0,2449,36094,468040,443217,24823,0,4571,0,0,20252,843327,242913,2256322,4.896538169142254,7.075360070219851,18.72732990688812,27.0604655101139
1962:Q1,2513530,779418,1734112,264379,122604,116090,6514,0,4101,0,0,2413,36277,457876,433050,24826,0,4573,0,0,20253,852977,244240,2269290,4.877759295779889,7.070127730441277,18.21644745603289,26.40405204505532
1962:Q2,2425840,786529,1639311,269120,122386,115856,6530,0,4195,0,0,2335,37525,349028,329789,19239,0,3569,0,0,15670,861252,251339,2174501,5.04510155905643,7.465702663735836,14.38793658999201,21.29115841736501
1962:Q3,2471507,793700,1677807,276819,123964,117167,6797,0,4237,0,0,2560,38068,368225,348408,19817,0,3850,0,0,15967,870732,257554,2213953,5.015733498933296,7.388465670858678,14.89880001079501,21.94679450974788
1962:Q4,2584007,803579,1780428,285976,123190,116251,6939,0,4341,0,0,2598,38142,453634,431230,22404,0,4377,0,0,18027,879486,265049,2318958,4.767403046371741,6.919124624428018,17.55544503624808,25.47892654797476
1963:Q1,2621257,813445,1807812,294112,119916,112897,7019,0,4419,0,0,2600,37860,467898,443950,23948,0,4702,0,0,19246,888026,267959,2353298,4.574747902852753,6.633206707188807,17.85012634357393,25.88198963106302
1963:Q2,2662962,817644,1845318,300241,119547,112595,6952,0,4506,0,0,2446,39185,490841,465276,25565,0,4990,0,0,20575,895503,277476,2385486,4.489263527903295,6.478416389348575,18.43215790540979,26.59928362932139
1963:Q3,2712366,830885,1881481,307676,120254,112981,7273,0,4596,0,0,2677,39325,511556,485143,26413,0,5254,0,0,21159,902669,284993,2427373,4.43354792756806,6.391456954521351,18.86015332147162,27.18902785742093
1963:Q4,2716308,839160,1877148,316913,122571,115129,7442,0,4663,0,0,2779,39382,484501,457229,27272,0,5534,0,0,21738,913780,294004,2422304,4.512400040016441,6.529623208595474,17.83675595186631,25.81049875820303
1964:Q1,2766801,843875,1922926,320017,124284,116675,7609,0,4763,0,0,2846,40727,515456,486216,29240,0,5938,0,0,23302,922442,297969,2468832,4.491966390915614,6.463263388610829,18.63003791455805,26.80581987993256
1964:Q2,2820612,860171,1960441,327818,124977,117118,7859,0,4826,0,0,3033,39781,531535,501513,30022,0,6227,0,0,23795,936329,307566,2513046,4.430855653050314,6.374955726249078,18.84467252874066,27.11303695115427
1964:Q3,2873880,869243,2004637,338206,126242,118250,7992,0,4883,0,0,3109,41040,550142,518457,31685,0,6528,0,0,25157,949007,314378,2559502,4.392728433778161,6.297486691489433,19.14282431002902,27.44346324779342
1964:Q4,2927135,884106,2043029,345826,127109,118960,8149,0,5025,0,0,3124,41275,562152,530283,31869,79,6741,0,0,25049,966668,323369,2603766,4.342421668808443,6.22157323529005,19.20485128943267,27.51561176757998
1965:Q1,2974347,895205,2079142,351233,129062,120460,8602,0,5140,0,0,3462,41419,576727,543745,32982,80,6991,0,0,25911,980701,326864,2647483,4.339167741366204,6.207459649060634,19.3900410058261,27.73870574070036
1965:Q2,2980888,903705,2077183,357787,128769,120223,8546,0,5183,0,0,3363,41802,553329,520804,32525,78,6914,0,0,25533,995495,336469,2644419,4.319831994521877,6.199230362196451,18.56254827682449,26.63842321260557
1965:Q3,3065630,912547,2153083,369367,130703,121773,8930,0,5198,0,0,3732,41843,602054,566354,35700,87,7722,0,0,27891,1009117,343385,2722245,4.263487293496892,6.070492329815087,19.63881816013089,27.96239012827603
1965:Q4,3155441,930942,2224499,380034,130474,121426,9048,0,5276,0,0,3772,42301,639481,600948,38533,229,8151,0,0,30153,1032209,352786,2802655,4.134895855428514,5.865329553666562,20.2659844306022,28.74719982581977
1966:Q1,3165224,935825,2229399,384058,137859,128182,9677,0,5470,0,0,4207,41956,619933,580915,39018,228,8153,0,0,30637,1045593,355964,2809260,4.355430623909936,6.183690712474156,19.5857687823936,27.80720139392995
1966:Q2,3207097,971324,2235773,388431,139933,129939,9994,0,5530,0,0,4464,43122,593011,555299,37712,224,7974,0,0,29514,1071276,365660,2841437,4.363230478455041,6.258821214893491,18.49060046342967,26.52377934837199
1966:Q3,3182656,979823,2202833,393357,145712,135295,10417,0,5609,0,0,4808,43937,530838,497568,33270,206,7342,0,0,25722,1088989,369551,2813105,4.578321124657114,6.614764270143675,16.6790728376508,24.0979459635172
1966:Q4,3278162,1005994,2272168,400488,147897,137202,10695,0,5720,0,0,4975,44552,567955,531417,36538,515,7894,0,0,28129,1111276,376022,2902140,4.511585917884522,6.509073626115761,17.32542157257892,24.99618685579402
1967:Q1,3384083,1013807,2370276,410113,145896,135430,10466,0,5761,0,0,4705,45721,641393,598899,42494,588,9099,0,0,32807,1127153,375812,3008271,4.311249302171486,6.155243161837866,18.9532399775598,27.05985958821423
1967:Q2,3432446,1028922,2403524,421794,140974,130988,9986,0,5747,0,0,4239,46643,648819,604594,44225,595,9364,0,0,34266,1145293,383147,3049299,4.107113236502625,5.865323089205964,18.90253467364857,26.99450116945819
1967:Q3,3525142,1047820,2477322,433251,145266,135424,9842,0,5816,0,0,4026,47453,688660,640696,47964,633,10104,0,0,37227,1162692,389209,3135933,4.120851964257966,5.863827504731296,19.53568011656557,27.79858616245561
1967:Q4,3614460,1074447,2540013,445875,148597,138576,10021,0,5842,0,0,4179,48766,712492,663217,49275,1058,10221,0,0,37996,1184284,410869,3203591,4.111185698133466,5.850251928565308,19.71225556230572,28.05070594892098
1968:Q1,3628436,1104937,2523499,450725,152291,141562,10729,0,5978,0,0,4751,48881,659430,614335,45095,996,9656,0,0,34443,1212172,402468,3225968,4.197147923098714,6.034907455600847,18.17394564845333,26.13157365455952
1968:Q2,3779036,1130394,2648642,458177,153346,143180,10166,0,5979,0,0,4187,51479,750417,697357,53060,1158,11195,0,0,40707,1235223,415182,3363854,4.057819064068734,5.789624931774533,19.85736900282077,28.33214513584102
1968:Q3,3848646,1152220,2696426,470260,154360,143841,10519,0,6015,0,0,4504,53888,760631,704969,55662,1225,11774,0,0,42663,1257287,422781,3425865,4.010748809880491,5.724597280058752,19.76361094285311,28.20887540223879
1968:Q4,4031534,1200785,2830749,484971,152459,142391,10068,0,6077,0,0,3991,53960,850012,791225,58787,1946,12291,0,0,44550,1289347,436144,3595390,3.781657070226009,5.385811120534563,21.08408962801499,30.02782173956455
1969:Q1,4047693,1233251,2814442,482576,164453,153398,11055,0,6077,0,0,4978,48804,801324,744978,56346,1938,12163,0,0,42245,1317286,434920,3612773,4.062881771293933,5.843182264289312,19.79705186414928,28.47185540941106
1969:Q2,4066523,1259344,2807179,488918,162365,151756,10609,0,6033,0,0,4576,50309,761709,707381,54328,1960,12185,0,0,40183,1343879,446332,3620191,3.992711759029709,5.783903974460328,18.7312134302317,27.13432532678242
1969:Q3,4094323,1278153,2816170,486112,177650,166380,11270,0,6151,0,0,5119,47642,739149,685998,53151,1938,11951,0,0,39262,1365618,452181,3642142,4.338924565702108,6.308198141065695,18.05301414862146,26.24659372812549
1969:Q4,4124022,1308683,2815339,492052,184905,173775,11130,0,6202,0,0,4928,51888,692977,638787,54190,2774,12285,0,0,39131,1393518,463780,3660242,4.483600556988958,6.567758505178206,16.80343234180647,24.61434382397365
1970:Q1,4144211,1318327,2825884,489065,193616,182021,11595,0,6247,0,0,5348,48591,672085,614739,57346,2787,15335,0,0,39224,1422528,456241,3687970,4.671950757720432,6.851501863452484,16.21743221363201,23.78316313554841
1970:Q2,4087421,1356816,2730605,503472,187488,174668,12820,0,6267,0,0,6553,49323,529728,485356,44372,2234,12530,0,0,29608,1460594,462800,3624621,4.586956931352346,6.866179630105684,12.95994809921685,19.39964402932263
1970:Q3,4222090,1362891,2859199,525253,189005,176650,12355,0,6465,0,0,5890,51592,616820,564848,51972,2755,14978,0,0,34239,1476529,469739,3752351,4.476583709497042,6.610431265728733,14.60934576508291,21.57316433343232
1970:Q4,4354356,1390872,2963484,541812,187997,175932,12065,0,6619,0,0,5446,53672,676057,617555,58502,4006,16772,0,0,37724,1503946,478741,3875615,4.317450506697603,6.343788653256269,15.52599088736489,22.81290883798987
1971:Q1,4519761,1427159,3092602,565757,184738,173032,11706,0,6483,0,0,5223,51838,744987,677215,67772,4615,19215,0,0,43942,1545282,481495,4038266,4.087346067983204,5.973554642988288,16.48288932769062,24.08933289122536
1971:Q2,4607295,1461016,3146279,586950,181831,170459,11372,0,6301,0,0,5071,52070,741959,673031,68928,4742,19734,0,0,44452,1583468,495146,4112149,3.946596503574026,5.779250686505969,16.10400987365189,23.58211943722103
1971:Q3,4680407,1490789,3189618,602006,187069,176141,10928,0,6219,0,0,4709,50141,728578,658628,69950,5015,20825,0,0,44110,1621825,507891,4172516,3.996843534626421,5.864919799014856,15.56655014780742,22.84216716848956
1971:Q4,4818244,1517895,3300349,622731,183890,172223,11667,0,6387,0,0,5280,50938,782423,707302,75121,6477,22163,0,0,46481,1660367,524086,4294158,3.816534792622161,5.571833838844789,16.23876625543868,23.70729267241392
1972:Q1,4983811,1570890,3412921,641738,186295,174067,12228,0,6644,0,0,5584,49756,827684,748293,79391,7123,24058,0,0,48210,1707448,531333,4452478,3.738006960951664,5.458526551107443,16.60746032332517,24.25149660455811
1972:Q2,5068608,1600642,3467966,660025,184695,172125,12570,0,7071,0,0,5499,50502,823648,744562,79086,7303,24271,0,0,47512,1749096,551272,4517336,3.643894494518302,5.325736624920245,16.24998045432588,23.75017064572883
1972:Q3,5209383,1649565,3559818,683906,187089,173502,13587,0,7690,0,0,5897,48996,843007,764016,78991,7617,24841,0,0,46533,1796820,566724,4642659,3.591382582586845,5.255574269770716,16.18246927963139,23.68117771126636
1972:Q4,5474707,1714191,3760516,708033,186434,172544,13890,0,8125,0,0,5765,50969,966844,881667,85177,8727,26954,0,0,49496,1848236,585423,4889284,3.405369194773871,4.957670315992569,17.66018954229651,25.7103980393702
1973:Q1,5510828,1758700,3752128,728042,193706,178904,14802,0,8656,0,0,6146,48140,888521,811957,76564,8486,25565,0,0,42513,1893720,597546,4913282,3.514998714573558,5.162551322261813,16.12318691225632,23.68045813724901
1973:Q2,5569376,1819177,3750199,745664,195716,180522,15194,0,8978,0,0,6216,49631,813634,744190,69444,8169,23900,0,0,37375,1945554,616455,4952921,3.514150614013376,5.218823408336524,14.60906762026747,21.69575309794416
1973:Q3,5769558,1891339,3878219,757616,207309,191361,15948,0,9498,0,0,6450,48255,861419,785240,76179,9216,26195,0,0,40768,2003620,635549,5134009,3.593156028120996,5.345474738207087,14.9304142761639,22.21171352415121
1973:Q4,5750511,1943353,3807158,776400,209589,193539,16050,0,9826,0,0,6224,50804,714232,647014,67218,7924,23389,0,0,35905,2056133,651963,5098548,3.644705652466645,5.505135213925104,12.42032425634185,18.76024319979881
1974:Q1,5784349,1944537,3839812,793820,218649,201800,16849,0,10203,0,0,6646,49251,678022,612227,65795,8373,24216,0,0,33206,2100069,656214,5128135,3.780018583465273,5.694275524524919,11.7216684672169,17.65769357627866
1974:Q2,5787999,1962314,3825685,810250,219184,202003,17181,0,10653,0,0,6528,52085,596967,537702,59265,7823,22141,0,0,29301,2147199,677007,5110992,3.786875085606921,5.729282438511088,10.31386890214488,15.60417669934676
1974:Q3,5766593,2002139,3764454,819260,235839,217892,17947,0,11448,0,0,6499,52982,439589,395999,43590,5921,16570,0,0,21099,2216784,695427,5071166,4.089738989937434,6.264881924708019,7.623025280512238,11.67735970656749
1974:Q4,5918373,2064503,3853870,839408,246391,227446,18945,0,12250,0,0,6695,54027,440238,391559,48679,6146,18689,0,0,23844,2273806,708618,5209755,4.163158844124499,6.393346471980705,7.438502785233281,11.42327912995857
1975:Q1,6169758,2142419,4027339,855589,247120,226921,20199,0,13389,0,0,6810,47484,547388,485022,62366,7419,25731,0,0,29216,2329759,707942,5461816,4.005350465911815,6.136071998974712,8.872107069604564,13.5917913363701
1975:Q2,6416525,2216083,4200442,884178,247261,225828,21433,0,14439,0,0,6994,50693,629831,556439,73392,8536,30802,0,0,34054,2388478,721972,5694553,3.853504617094936,5.88654938027706,9.815768944021878,14.99440492118432
1975:Q3,6432689,2228654,4204035,901665,263015,240304,22711,0,15475,0,0,7236,50994,550002,485972,64030,7431,27970,0,0,28629,2438358,742057,5690632,4.088727840067214,6.256254801006977,8.550113353336044,13.0827215232509
1975:Q4,6624406,2286339,4338067,923496,276246,252707,23539,0,16309,0,0,7230,55203,593596,523768,69828,9276,30240,0,0,30312,2489527,765776,5858630,4.170117486854457,6.367939971759141,8.960742303880561,13.68342001715542
1976:Q1,6833265,2334914,4498351,947473,275220,251093,24127,0,17158,0,0,6969,56153,690185,609921,80264,10644,34626,0,0,34994,2529321,775307,6057958,4.027646329461439,6.118236527680255,10.10036308889228,15.34305779066686
1976:Q2,7036991,2420257,4616734,976186,280352,255514,24838,0,17954,0,0,6884,55980,709231,628914,80317,10834,34596,0,0,34887,2594984,802059,6234932,3.983976269169252,6.072519261816445,10.07861217968413,15.36218151376484
1976:Q3,7178403,2471450,4706953,998285,285534,260452,25082,0,18111,0,0,6971,56093,719122,639991,79131,11069,34586,0,0,33476,2647918,827219,6351184,3.977680110473026,6.066215612471533,10.01786074801007,15.27787594410593
1976:Q4,7375329,2543163,4832166,1025251,291048,265275,25773,0,18285,0,0,7488,60263,744494,663960,80534,12179,35140,0,0,33215,2711110,855353,6519976,3.946238388729791,6.023138848661213,10.09438010084697,15.40704005926369
1977:Q1,7500520,2630038,4870482,1060160,293834,267205,26629,0,18505,0,0,8124,55059,682601,608843,73758,11512,33238,0,0,29008,2778829,872133,6628387,3.917512699736784,6.032951450423637,9.10071268680894,14.01505547319904
1977:Q2,7718253,2742978,4975275,1083895,292697,264116,28581,0,19425,0,0,9156,56724,698843,622009,76834,11881,34491,0,0,30462,2843117,910866,6807387,3.792264478765516,5.883022798854305,9.054417934845358,14.04631650543279
1977:Q3,7896784,2839326,5057458,1117335,298310,268099,30211,0,19751,0,0,10460,55013,665446,591459,73987,11506,33733,0,0,28748,2921354,949050,6947734,3.777614332260202,5.898418505093006,8.42679846262029,13.15771797193223
1977:Q4,8093307,2947298,5146009,1141508,305612,274077,31535,0,20633,0,0,10902,60722,632755,558936,73819,10940,34611,0,0,28268,3005411,986885,7106422,3.776113343849361,5.938824594567086,7.818253916447532,12.29603945051002
1978:Q1,8289727,3042450,5247277,1172061,314480,282044,32436,0,20844,0,0,11592,58327,596589,525618,70971,10565,34181,0,0,26225,3105820,1009796,7279931,3.793606383159834,5.993196236249611,7.196727111090465,11.36949738037323
1978:Q2,8589258,3172610,5416648,1201164,316651,283201,33450,0,21826,0,0,11624,62616,637309,558997,78312,11524,38367,0,0,28421,3198908,1060157,7529101,3.686589364849869,5.845878883681788,7.419833606353022,11.76573909027647
1978:Q3,8883369,3288677,5594692,1233400,324543,290941,33602,0,22287,0,0,11315,66687,681523,594621,86902,12586,43231,0,0,31085,3288540,1107727,7775642,3.653371773006212,5.800900009546224,7.671892799465203,12.18159163063628
1978:Q4,9107511,3408033,5699478,1256270,334433,300508,33925,0,22767,0,0,11158,73592,649579,567785,81794,11466,42086,0,0,28242,3385603,1150252,7957259,3.672057675324986,5.867783945054179,7.132345599642888,11.39716929867079
1979:Q1,9445812,3562042,5883770,1278231,348781,313492,35289,0,23553,0,0,11736,69082,691927,601869,90058,12197,48762,0,0,29099,3495749,1177797,8268015,3.692444798352489,5.927855583172064,7.325227393205688,11.75992938884121
1979:Q2,9765926,3717645,6048281,1307621,361922,324330,37592,0,25048,0,0,12544,74717,704915,613708,91207,12337,49791,0,0,29079,3599106,1225353,8540573,3.705962550687406,5.983874882990524,7.218106011524123,11.65479755242279
1979:Q3,10099583,3845429,6254154,1349155,371107,331583,39524,0,26743,0,0,12781,79654,749291,652193,97098,13174,53555,0,0,30369,3704946,1275760,8823823,3.674477564558139,5.933766854785707,7.419031359848725,11.98069701181586
1979:Q4,10425614,3962150,6463464,1373000,409763,370824,38939,0,28158,0,0,10781,86010,781629,684584,97045,12811,55139,0,2828,26267,3813063,1321228,9104386,3.930351674875279,6.339685385687186,7.497193835832813,12.09302732336327
1980:Q1,10647282,4113377,6533905,1402350,418247,376148,42099,0,30730,0,941,10428,89737,715168,625344,89824,11954,47770,0,2492,27608,3908403,1350243,9297039,3.928199874516993,6.401172191194647,6.716905567698239,10.94548915643383
1980:Q2,11012169,4224000,6788169,1441376,419290,373162,46128,0,32836,0,1036,12256,95007,816591,715635,100956,13310,54454,0,2587,30605,4015905,1368494,9643675,3.807513127549895,6.176772898456922,7.415347063583989,12.02961440725788
1980:Q3,11442204,4369921,7072283,1490725,427538,379052,48486,0,34667,0,1081,12738,102933,919051,806770,112281,14419,60124,0,2951,34787,4132035,1404495,10037709,3.73650138528696,6.045263042792251,8.032119268932469,12.9951172942086
1980:Q4,11808992,4451457,7357535,1536746,441588,391446,50142,0,36425,0,1103,12614,109476,1019175,896593,122582,17582,63961,0,3299,37740,4250550,1446947,10362045,3.739424568679848,6.001851773526978,8.630501672032381,13.85212906835075
1981:Q1,12013534,4514991,7498543,1576631,438763,386543,52220,0,37916,0,1197,13107,104005,1023070,899147,123923,17894,64608,0,3466,37955,4356074,1456193,10557341,3.652237885975319,5.8513079094809,8.515982388132047,13.64358967306705
1981:Q2,12336170,4716030,7620140,1612956,445113,390125,54988,0,39682,0,1272,14034,108699,1001467,879552,121915,17863,63034,0,3409,37609,4451904,1493595,10842575,3.608198100509596,5.841276631219836,8.118139368007164,13.14237646004766
1981:Q3,12468422,4842252,7626170,1673108,463786,406998,56788,0,41214,0,1284,14290,111927,844690,734949,109741,16392,57553,0,2951,32845,4532660,1524585,10943837,3.719681893991919,6.081501416864586,6.77463247813083,11.07619903762098
1981:Q4,12811799,4916986,7894813,1763221,477081,416425,60655,0,43822,0,1398,15435,119766,913725,796146,117579,16759,62109,0,3214,35497,4621021,1556065,11255734,3.7237591545573,6.042961949091179,7.131901484542742,11.57373705090827
1982:Q1,12952918,5030606,7922312,1813206,495818,431984,63833,0,46629,0,1424,15780,119980,789692,674820,114872,15505,63968,0,2929,32470,4703616,1560136,11392782,3.827846206201624,6.258498574342244,6.09663105512488,9.967944037294988
1982:Q2,13109509,5075210,8034299,1862108,513327,446703,66624,0,48914,0,1472,16238,125915,761483,646333,115150,14966,65386,0,2892,31906,4771466,1584350,11525159,3.915686250335494,6.389197612995959,5.808634594418992,9.477908063305069
1982:Q3,13345173,5096901,8248272,1927996,549749,480180,69569,0,50550,0,1593,17426,122082,819747,686622,133125,16739,76350,0,3354,36682,4828697,1594325,11750848,4.119459816340132,6.665020677911953,6.142650448892867,9.93841282215234
1982:Q4,13707046,5147965,8559081,1989205,552784,479836,72948,0,52509,0,1750,18689,134201,987572,837646,149926,20262,80568,0,4203,44893,4895319,1629030,12078016,4.032842873821237,6.45844598576886,7.204849545814717,11.53829521335779
1983:Q1,14036725,5221734,8814991,2044362,572014,494513,77500,0,54464,0,1895,21141,127671,1087245,916505,170740,21955,91192,0,4738,52855,4983699,1622222,12414503,4.07512203124981,6.489101077461562,7.745718779639129,12.33404832867185
1983:Q2,14386694,5290132,9096562,2082154,607760,525047,82713,0,56382,0,2019,24312,130213,1220014,1021592,198422,24360,103363,0,5421,65278,5056421,1673327,12713367,4.224459172001367,6.681205775717425,8.480152685184153,13.41181031520682
1983:Q3,14605360,5365194,9240166,2137739,655328,568013,87315,0,60029,0,2057,25229,130445,1186122,987949,198173,24327,101014,0,5490,67342,5130532,1731147,12874213,4.486901584114515,7.092168435845676,8.121142877065845,12.83658936929546
1983:Q4,14768828,5444616,9324212,2181405,653246,561831,91415,0,62296,0,2164,26955,133886,1128017,929300,198717,24771,99766,0,5513,68667,5227658,1793755,12975073,4.423141690067727,7.005912966667389,7.637819990316805,12.09771376471834
1984:Q1,15041661,5651389,9390272,2242238,658929,562066,96863,0,64207,0,2393,30263,129801,1067231,866844,200387,23606,105155,0,5250,66376,5292074,1826137,13215524,4.380692020267214,7.017143168443296,7.095165294950377,11.3652798343491
1984:Q2,15332429,5827923,9504506,2319319,712175,613968,98207,0,63429,0,2457,32321,131162,996867,805319,191548,22673,99837,0,4877,64161,5344983,1891150,13441279,4.644896699916325,7.493030109426958,6.501688037412177,10.4883590257902
1984:Q3,15719885,5991339,9728546,2373571,756821,649944,106877,0,67611,0,2692,36574,135305,1050372,838457,211915,24466,109989,0,5310,72150,5412477,1946892,13772993,4.814418050814924,7.779384242203513,6.681807067818919,10.79680743637042
1984:Q4,16071368,6149614,9921754,2482942,759993,645712,114281,0,71967,0,2849,39465,130906,1056199,834956,221243,23848,116578,0,5441,75376,5491713,2013977,14057391,4.728865637297727,7.659869539791726,6.571930955623453,10.64528739145164
1985:Q1,16547044,6326852,10220192,2526469,839934,714272,125662,0,72631,0,3416,49615,147256,1139812,882090,257722,25860,143816,0,5671,82375,5566721,2088221,14458823,5.07603669251108,8.218378090007251,6.888314052805747,11.15255320596645
1985:Q2,16960290,6522317,10437973,2570117,875594,733983,141611,0,74237,0,3880,63494,157818,1197719,933875,263844,27184,135656,0,5817,95187,5636725,2163818,14796472,5.162611038962981,8.388542543337204,7.061903599576816,11.47463528336926
1985:Q3,17258680,6729321,10529359,2611146,921361,764972,156389,0,75357,0,4162,76870,151605,1121631,864778,256853,25449,128524,0,5284,97596,5723617,2255833,15002847,5.338534796135541,8.750396254817948,6.498935821904612,10.65241041745426
1985:Q4,17871059,6935288,10935771,2633979,991746,801030,190717,0,81155,0,5380,104182,165942,1328691,1012735,315956,33327,166673,0,5694,110262,5815413,2369310,15501749,5.549453553174636,9.068826776720504,7.434878152653145,12.14995700502141
1986:Q1,18399196,7078879,11320317,2691771,1026628,802703,223925,0,85769,0,6519,131637,167507,1499663,1143468,356195,36439,177716,0,6702,135338,5934747,2393408,16005788,5.579745604756922,9.068900943615295,8.150700861237674,13.24753921909752
1986:Q2,18841532,7264989,11576543,2750980,1069148,818345,250803,0,85700,0,7210,157893,161641,1557508,1187795,369713,38532,178610,0,6662,145909,6037266,2459114,16382418,5.674421305519586,9.235467904897893,8.266355727523198,13.45399978280584
1986:Q3,19108771,7461602,11647169,2818914,1102057,820429,281628,0,87754,0,7509,186365,162446,1409508,1068236,341272,35222,158061,0,5732,142257,6154244,2545610,16563161,5.767283906255261,9.462016627166376,7.376237023086926,12.10172387779788
1986:Q4,19768236,7644018,12124218,2914563,1176478,861078,315401,0,97154,0,7964,210283,171599,1586681,1229639,357042,38285,159076,0,5827,153854,6274896,2632766,17135470,5.95135812751213,9.703541577928801,8.026416907008796,13.08687336742562
1987:Q1,20397342,7824064,12573278,2900265,1244621,876900,367721,0,111135,0,9560,247026,172468,1880456,1447647,432809,47209,187197,0,7392,191011,6375468,2638258,17759084,6.101877764174882,9.898937020764215,9.219122478287947,14.9559719690033
1987:Q2,20781219,8011674,12769545,2947277,1299430,936940,362490,0,110476,390,9626,241998,170858,1887950,1420164,467786,49449,207452,0,8068,202817,6464030,2731548,18049671,6.252906501449294,10.17600998632214,9.084887170872898,14.78478889041201
1987:Q3,21269167,8192943,13076224,2993577,1351417,994534,356883,0,113396,727,9722,233038,171409,1980904,1479801,501102,53345,229469,0,8742,209546,6578918,2809325,18459842,6.353877439256913,10.33491618692694,9.313500009417778,15.14889812157487
1987:Q4,21279252,8330502,12948750,3080283,1358586,1013353,345233,0,111020,1086,8369,224758,181024,1600187,1190377,409810,43188,195436,0,6145,165041,6728670,2875810,18403442,6.384555507498185,10.49202170974785,7.519940867236576,12.35785055708338
1988:Q1,21831928,8517225,13314703,3159477,1364337,1021495,342842,0,104181,1435,8663,228563,183422,1731300,1296317,434982,45906,208065,0,6610,174401,6876167,2920727,18911201,6.249274808006981,10.24684660473983,7.930127851036183,13.00291732113121
1988:Q2,22350569,8753208,13597361,3181135,1406340,1058389,347951,0,105423,1846,8957,231725,186738,1825395,1377165,448231,47150,213548,0,6979,180554,6997754,3006460,19344109,6.292187807434606,10.34274046398822,8.167109298027984,13.4246297783295
1988:Q3,22750905,8927680,13823225,3220078,1460280,1111182,349098,0,104845,2268,9045,232940,187607,1835866,1406622,429244,48598,201022,5,6714,172905,7119395,3087447,19663458,6.418556090050605,10.56395751339659,8.069417634521123,13.28102206368073
1988:Q4,23328528,9095132,14233396,3287758,1552377,1204772,347605,0,105029,2732,9211,230633,189097,1950590,1526934,423656,46288,198810,7,6857,171694,7253575,3161942,20166586,6.654414236776987,10.90658106395254,8.361391404363115,13.70431564886941
1989:Q1,23801068,9260974,14540094,3316766,1590705,1244743,345962,0,102381,3223,9504,230854,191536,2042101,1591738,450363,48684,216496,18,7322,177843,7398985,3206537,20594530,6.683336463844546,10.94013195312816,8.579872065198654,14.0446217307809
1989:Q2,24312181,9433813,14878368,3337234,1625683,1266977,358706,0,106468,3761,9760,238717,200331,2164464,1673344,491119,53059,232862,27,8059,197112,7550656,3294926,21017255,6.686703641359049,10.92649071248309,8.902794832124274,14.5477219069002
1989:Q3,24936068,9672554,15263514,3397162,1664617,1295633,368984,0,113204,4279,10285,241216,195115,2337937,1805059,532878,58433,250771,42,9146,214486,7668684,3379234,21556834,6.675537581149328,10.90585420097961,9.375724512747425,15.31716110074982
1989:Q4,25421828,9817873,15603955,3457579,1685882,1317981,367901,0,117914,4871,10293,234823,209615,2419248,1882865,536383,51354,261044,55,9404,214526,7831632,3462684,21959144,6.631630115236418,10.80419412970389,9.516419328622447,15.50406763638351
1990:Q1,25581136,9906239,15674897,3485943,1733001,1355435,377566,0,120400,5452,10340,241374,208763,2275159,1769721,505439,48982,247176,89,8594,200598,7972031,3530872,22050264,6.774528551682506,11.05590268614666,8.89389508316596,14.51466884966632
1990:Q2,25925272,9989700,15935572,3477237,1792833,1401444,391389,0,129418,6131,10596,245244,213432,2365918,1827236,538682,56069,254273,123,9452,218765,8086151,3603971,22321301,6.915386898396612,11.25050845615008,9.125914344043458,14.84677256764438
1990:Q3,25827854,10069351,15758503,3516059,1848700,1456543,392157,0,129954,6786,9819,245598,219587,1964655,1503312,461344,48281,227798,142,7117,178006,8209501,3667630,22160224,7.15777599436079,11.73144396942922,7.606730223678825,12.46727048736332
1990:Q4,26369209,10097900,16271309,3563066,1949499,1531229,418271,12697,133050,7571,10373,254580,231900,2213781,1701695,512086,55779,252460,340,7967,195540,8313063,3734297,22634912,7.393090347005262,11.98120835653588,8.395325075162821,13.60542536682521
1991:Q1,26938150,10150972,16787178,3625182,1973972,1515041,458932,13805,143283,8181,11884,281779,231793,2559800,1992615,567185,54125,289431,449,9031,214149,8396431,3760140,23178010,7.327795016638985,11.75881027397165,9.502509371759267,15.24854401295812
1991:Q2,27061311,10200828,16860483,3557009,2045565,1560719,484846,15892,148023,8926,12118,299887,231659,2541750,1962521,579229,66135,285971,474,8803,217846,8484501,3825484,23235827,7.559001067506991,12.13230235275163,9.392559242171199,15.07518884763636
1991:Q3,27409126,10252951,17156175,3539468,2093708,1576993,516715,17088,153710,9535,12753,323629,244074,2716530,2087818,628712,71107,305359,669,9538,242039,8562395,3867635,23541491,7.638726066395023,12.20381612637137,9.911042918644448,15.83412526492045
1991:Q4,28071277,10318399,17752878,3552730,2164797,1587370,577426,20655,162697,10353,14182,369539,265430,3140212,2454778,685434,79730,335026,1045,9966,259667,8629709,3951438,24119839,7.711786052811885,12.19406137428037,11.18656726943932,17.68846891198714
1992:Q1,28140843,10413693,17727150,3431869,2195276,1639260,556015,20075,162527,10899,12652,349862,247394,3078385,2379159,699226,56790,333621,1385,10729,296701,8774226,3971738,24169105,7.801029977446698,12.38369178271282,10.93920786102835,17.36537084072882
1992:Q2,28296349,10470088,17826261,3390686,2224607,1630422,594185,22317,165632,11729,13104,381403,254712,3066744,2343862,722882,59087,345874,1696,10504,305721,8889511,4015833,24280516,7.861817435779765,12.47938256907236,10.83794951074382,17.20351805593004
1992:Q3,28711615,10565174,18146441,3379184,2292547,1659884,632663,24464,175266,12498,13372,407063,253499,3188038,2428459,759579,62573,362600,2001,10572,321833,9033173,4083660,24627955,7.98473695799165,12.6335898377379,11.10365314824192,17.56839333761586
1992:Q4,29384760,10652429,18732331,3400695,2332666,1670973,661693,26908,182700,13398,13966,424721,250443,3599217,2763304,835913,71288,388484,2415,11898,361828,9149310,4156856,25227904,7.938352662829887,12.45261938171823,12.24858522297256,19.21393218776984
1993:Q1,29725201,10673004,19052197,3335263,2431707,1708086,723621,31150,192850,14093,14830,470698,264682,3732755,2823624,909131,78085,424539,2929,12327,391251,9287790,4165047,25560153,8.180624593060799,12.76339478360095,12.55754305597227,19.59225456591608
1993:Q2,30057311,10792832,19264479,3328148,2455915,1695177,760738,34668,194341,14967,14875,501887,274814,3801485,2823204,978281,84901,444220,3293,12835,433032,9404117,4233488,25823822,8.17077368249767,12.74841053856093,12.64745505309595,19.73313122479942
1993:Q3,30543450,10916010,19627440,3332330,2509824,1703699,806125,39478,209352,15823,14322,527150,270576,3988254,2919219,1069035,96739,464959,3779,13319,490239,9526456,4320533,26222917,8.21722437544976,12.78732141434204,13.05763998462865,20.31978582635109
1993:Q4,31080620,11048387,20032233,3336389,2601691,1761439,840252,44422,214273,16622,14893,550042,271867,4174055,3054193,1119862,105667,473489,4398,14138,522170,9648232,4414772,26665848,8.370782551592997,12.98752414853061,13.42976845333494,20.83669489941169
1994:Q1,31271284,11143117,20128167,3326840,2660562,1867724,792837,43599,214345,17162,13638,504093,275409,4037397,2917635,1119762,109066,463496,4792,14288,528120,9827959,4447496,26823788,8.508002353176682,13.21810170854941,12.91087696540139,20.05844354421506
1994:Q2,31533305,11274123,20259182,3273650,2727439,1951546,775893,44835,221911,17903,13167,478077,272577,4005055,2859610,1145445,114444,478311,5179,14675,532836,9980461,4533341,26999964,8.649391814547389,13.46273064727874,12.70103020059928,19.7690834453854
1994:Q3,31989079,11398377,20590702,3294602,2758888,1982976,775912,45460,227652,19028,13154,470618,271868,4149247,2910046,1239201,125336,512410,5832,16196,579427,10116096,4622878,27366201,8.624467805405631,13.3987070337719,12.97082381223892,20.15107159863621
1994:Q4,32324453,11497112,20827341,3315333,2846368,2111198,735170,45335,227719,19927,12820,429369,270722,4153188,2960362,1192826,124616,501541,6179,16250,544240,10241729,4743693,27580760,8.805618410414938,13.66649729387719,12.84844076682065,19.94103909415506
1995:Q1,32918501,11590252,21328249,3362217,2836498,2085003,751494,47912,238397,21319,13252,430614,275208,4467240,3176847,1290393,136988,542671,7171,18020,585543,10387087,4774615,28143887,8.616727400220521,13.29925148639163,13.57060418452841,20.94517668827531
1995:Q2,33580983,11695161,21885822,3434686,2817312,2056102,761210,54057,243426,22274,13418,428035,276714,4808804,3387999,1420805,157199,584432,8508,20385,650281,10548306,4867511,28713472,8.389605632163974,12.87277243895543,14.32002037146668,21.97223226517135
1995:Q3,34333192,11817743,22515449,3442549,2880562,2095087,785475,58237,248783,22940,14074,441441,278238,5222143,3652736,1569407,174216,646636,9946,22821,715788,10691958,4981921,29351272,8.390020951072581,12.79371326210756,15.21018742384051,23.19359840676595
1995:Q4,35155019,11932497,23222522,3490898,2958161,2148957,809203,63312,259647,14687,14839,456718,297775,5612107,3976190,1635917,182528,685577,11459,23801,732552,10863582,5077496,30077523,8.414618228201604,12.73832642803135,15.96388496577233,24.1666552467005
1996:Q1,35821210,12073504,23747706,3603594,2967254,2139328,827926,65558,267533,24147,14723,455965,307679,5911863,4126502,1785361,202080,731930,13121,26219,812011,10957316,5148970,30672240,8.283511405272854,12.4949079918349,16.50380501428511,24.89445780655423
1996:Q2,36346428,12187534,24158894,3594049,3055120,2215719,839401,68153,268037,24802,14611,463798,304094,6159668,4246641,1913027,220129,760015,14964,28033,889886,11045963,5249926,31096503,8.405557604012104,12.64594285453015,16.94710743575591,25.4964824796225
1996:Q3,36762680,12320501,24442179,3637083,3085426,2230520,854906,71953,272377,25257,14726,470593,302436,6250992,4241262,2009730,234509,796917,16362,29187,932755,11166241,5348914,31413766,8.392822407350947,12.62336898272896,17.00363631730445,25.5746118365935
1996:Q4,37581585,12452183,25129402,3672251,3152171,2281474,870697,75322,279998,26102,27093,462182,341546,6616725,4462417,2154308,258660,844040,18778,57192,975638,11346708,5450328,32131257,8.387541702020568,12.54375691967199,17.60629649790409,26.3306116823453
1997:Q1,38000704,12641589,25359115,3732809,3034207,2160015,874192,77134,285095,26288,27965,457710,332135,6680950,4497999,2182951,268509,839358,20177,60742,994165,11579014,5492810,32507894,7.984607327968514,11.96495618234587,17.5811221553682,26.34536021434768
1997:Q2,39440891,12785061,26655830,3742150,3079672,2177416,902257,82501,295667,27153,28738,468198,349384,7731334,5172003,2559331,321632,983216,24842,71112,1158529,11753290,5589696,33851195,7.808323717236185,11.55346666900657,19.60233114991084,29.00428924013494
1997:Q3,40587565,12956029,27631536,3798322,3157863,2208010,949853,88996,309333,27154,29780,494590,351813,8389544,5512158,2877386,364824,1100382,27943,78613,1305624,11933995,5711192,34876374,7.780369581907346,11.42847268948335,20.67023254652348,30.36220653226376
1997:Q4,41297072,13165782,28131290,3875279,3244060,2262224,981836,92910,316189,28065,31752,512920,368858,8500979,5651290,2849689,356599,1077267,29946,80789,1305088,12142114,5808104,35488967,7.855423085553043,11.53185559770041,20.5849432205573,30.21894430395488
1998:Q1,43108256,13437057,29671199,3929067,3292645,2264950,1027696,99728,329888,28370,32717,536993,393096,9667918,6358030,3309887,419740,1237044,35224,92912,1524967,12388473,5865039,37243217,7.638085442631977,11.09710945360408,22.42706716695366,32.58350812442026
1998:Q2,43832337,13700335,30132002,3939977,3444127,2379415,1064712,105859,333277,28951,34303,562322,406438,9815775,6421063,3394712,441318,1231020,37848,96852,1587674,12525685,6005438,37826899,7.85750290126972,11.43013050743925,22.39391165567403,32.5759132402047
1998:Q3,43371970,14001382,29370588,4014788,3534499,2449180,1085318,107174,337849,29270,37233,573792,444499,8638945,5703748,2935198,384777,1050928,34445,89272,1375776,12737857,6122270,37249700,8.149269620439245,12.03414370822574,19.91826838013453,29.41359352062129
1998:Q4,45583898,14307564,31276334,4181572,3427916,2332989,1094927,112775,343874,30846,37273,570159,440302,10325837,6745162,3580675,473014,1314549,42960,107393,1642759,12900707,6269583,39314315,7.52001487135408,10.9600950206394,22.65237831543966,33.01485742088505
1999:Q1,45997640,14537391,31460249,4227188,3404208,2303958,1100249,114874,353638,30780,38534,562423,439661,10387797,6683086,3704711,500608,1356416,46203,115514,1685970,13001395,6358247,39639392,7.400831276671677,10.82066368041872,22.58332521410338,33.01879988773776
1999:Q2,47189702,14825079,32364623,4181300,3358368,2239073,1119295,118462,362214,31718,39601,567300,444231,11248969,7224573,4024396,557145,1450076,50782,128310,1838083,13131756,6514618,40675084,7.116738561002241,10.37666253348886,23.83776206886588,34.7569902170732
1999:Q3,47313621,15209443,32104178,4242570,3300065,2193241,1106824,116157,365722,32205,41505,551235,466954,10711017,6903632,3807385,528584,1358053,48476,131101,1741171,13383572,6676360,40637261,6.974872192150483,10.27923720515115,22.63833751405826,33.36331259218809
1999:Q4,50097608,15549040,34548568,4407756,3133364,2034134,1099230,121177,364735,33231,39134,540953,513143,12829582,8243610,4585972,682226,1563441,56909,154042,2129354,13664723,6849061,43248547,6.254517502141613,9.06944585471962,25.60917091005332,37.13491710167263
2000:Q1,51443438,16004828,35438610,4530415,2999711,1905556,1094155,123028,366542,32967,36462,535156,573872,13561007,8579940,4981067,762615,1658702,60405,159428,2339917,13773605,6977980,44465458,5.831085573754692,8.464527483702147,26.36100487479303,38.2661937367203
2000:Q2,51358889,16492297,34866592,4509927,2958572,1879226,1079346,122482,363398,33588,36260,523618,560180,12893782,8093677,4800105,732445,1624913,60060,154313,2228374,13944130,7128436,44230453,5.760584388231767,8.485406717791111,25.10525908121581,36.98033388675428
2000:Q3,52333382,17041147,35292235,4560952,2984673,1889467,1095205,126179,368966,34336,36048,529676,582063,12864424,8043396,4821028,739076,1642859,60715,151550,2226828,14300123,7311017,45022366,5.703190670099312,8.457023353510372,24.58167951797265,36.45114634548633
2000:Q4,52010997,17558777,34452220,4740573,3128163,2035153,1093010,127183,376093,35398,37230,517106,632916,11403694,7068176,4335517,665964,1518391,56576,140676,1953910,14546874,7455208,44555789,6.014426404648184,9.079714311661759,21.92554340921728,33.10002598581576
2001:Q1,51963687,18335108,33628579,5057770,3114060,1976440,1137620,129147,388440,38079,40143,541811,623787,10102923,6314543,3788381,560138,1354037,49059,125897,1699250,14730038,7502643,44461044,5.992762614469729,9.260160567537429,19.44227550301633,30.04267055756914
2001:Q2,53380111,18740860,34639251,5084758,3082491,1914999,1167492,134116,382886,39691,39566,571233,632866,10903051,6781692,4121359,610994,1454071,52733,129785,1873776,14936085,7699307,45680804,5.774605887265658,8.898838570410046,20.42530633329724,31.47600154185625
2001:Q3,52604968,19168612,33436356,5215777,3177239,2013860,1163379,130860,377049,42579,42285,570606,727581,9131338,5689797,3441541,492866,1250981,43796,114107,1539791,15184421,7955307,44649661,6.039808075754923,9.502348630013174,17.35831856242945,27.30960860712732
2001:Q4,54276141,19547538,34728603,5372452,3088736,1903286,1185450,137787,370826,46877,40679,589281,687019,10278420,6398936,3879484,571977,1370620,49091,121903,1765893,15301976,8082313,46193828,5.690780448391964,8.893925307368782,18.93727122497737,29.5964107784065
2002:Q1,55045061,19981955,35063106,5441497,3100771,1873103,1227668,145038,396968,48367,40432,596863,678581,10382352,6422255,3960097,599235,1425542,50618,119571,1765131,15459905,8217263,46827797,5.633149928339234,8.843400305649027,18.86155046022576,29.6104742864799
2002:Q2,54624287,20397322,34226965,5399561,3255734,1985641,1270093,144814,407843,50144,42204,625088,648797,9276465,5763205,3513260,516082,1251303,44338,107617,1593920,15646409,8408852,46215435,5.960230870478657,9.512189023299014,16.98230842239072,27.10279706879382
2002:Q3,53746726,20834858,32911868,5494793,3393453,2059170,1334283,147632,437030,55119,46309,648193,649328,7508273,4672989,2835284,401838,1039904,35591,90547,1267404,15866021,8627417,45119309,6.313785788478351,10.3107278263813,13.96973017736462,22.81326774336221
2002:Q4,54953949,21288996,33664953,5607570,3517263,2159032,1358231,153854,446529,57896,45101,654851,651397,8012505,4970585,3041920,446194,1117177,39036,92754,1346759,15876218,8878092,46075857,6.400382696001556,10.44784774611194,14.58039941893125,23.80073199398821
2003:Q1,55404686,21768285,33636401,5754997,3399346,2042735,1356612,158555,451343,12152,48854,685708,666734,7598358,4626423,2971935,421717,1114842,37454,92973,1304949,16216967,9066454,46338233,6.135484893097518,10.10615292095936,13.71428665871785,22.58968616006215
2003:Q2,57687676,22213003,35474673,5800664,3523549,2035275,1488274,171016,467189,62491,50083,737495,769878,8978974,5450752,3528222,497176,1310750,46052,106467,1567777,16401608,9458594,48229082,6.107976096254416,9.932577673688224,15.56480511711283,25.31094316108201
2003:Q3,58858718,22673047,36185671,5762411,3500140,2021204,1478937,173423,460636,61692,50208,732978,758239,9524415,5793595,3730820,541117,1347272,51171,114834,1676426,16640466,9719982,49138737,5.946680989444808,9.672724260218887,16.18182455142482,26.32095570470237
2003:Q4,61061825,23157570,37904255,5785454,3753181,2253391,1499791,179849,465864,61232,49983,742863,742732,10767446,6506891,4260555,623042,1528897,62138,129016,1917462,16855442,9975252,51086574,6.146526782722748,9.901741665302497,17.6336777126601,28.40695688673426
2004:Q1,63751310,23982868,39768442,5884069,4545444,3062286,1483158,177359,452715,61595,48655,742834,785070,11275211,6811207,4464004,650972,1561394,66566,134322,2050750,17278648,10181333,53569977,7.129961702737378,11.42977640177692,17.68624141362517,28.35215575813993
2004:Q2,64861083,24742468,40118615,5925366,4389365,2891868,1497497,182387,461584,62929,50497,740100,814274,11264801,6759564,4505236,665782,1586511,68678,139513,2044752,17724810,10499939,54361145,6.767332109682584,10.94096815883248,17.3675802901386,28.07873765770979
2004:Q3,66462238,25615246,40846992,5924679,4611071,3060798,1550273,187950,468963,65824,52467,775069,807105,11211072,6705288,4505784,665902,1561271,68803,140106,2069702,18293065,10777976,55684262,6.937881183883278,11.28864304409971,16.86833357463037,27.44650584607192
2004:Q4,69153088,26451355,42701733,6057494,4750173,3178159,1572014,192433,479578,66404,51623,781976,877179,12260792,7220951,5039842,749730,1751152,79884,152284,2306792,18756095,11152371,58000717,6.869067842549923,11.12407431042897,17.72992694336956,28.71263311956237
2005:Q1,70178328,27213090,42965238,6132724,4673822,3103234,1570587,189672,486665,68468,51951,773831,867498,12241544,7269266,4972277,735879,1722210,80842,153084,2280262,19049650,11365559,58812769,6.659921493823083,10.87814654651909,17.44348178741022,28.49173993131543
2005:Q2,72051703,28037021,44014682,6169283,4871400,3248028,1623372,199116,509696,71601,53415,789544,879865,12649867,7531289,5118578,780424,1783919,82908,156597,2314730,19444267,11698134,60353569,6.76097803763578,11.06767012752049,17.5566522218645,28.74010745982898
2005:Q3,74043832,28930097,45113735,6298931,4696090,3038419,1657671,202214,528198,73460,53468,800331,874599,13342574,7923979,5418595,818631,1890809,88813,164095,2456247,19901541,12048298,61995534,6.342311432456022,10.4094471754041,18.01983182172817,29.57541417755757
2005:Q4,75912822,29760139,46152683,6438741,4863751,3186077,1677674,204403,546162,74707,53927,798475,872015,13659980,8065191,5594788,843481,1980544,93102,169402,2508259,20318197,12342220,63570602,6.407021286345733,10.5383920543956,17.9942983723271,29.5973686548359
2006:Q1,78107893,29977421,48130472,6664593,4842962,3205452,1637510,206060,491647,75938,53519,810346,969730,14924084,9156976,5767108,861917,1925275,101060,178354,2700502,20729103,12704575,65403318,6.200349107362682,10.06215362065013,19.10701185877041,31.00755864314687
2006:Q2,78622576,30472855,48149721,6760849,4797875,3144781,1653094,207364,496345,80411,55117,813857,1011810,14543847,8886478,5657369,845992,1888130,98868,179144,2645235,21035340,13052811,65569765,6.102414002361937,9.964492018697888,18.49830888516701,30.20546478398736
2006:Q3,80172191,30884396,49287795,6913516,4887909,3164300,1723609,217927,515651,82547,57280,850204,1023270,15041965,9168108,5873856,883132,1952044,105248,185157,2748275,21421135,13388353,66783838,6.096763531893282,9.917077666608446,18.7620728147849,30.51864031095273
2006:Q4,81922913,31070395,50852518,7101743,4793985,3005494,1788491,230195,525917,83889,58300,890190,1024784,16214256,9856675,6357582,959997,2089525,116666,196162,2995232,21717749,13664502,68258411,5.851824624203455,9.42723268659204,19.79208973202437,31.88486450635909
2007:Q1,83171493,30964920,52206573,7366608,4960015,3112724,1847291,233568,536353,87735,59272,930363,1069755,16849072,10296717,6552356,970687,2121886,119001,200087,3140695,21961122,13840826,69330667,5.963600281086836,9.500748884796915,20.25823012103705,32.27385273302148
2007:Q2,84030025,30973035,53056990,7415197,4857160,2964987,1892173,240076,544673,88593,60920,957911,1133932,17420271,10407944,7012327,1037515,2251806,129098,214895,3379013,22230430,14145912,69884113,5.780267524726048,9.154609516352942,20.73100740662073,32.83313045224981
2007:Q3,85111969,30895988,54215981,7659437,5380080,3427159,1952921,249749,561460,93162,62237,986313,1137981,17584341,10412155,7172185,1069625,2290850,130417,218505,3462788,22454143,14397397,70714572,6.321178735007446,9.923420354144289,20.660244163659,32.43386970215184
2007:Q4,84685651,30640696,54044955,8009766,5541260,3516779,2024481,259507,578345,96777,64285,1025567,1251831,16662420,9739457,6922963,1026219,2197628,127761,210657,3360698,22579678,14613261,70072390,6.543327783291257,10.25305639282145,19.6756119638262,30.83066685785236
2008:Q1,82824001,29914782,52909219,8412947,5600449,3557068,2043381,255197,587583,107047,63315,1030239,1381755,15175831,8908602,6267228,928858,1989868,109491,187532,3051479,22338237,14735990,68088011,6.761867631066636,10.58501601188497,18.32298641747827,28.68277156498615
2008:Q2,81296411,29277499,52018912,8183810,5754080,3668920,2085160,258008,596037,108802,64277,1058036,1367565,14520769,8301672,6219097,896858,1967103,109307,185894,3059935,22192688,14669138,66627273,7.0779017274068,11.06151563190836,17.86151250670478,27.9144028006771
2008:Q3,79218819,28799368,50419451,8372855,5881634,3867137,2014497,245610,587108,115640,61818,1004321,1384031,12583756,7236986,5346770,781043,1735397,94676,158623,2577031,22197176,14813350,64405469,7.424541207207971,11.66540636783102,15.88480619360753,24.95813736514432
2008:Q4,75726933,28165707,47561226,8747496,6102997,4211136,1891861,226644,580651,122086,57509,904971,1105084,9732881,5723060,4009821,597931,1337514,73242,119569,1881565,21872768,14508710,61218223,8.059215488660186,12.83187423881995,12.85260188658831,20.46389890956236
2009:Q1,73891905,27565198,46326707,8693446,6386226,4426852,1959374,234078,601451,126130,58568,939147,1034792,8613000,5029377,3583623,537192,1195262,63949,104913,1682307,21599244,14406024,59485881,8.642659755067207,13.78519293021009,11.65621555606833,18.59186695187315
2009:Q2,74304858,26842555,47462303,8575183,6245611,4099310,2146301,257254,644216,126796,63904,1054131,1045566,10401028,6062448,4338580,642248,1408828,80373,126154,2080977,21194915,14384325,59920533,8.405387160505963,13.15909802597207,13.99777683089603,21.91429305349853
2009:Q3,75775343,26341810,49433533,8398382,6755961,4381720,2374241,287985,700642,128221,70376,1187017,1073917,12190079,7080603,5109476,751842,1635806,96518,146939,2478371,21015194,14388312,61387031,8.915777860224182,13.66675786160096,16.0871313307714,24.65953414634525
2009:Q4,76083313,26137874,49945439,8537711,6685815,4195688,2490127,302878,724380,131110,73866,1257893,1074834,12587644,7193335,5394310,801000,1707689,105253,154213,2626155,21059435,14383603,61699710,8.787491593992637,13.38623684269538,16.54455329436367,25.20279040794195
2010:Q1,77103203,26005866,51097337,8297394,7147355,4493163,2654192,320438,766083,132905,78334,1356432,1077642,13299180,7601022,5698158,837996,1796838,112993,161079,2789252,21275765,14275858,62827345,9.269855335357541,13.98772578875821,17.24854475818627,26.02714989654437
2010:Q2,76594710,26033451,50561259,8173886,7574253,4770466,2803787,335648,811318,137771,80473,1438577,1079920,11969568,6930178,5039389,738816,1591750,99833,138213,2470777,21763632,14213557,62381153,9.888741357382752,14.98034845006408,15.62714649989225,23.67339698634249
2010:Q3,78549400,25899330,52650070,8236420,7652576,4671385,2981191,356588,862740,143093,85289,1533481,1089299,13472791,7789573,5683218,837972,1789382,111741,155119,2789004,22198983,14151418,64397982,9.742373997926371,14.53478851191187,17.15199789186119,25.58931344331714
2010:Q4,80124279,25682727,54441552,8336863,7634077,4637815,2996262,363787,863942,143887,85798,1538848,1089626,14829590,8545679,6283911,941496,1984922,128539,172765,3056189,22551395,14165548,65958731,9.527795432631617,14.02251980058042,18.50823522649702,27.23946969395319
2011:Q1,81198325,25444418,55753907,8483639,7475552,4525701,2949851,355697,847890,147523,82361,1516380,1092945,15836643,9159245,6677398,999224,2099241,136471,179089,3263373,22865128,14144265,67054060,9.20653436182841,13.40812170058343,19.50365685776944,28.40454339035956
2011:Q2,81555483,25377692,56177791,8611917,7497318,4617120,2880198,355696,858853,47118,81900,1536631,1137463,15699769,9047226,6652543,992549,2084107,137557,173770,3264560,23231325,14100162,67455321,9.192904734915546,13.34569712746542,19.25041493390239,27.94657561392196
2011:Q3,79741401,25291095,54450306,8733866,8034165,5080943,2953222,341291,869124,160537,78913,1503357,1145014,13064639,7596805,5467834,800674,1724205,111482,135916,2695557,23472623,14052469,65688932,10.07527476393589,14.75504147175827,16.38375833370718,23.99369142193776
2011:Q4,81013048,25230261,55782787,8945534,8116575,4961718,3154857,372965,910890,170719,83685,1616598,1079070,14043530,8105486,5938044,898490,1889467,118457,146015,2885615,23598078,14054486,66958562,10.01884935626812,14.55032217435572,17.33489886292531,25.17538235642135
2012:Q1,82972780,25131706,57841074,8989485,8128522,4774169,3354353,392431,962092,170393,88008,1741429,1073619,15827486,9095129,6732357,1011458,2120194,136321,162503,3301881,23821962,14009149,68963631,9.796612414180315,14.05319976463622,19.07551653067552,27.36374912935996
2012:Q2,82930110,25305287,57624823,8960634,8423898,4950365,3473533,400203,1002895,176852,89463,1804120,1085069,15186816,8801388,6385428,956162,2015601,130292,150758,3132615,23968405,13963731,68966379,10.15782864037106,14.61852382020232,18.31278933515959,26.35464296438439
2012:Q3,84849935,25601875,59248060,9033130,8713403,5065798,3647605,417920,1053090,181692,92649,1902254,1086853,16094159,9345721,6748438,1003454,2125381,137732,157029,3324842,24320515,13997173,70852762,10.26919251810533,14.70664720973395,18.96779175962689,27.16402689546601
2012:Q4,85905509,25850576,60054933,9410704,8725993,4983900,3742093,427067,1078346,187169,92631,1956880,1140833,16187890,9390495,6797395,999244,2134092,138312,155915,3369832,24589513,13994668,71910841,10.15766413931588,14.53001887194875,18.84383214850222,26.95513781340799
2013:Q1,88681488,26341054,62340434,9375845,8558862,4735550,3823312,432610,1099494,183557,93216,2014435,1122066,18091103,10651962,7439141,1080920,2331224,157254,166048,3703695,25192559,13953368,74728120,9.651238253507115,13.72923019449723,20.40008917576473,29.01985350745738
2013:Q2,89915304,26929718,62985586,9434407,7973062,4317197,3655865,411330,1066335,171678,88453,1918069,1186851,18487782,10926957,7560825,1087770,2387365,163293,167556,3754841,25903484,13964328,75950976,8.867302631845639,12.65855035729518,20.56132940552674,29.3524011189207
2013:Q3,92481144,27581921,64899223,9553042,7717002,4218865,3498137,401602,1063465,75880,85939,1871251,1176491,19649343,11517704,8131640,1163198,2570450,174197,178989,4044806,26803345,14040586,78440558,8.344405694504175,11.8907461458623,21.24686449511673,30.27670050526945
2013:Q4,94749079,28000840,66748239,9677225,7486930,3879251,3607679,398011,1068940,196329,85269,1859130,1216039,21031916,12159581,8872334,1266401,2813017,200731,193247,4398938,27336129,14224374,80524705,7.901850083855558,11.21667073818241,22.19748818063585,31.50931914610585
2014:Q1,96490969,28293558,68197411,9891776,7584779,3936665,3648114,395596,1083541,198312,83766,1886899,1262491,21877526,12840223,9037303,1271385,2846803,206521,191839,4520755,27580839,14205229,82285740,7.860609952765088,11.12179861786038,22.67313359494045,32.07970213431965
2014:Q2,98483920,28786550,69697370,9909620,7682568,3926127,3756441,404467,1116937,201007,83903,1950127,1250864,22971373,13579606,9391766,1301815,2956794,216237,194242,4722678,27882946,14303288,84180632,7.800834686432393,11.02275132692411,23.32499828713128,32.95873661662772
2014:Q3,99111534,29281790,69829744,10032385,7691000,3935997,3755003,400048,1121737,206159,81578,1945481,1278994,22539488,13326183,9213306,1272213,2907280,219523,185610,4628680,28287876,14304212,84807322,7.759944713093969,11.01393162249518,22.74153938499357,32.27777632925091
2014:Q4,100895908,29649447,71246461,10173115,7832839,3998340,3834499,408941,1141432,215291,81041,1987794,1275813,23331720,13913934,9417786,1297033,2986305,224380,185966,4724102,28632975,14370822,86525086,7.763287173422823,10.99400444814866,23.1245449206494,32.74789970276763
2015:Q1,102723599,30153908,72569691,10462870,7854065,3987074,3866991,416054,1162360,156312,83852,2048413,1273993,23927217,14268774,9658443,1306008,3047481,232182,193226,4879546,29051546,14335767,88387832,7.645823496038262,10.82278972067897,23.29281445610916,32.97136443077512
2015:Q2,103506936,30696406,72810530,10519425,7654939,3869956,3784983,409935,1152933,92937,82916,2046262,1240427,24000021,14306475,9693546,1298854,3051845,231843,192761,4918243,29395719,14470369,89036567,7.395580415759471,10.51350494798937,23.18687200665891,32.96229367622538
2015:Q3,102621813,31189855,71431958,10635717,7865298,4179017,3686281,403614,1152777,24074,81075,2024741,1230758,22018669,13168642,8850027,1200037,2799022,213988,173016,4463964,29681516,14536093,88085720,7.664353272316116,11.0108955487077,21.45612911054271,30.8246747144497
2015:Q4,104185667,31580357,72605310,10903002,7773029,3905715,3867314,401651,1144600,231719,81220,2008124,1206309,23011793,13739198,9272595,1268700,2942741,226553,182710,4651891,29711177,14564256,89621411,7.460747027798565,10.70586855119189,22.08729263660189,31.69436662818221
2016:Q1,105333230,31888898,73444332,11119901,7935941,3957022,3978919,407872,1208883,238596,66559,2057009,1254776,23261520,14062913,9198607,1246412,2985823,224337,144879,4597156,29872194,14557719,90775511,7.534128648225637,10.80538258109844,22.08374297516345,31.67231445211444
2016:Q2,106829208,32505641,74323567,11056056,8091650,3952618,4139032,421627,1260559,242834,67146,2146866,1256328,23776663,14480331,9296332,1250358,3025061,227006,141524,4652383,30142870,14692900,92136308,7.57437956049236,10.88705779841311,22.25670626814685,31.99074532883154
2016:Q3,108890908,33177516,75713392,11253773,8209633,3964706,4244927,430437,1293187,248340,66634,2206329,1223019,24507542,14849032,9658510,1288850,3147355,236582,142415,4843308,30519425,14877979,94012929,7.539319169258945,10.84303964528627,22.50650887370526,32.36883364609705
2016:Q4,109689531,33669519,76020012,11410377,7802602,3684196,4118406,418178,1262250,248466,56894,2132618,1199691,24918160,15176281,9741880,1292192,3210979,246885,126567,4865257,30689182,14982620,94706911,7.113351659129605,10.26387902667332,22.71699053749507,32.77842202946312
2017:Q1,112134323,34131132,78003191,11616177,7761564,3643385,4118179,419964,1296805,142962,58618,2199830,1210282,26344384,16020814,10323570,1343897,3402269,262958,134331,5180115,31070783,15028776,97105547,6.921666853761034,9.950316354490692,23.49359533529938,33.77346971901608
2017:Q2,114025839,34759458,79266381,11502743,7899996,3681512,4218484,427804,1341968,111149,60054,2277509,1216448,27123510,16480316,10643194,1370131,3513668,273756,137259,5348380,31523683,15184659,98841180,6.928250774484425,9.966389258434765,23.78716105961366,34.21817630307028
2017:Q3,116072021,35360062,80711959,11602524,8090740,3602138,4488602,436140,1373093,245675,59454,2374240,1184550,28063942,16932705,11131237,1414050,3673521,285105,138648,5619913,31770203,15326205,100745816,6.970448119617403,10.02421464671056,24.1780421072332,34.77048816101291
2017:Q4,118951164,35923390,83027774,11812313,8094926,3677138,4417788,438198,1398782,96925,60178,2423705,1136559,29614226,17942840,11671386,1460549,3870673,308692,144228,5887244,32369749,15535988,103415176,6.805251956081777,9.749660912056887,24.89612144029237,35.66785530274392
2018:Q1,120082922,36599464,83483458,12088392,8410472,3808286,4602186,434494,1387826,253743,59531,2466592,1126179,29430923,17836394,11594529,1419461,3831785,306833,142256,5894194,32427491,15576184,104506738,7.003886806537897,10.07441730713799,24.50883335622126,35.25359871767085
2018:Q2,121702657,37182201,84520456,12045027,8625721,3974298,4651423,438079,1399997,263920,58725,2490702,1116226,29905310,18117924,11787386,1429826,3921035,315636,140992,5979897,32828173,15707332,105995325,7.087536816687429,10.20548282038465,24.5724378992579,35.38233371083237
2018:Q3,123723996,37541366,86182630,11908760,8929482,4223031,4706451,439036,1411981,272554,57311,2525569,1120971,31234779,18902875,12331904,1469726,4123010,333102,142144,6263922,32988638,15877248,107846748,7.217259786787768,10.36111592171439,25.24553045278806,36.24254568269148
2018:Q4,120129230,37911505,82217725,12257585,8944909,4366542,4578367,422384,1399591,280785,53416,2422191,1115334,26714493,16279035,10435459,1243345,3531753,277939,116137,5266285,33185403,15999721,104129509,7.44607209683249,10.87953855246922,22.23812925978864,32.49237738640541
2019:Q1,125970641,38565450,87405191,12629291,8855631,4318009,4537622,428827,1443835,69026,55230,2540704,1105985,30912759,19045655,11867104,1385255,3983446,316209,131531,6050663,33901524,15995572,109975069,7.029916965092596,10.13169967299254,24.53965382878429,35.36718910152432
2019:Q2,128452603,39153067,89299536,12477384,9457100,4688859,4768241,441156,1507479,74265,57287,2688054,1111182,31863257,19578154,12285103,1415436,4106005,326260,134329,6303073,34390612,16170354,112282249,7.362326332614473,10.5903123881731,24.80545860509789,35.68132458298616
2019:Q3,129354356,39579342,89775014,12711007,9657117,4518032,5139085,453623,1567554,275680,59621,2782607,1150225,31679873,19530530,12149343,1398426,4091982,324573,132875,6201487,34576792,16337947,113016409,7.465629539152288,10.75702088761679,24.4907659144339,35.28807304376544
2019:Q4,133281813,39918189,93363624,13268136,9992069,4713974,5278095,458812,1599951,283928,61927,2873477,1147937,34190247,21051845,13138403,1488919,4418966,355325,145043,6730150,34765234,16505106,116776707,7.49694859418993,10.70231486498899,25.65259784830416,36.62052311393174
2020:Q1,127019101,40627602,86391499,13885377,9447166,4477057,4970109,418669,1560904,299710,56468,2634358,1304281,26563734,16461290,10102444,1161880,3415163,265247,110386,5149768,35190941,16570321,110448780,7.437594818995118,10.93529591947962,20.91318084607668,30.74808815685657
2020:Q2,135006321,41361016,93645305,14971766,9477884,4179846,5298038,442185,1660492,313341,61264,2820756,1276642,32369738,20145034,12224703,1380578,4120429,328866,135937,6258893,35549275,16576787,118429533,7.020326117675348,10.12104560616075,23.97646081093482,34.56632203037199
2020:Q3,139615663,42324586,97291077,15186599,9593871,3984620,5609251,464010,1741906,324302,64915,3014118,1238433,35279770,22243970,13035800,1454036,4395823,351207,144095,6690639,35992403,16841262,122774400,6.871629587281921,9.860998063041045,25.26920639829708,36.26208196806415
2020:Q4,148466989,43528982,104938007,15869703,10229944,4416746,5813198,479823,1794379,331841,68301,3138854,1261210,40860088,26106908,14753180,1633336,4968731,402772,165012,7583329,36717061,17123507,131343482,6.890383155282458,9.748559827399268,27.52132870994596,38.93735854917508
2021:Q1,153956887,44946015,109010872,16937041,9638030,3807133,5830897,475347,1773463,328843,68379,3184865,1272486,44002924,28555872,15447053,1671906,5208194,432703,170972,7963278,37160391,17321193,136635694,6.260213356928308,8.841347133752237,28.58132907718433,40.36562933365962
2021:Q2,159967470,46878474,113088996,17162029,9226454,3243318,5983136,488912,1825809,331737,70221,3266457,1287172,47352647,30928606,16424042,1759048,5562588,470441,181662,8450303,38060694,17660681,142306789,5.767706207694012,8.158577771310092,29.60142295107864,41.87202027829621
2021:Q3,162957885,48643685,114314200,17370414,9272404,3386120,5886284,487833,1846103,152253,71101,3328994,1336393,47063556,30871514,16192042,1708241,5485475,464566,178454,8355306,39271433,17965615,144992270,5.690061323714143,8.111331390242965,28.88080916817708,41.17034960680161
2021:Q4,168642144,50426410,118215734,18107180,9277024,3145592,6131432,493144,1869122,321389,72367,3375410,1387322,49565616,32502629,17062987,1803723,5838009,503614,187176,8730465,39878591,18352633,150289512,5.501011768746715,7.847537602973843,29.39100226343047,41.92810434650421
