date,Life insurance companies, general accounts; total financial assets,Life insurance companies, general accounts; checkable deposits and currency, including those held by U.S. captive reinsurers; asset,Life insurance companies, general accounts; money market fund shares, including those held by U.S. captive reinsurers; asset,Life insurance companies, general accounts; security repurchase agreements, including those held by U.S. captive reinsurers; asset,Life insurance companies, general accounts; debt securities; asset,Life insurance companies, general accounts; commercial paper, including those held by U.S. captive reinsurers; asset,Life insurance companies, general accounts; Treasury securities, including those held by U.S. captive reinsurers; asset,Life insurance companies, general accounts; agency- and GSE-backed securities, including those held by U.S. captive reinsurers; asset,Life insurance companies, general accounts; municipal securities, including those held by U.S. captive reinsurers; asset,Life insurance companies, general accounts; corporate and foreign bonds; asset,Life insurance companies, general accounts; loans; asset,Life insurance companies, general accounts; other loans and advances; asset,Life insurance companies, general accounts; total mortgages, including those held by U.S. captive reinsurers; asset,Life insurance companies, general accounts; corporate equities, including those held by U.S. captive reinsurers; asset,Life insurance companies, general accounts; mutual fund shares, including those held by U.S. captive reinsurers; asset,Life insurance companies, general accounts; trade receivables from insurers; liability,Life insurance companies, general accounts; life insurance reserve credit from reinsurers; asset,Life insurance companies, general accounts; pension entitlements reserve credit from reinsurers; asset,Life insurance companies, general accounts; U.S. direct investment abroad (market value); asset,Life insurance companies, general accounts; total miscellaneous assets,Life insurance companies, general accounts; total liabilities and equity,Life insurance companies, general accounts; total liabilities,Life insurance companies, general accounts; security repurchase agreements; liability,Life insurance companies, general accounts; FHLB advances; liability,Life insurance companies, general accounts; trade payables to insurers; liability,Life insurance companies, general accounts; life insurance reserves, including reserve credit from reinsurers; liability,Life insurance companies, general accounts; pension entitlements, including reserve credit from reinsurers and excluding unallocated insurance contracts; liability,Life insurance companies, general accounts; total taxes payable; liability,Life insurance companies, general accounts; foreign direct investment in U.S.: intercompany debt; liability (market value),Life insurance companies, general accounts; total miscellaneous liabilities,Life insurance companies; equity and investment fund shares excluding mutual fund shares, money market fund shares, and other equity; liability (IMA),Life insurance companies, general accounts; corporate equities; liability,Life insurance companies, general accounts; foreign direct investment in U.S.: equity; liability (market value)
1945:Q4,ND,ND,ND,ND,ND,ND,ND,ND,ND,ND,ND,ND,ND,ND,ND,ND,ND,ND,ND,ND,ND,ND,ND,ND,ND,ND,ND,ND,ND,ND,ND,ND,ND
1946:Q1,ND,ND,ND,ND,ND,ND,ND,ND,ND,ND,ND,ND,ND,ND,ND,ND,ND,ND,ND,ND,ND,ND,ND,ND,ND,ND,ND,ND,ND,ND,ND,ND,ND
1946:Q2,ND,ND,ND,ND,ND,ND,ND,ND,ND,ND,ND,ND,ND,ND,ND,ND,ND,ND,ND,ND,ND,ND,ND,ND,ND,ND,ND,ND,ND,ND,ND,ND,ND
1946:Q3,ND,ND,ND,ND,ND,ND,ND,ND,ND,ND,ND,ND,ND,ND,ND,ND,ND,ND,ND,ND,ND,ND,ND,ND,ND,ND,ND,ND,ND,ND,ND,ND,ND
1946:Q4,3531,-6,0,0,2743,0,1046,0,-108,1805,451,-68,519,267,0,0,0,0,4,72,3332,3331,0,0,0,2635,400,-4,0,300,1,0,1
1947:Q1,ND,ND,ND,ND,ND,ND,ND,ND,ND,ND,ND,ND,ND,ND,ND,ND,ND,ND,ND,ND,ND,ND,ND,ND,ND,ND,ND,ND,ND,ND,ND,ND,ND
1947:Q2,ND,ND,ND,ND,ND,ND,ND,ND,ND,ND,ND,ND,ND,ND,ND,ND,ND,ND,ND,ND,ND,ND,ND,ND,ND,ND,ND,ND,ND,ND,ND,ND,ND
1947:Q3,ND,ND,ND,ND,ND,ND,ND,ND,ND,ND,ND,ND,ND,ND,ND,ND,ND,ND,ND,ND,ND,ND,ND,ND,ND,ND,ND,ND,ND,ND,ND,ND,ND
1947:Q4,3449,246,0,0,1420,0,-1595,0,-5,3020,1563,43,1520,150,0,0,0,0,4,66,3413,3420,0,0,0,2545,500,-20,8,387,-7,0,-7
1948:Q1,ND,ND,ND,ND,ND,ND,ND,ND,ND,ND,ND,ND,ND,ND,ND,ND,ND,ND,ND,ND,ND,ND,ND,ND,ND,ND,ND,ND,ND,ND,ND,ND,ND
1948:Q2,ND,ND,ND,ND,ND,ND,ND,ND,ND,ND,ND,ND,ND,ND,ND,ND,ND,ND,ND,ND,ND,ND,ND,ND,ND,ND,ND,ND,ND,ND,ND,ND,ND
1948:Q3,ND,ND,ND,ND,ND,ND,ND,ND,ND,ND,ND,ND,ND,ND,ND,ND,ND,ND,ND,ND,ND,ND,ND,ND,ND,ND,ND,ND,ND,ND,ND,ND,ND
1948:Q4,3626,-105,0,0,1268,0,-3228,0,263,4233,2278,120,2158,44,0,0,0,0,4,137,3485,3496,0,0,0,2630,600,0,13,253,-11,0,-11
1949:Q1,ND,ND,ND,ND,ND,ND,ND,ND,ND,ND,ND,ND,ND,ND,ND,ND,ND,ND,ND,ND,ND,ND,ND,ND,ND,ND,ND,ND,ND,ND,ND,ND,ND
1949:Q2,ND,ND,ND,ND,ND,ND,ND,ND,ND,ND,ND,ND,ND,ND,ND,ND,ND,ND,ND,ND,ND,ND,ND,ND,ND,ND,ND,ND,ND,ND,ND,ND,ND
1949:Q3,ND,ND,ND,ND,ND,ND,ND,ND,ND,ND,ND,ND,ND,ND,ND,ND,ND,ND,ND,ND,ND,ND,ND,ND,ND,ND,ND,ND,ND,ND,ND,ND,ND
1949:Q4,3806,-7,0,0,1239,0,-1514,0,180,2573,2256,183,2073,226,0,0,0,0,4,88,3720,3725,0,0,0,2667,625,45,7,381,-5,0,-5
1950:Q1,ND,ND,ND,ND,ND,ND,ND,ND,ND,ND,ND,ND,ND,ND,ND,ND,ND,ND,ND,ND,ND,ND,ND,ND,ND,ND,ND,ND,ND,ND,ND,ND,ND
1950:Q2,ND,ND,ND,ND,ND,ND,ND,ND,ND,ND,ND,ND,ND,ND,ND,ND,ND,ND,ND,ND,ND,ND,ND,ND,ND,ND,ND,ND,ND,ND,ND,ND,ND
1950:Q3,ND,ND,ND,ND,ND,ND,ND,ND,ND,ND,ND,ND,ND,ND,ND,ND,ND,ND,ND,ND,ND,ND,ND,ND,ND,ND,ND,ND,ND,ND,ND,ND,ND
1950:Q4,4141,97,0,0,109,0,-1812,0,100,1821,3369,173,3196,317,0,0,0,0,6,243,3693,3716,0,0,0,2636,775,29,26,250,-23,0,-23
1951:Q1,ND,ND,ND,ND,ND,ND,ND,ND,ND,ND,ND,ND,ND,ND,ND,ND,ND,ND,ND,ND,ND,ND,ND,ND,ND,ND,ND,ND,ND,ND,ND,ND,ND
1951:Q2,ND,ND,ND,ND,ND,ND,ND,ND,ND,ND,ND,ND,ND,ND,ND,ND,ND,ND,ND,ND,ND,ND,ND,ND,ND,ND,ND,ND,ND,ND,ND,ND,ND
1951:Q3,ND,ND,ND,ND,ND,ND,ND,ND,ND,ND,ND,ND,ND,ND,ND,ND,ND,ND,ND,ND,ND,ND,ND,ND,ND,ND,ND,ND,ND,ND,ND,ND,ND
1951:Q4,3971,80,0,0,257,0,-2452,0,-10,2719,3389,177,3212,55,0,0,0,0,7,183,3970,3978,0,0,0,2555,975,57,11,380,-8,0,-8
1952:Q1,4772,-280,0,0,2180,0,-864,0,-36,3080,2448,148,2300,248,0,0,0,0,0,176,4284,4284,0,0,0,2612,1080,128,0,464,0,0,0
1952:Q2,3704,248,0,0,1152,0,-1820,0,-40,3012,1976,136,1840,160,0,0,0,0,8,160,4548,4544,0,0,0,2752,1136,-68,0,724,4,0,4
1952:Q3,5548,-48,0,0,3348,0,368,0,160,2820,1996,144,1852,88,0,0,0,0,8,156,4760,4760,0,0,0,2924,1152,44,4,636,0,0,0
1952:Q4,5076,324,0,0,2628,0,-812,0,-40,3480,1820,64,1756,160,0,0,0,0,8,136,4820,4820,0,0,0,3092,1132,-40,4,632,0,0,0
1953:Q1,4648,-624,0,0,2868,0,-528,0,200,3196,2140,180,1960,116,0,0,0,0,8,140,4796,4792,0,0,0,3064,1120,-40,0,648,4,0,4
1953:Q2,4576,-168,0,0,2256,0,-120,0,60,2316,2240,192,2048,116,0,0,0,0,8,124,4644,4636,0,0,0,2968,1116,-56,0,608,8,0,8
1953:Q3,4596,328,0,0,1964,0,-412,0,160,2216,2108,176,1932,56,0,0,0,0,8,132,4564,4560,0,0,0,2852,1120,140,4,444,4,0,4
1953:Q4,6208,740,0,0,2624,0,-632,0,160,3096,2600,256,2344,84,0,0,0,0,16,144,4580,4568,0,0,0,2748,1144,284,-4,396,12,0,12
1954:Q1,4764,-620,0,0,2780,0,-436,0,660,2556,2212,232,1980,212,0,0,0,0,8,172,4696,4692,0,0,0,2820,1152,-184,4,900,4,0,4
1954:Q2,5152,164,0,0,1664,0,-1284,0,776,2172,2700,240,2460,424,0,0,0,0,12,188,4844,4836,0,0,0,2952,1152,-180,0,912,8,0,8
1954:Q3,4888,40,0,0,1544,0,-1044,0,536,2052,2812,208,2604,284,0,0,0,0,12,196,4864,4860,0,0,0,3076,1176,112,4,492,4,0,4
1954:Q4,6196,516,0,0,1580,0,-272,0,220,1632,3744,172,3572,160,0,0,0,0,8,188,4652,4652,0,0,0,3156,1220,60,8,208,0,0,0
1955:Q1,5224,-716,0,0,2268,0,264,0,552,1452,3412,244,3168,76,0,0,0,0,12,172,4856,4852,0,0,0,3124,1288,24,4,412,4,0,4
1955:Q2,4756,112,0,0,1224,0,-200,0,0,1424,3148,148,3000,100,0,0,0,0,12,160,5040,5032,0,0,0,3044,1364,-132,0,756,8,0,8
1955:Q3,5688,284,0,0,1956,0,312,0,128,1516,3204,168,3036,60,0,0,0,0,12,172,5180,5176,0,0,0,3028,1364,168,4,612,4,0,4
1955:Q4,5784,420,0,0,340,0,-2352,0,88,2604,4764,92,4672,24,0,0,0,0,12,224,5152,5148,0,0,0,3084,1284,96,4,680,4,0,4
1956:Q1,4720,-860,0,0,1268,0,-1996,0,620,2644,4028,224,3804,0,0,0,0,0,12,272,5196,5192,0,0,0,3168,1196,-72,4,896,4,0,4
1956:Q2,5428,144,0,0,1088,0,-492,0,-28,1608,3856,272,3584,0,0,0,0,0,12,328,5072,5068,0,0,0,3276,1084,-200,0,908,4,0,4
1956:Q3,5848,-8,0,0,2088,0,-480,0,260,2308,3424,144,3280,0,0,0,0,0,12,332,4976,4972,0,0,0,3220,1120,360,0,272,4,0,4
1956:Q4,5888,788,0,0,1020,0,-1116,0,88,2048,3784,276,3508,-8,0,0,0,0,12,292,4944,4936,0,0,0,3004,1300,72,-4,564,8,0,8
1957:Q1,4832,-828,0,0,2272,0,-308,0,64,2516,3064,304,2760,52,0,0,0,0,12,260,4892,4892,0,0,0,2792,1472,-4,4,628,0,0,0
1957:Q2,4860,272,0,0,1992,0,-520,0,132,2380,2340,332,2008,0,0,0,0,0,12,244,4772,4768,0,0,0,2580,1644,-304,0,848,4,0,4
1957:Q3,5456,32,0,0,2684,0,-236,0,104,2816,2408,352,2056,88,0,0,0,0,12,232,4836,4832,0,0,0,2548,1684,156,0,444,4,0,4
1957:Q4,5456,568,0,0,2048,0,-1040,0,112,2976,2576,412,2164,32,0,0,0,0,16,216,5152,5132,0,0,0,2684,1600,160,-16,704,20,0,20
1958:Q1,5008,-488,0,0,2972,0,232,0,336,2404,2232,404,1828,76,0,0,0,0,12,204,5232,5228,0,0,0,2856,1500,492,0,380,4,0,4
1958:Q2,4780,160,0,0,2668,0,-48,0,296,2420,1696,352,1344,76,0,0,0,0,16,164,5408,5408,0,0,0,3056,1404,-348,0,1296,0,0,0
1958:Q3,5620,28,0,0,3412,0,880,0,316,2216,1904,268,1636,80,0,0,0,0,12,184,5280,5280,0,0,0,3112,1452,140,0,576,0,0,0
1958:Q4,6336,596,0,0,2656,68,-448,200,272,2564,2748,252,2496,80,0,0,0,0,16,240,4728,4748,0,0,0,3044,1644,52,20,-12,-20,0,-20
1959:Q1,4820,-592,0,0,2976,332,116,44,588,1896,1936,340,1596,176,0,0,0,0,16,308,5032,5032,0,0,0,3076,1872,128,0,-44,0,0,0
1959:Q2,5736,-48,0,0,3324,340,64,52,652,2216,1928,376,1552,144,0,0,0,0,12,376,5276,5272,0,0,0,3084,2136,-164,0,216,4,0,4
1959:Q3,5000,-192,0,0,1904,-104,-180,32,628,1528,2684,428,2256,200,0,0,0,0,16,388,5772,5772,0,0,0,3332,2108,316,4,12,0,0,0
1959:Q4,6336,604,0,0,1408,-164,-1260,-40,208,2664,3712,576,3136,248,0,0,0,0,16,348,6320,6316,0,0,0,3756,1784,64,0,712,4,0,4
1960:Q1,4944,-728,0,0,1668,-104,-160,4,336,1592,3504,672,2832,168,0,0,0,0,16,316,6176,6172,0,0,0,3672,1484,-232,0,1248,4,0,4
1960:Q2,5336,244,0,0,1360,184,-1016,108,292,1792,3172,720,2452,256,0,0,0,0,16,288,5628,5624,0,0,0,3436,1208,-156,4,1132,4,0,4
1960:Q3,5780,-20,0,0,2156,164,12,20,612,1348,2816,584,2232,524,0,0,0,0,16,288,5060,5052,0,0,0,3000,1136,184,0,732,8,0,8
1960:Q4,6916,588,0,0,2292,460,-600,-16,312,2136,3256,476,2780,460,0,0,0,0,16,304,4592,4596,0,0,0,2500,1272,140,12,672,-4,0,-4
1961:Q1,5592,-392,0,0,2428,-28,464,-40,420,1612,2768,568,2200,444,0,0,0,0,16,328,4976,4972,0,0,0,2668,1364,24,4,912,4,0,4
1961:Q2,6028,152,0,0,2228,-24,-540,-40,140,2692,3080,600,2480,204,0,0,0,0,16,348,5632,5628,0,0,0,3084,1412,-268,0,1400,4,0,4
1961:Q3,5828,156,0,0,2680,-200,80,88,320,2392,2204,444,1760,428,0,0,0,0,16,344,6072,6068,0,0,0,3596,1424,88,0,960,4,0,4
1961:Q4,7296,332,0,0,2172,-152,-1176,28,320,3152,3684,396,3288,784,0,0,0,0,20,304,5940,5980,0,0,0,4068,1400,28,44,440,-40,0,-40
1962:Q1,5728,-692,0,0,3672,872,692,44,604,1460,2072,460,1612,364,16,0,0,0,16,280,6084,6080,0,0,0,4012,1364,436,0,268,4,0,4
1962:Q2,6564,-24,0,0,2900,276,-112,-24,-60,2820,2640,588,2052,748,40,0,0,0,20,240,5912,5908,0,0,0,3828,1316,-264,0,1028,4,0,4
1962:Q3,6312,304,0,0,2848,196,208,108,196,2140,2720,516,2204,156,28,0,0,0,20,236,5976,5972,0,0,0,3516,1352,168,0,936,4,0,4
1962:Q4,8452,672,0,0,1740,-728,-644,-148,-188,3448,5368,440,4928,364,16,0,0,0,16,276,6408,6388,0,0,0,3212,1468,-124,-16,1848,20,0,20
1963:Q1,5740,-908,0,0,2936,548,-592,-20,12,2988,2956,456,2500,428,0,0,0,0,20,308,6084,6080,0,0,0,3696,1564,692,0,128,4,0,4
1963:Q2,6532,64,0,0,2236,-124,-1104,72,-360,3752,3640,496,3144,252,-20,0,0,0,20,340,6280,6280,0,0,0,3956,1644,-644,0,1324,0,0,0
1963:Q3,7280,416,0,0,2300,208,380,12,-252,1952,3952,380,3572,256,-12,0,0,0,20,348,6632,6632,0,0,0,4248,1716,-36,0,704,0,0,0
1963:Q4,8572,464,0,0,1972,-500,-112,72,-96,2608,5704,352,5352,68,12,0,0,0,20,332,6952,6972,0,0,0,4524,1776,-36,20,688,-20,0,-20
1964:Q1,6576,-688,0,0,2344,68,-100,-72,-36,2484,4132,488,3644,388,64,0,0,0,20,316,6932,6932,0,0,0,4224,1856,416,0,436,0,0,0
1964:Q2,7440,-60,0,0,2016,-468,-292,60,-164,2880,4672,536,4136,384,108,0,0,0,20,300,7096,7092,0,0,0,4252,1944,-256,0,1152,4,0,4
1964:Q3,7776,140,0,0,2068,96,500,12,80,1380,4612,472,4140,528,96,0,0,0,24,308,7276,7272,0,0,0,4332,1992,328,0,620,4,0,4
1964:Q4,9740,696,0,0,1092,-224,-984,-40,-192,2532,6956,444,6512,536,80,0,0,0,20,360,7312,7336,0,0,0,4440,2008,-16,28,876,-24,0,-24
1965:Q1,7820,-808,0,0,2712,596,180,28,-112,2020,5176,516,4660,280,36,0,0,0,24,400,7744,7740,0,0,0,4268,2348,56,0,1068,4,0,4
1965:Q2,7752,-28,0,0,2044,760,-1124,60,-288,2636,4720,600,4120,524,24,0,0,0,20,448,8096,8100,0,0,0,4796,2016,-332,0,1620,-4,0,-4
1965:Q3,9124,68,0,0,2924,492,-240,112,-316,2876,4832,568,4264,836,-24,0,0,0,24,464,8096,8100,0,0,0,4956,1908,204,0,1032,-4,0,-4
1965:Q4,10428,828,0,0,1076,-1668,-716,-48,-260,3768,6868,468,6400,1160,-4,0,0,0,24,476,7744,7748,0,0,0,4744,2028,-8,-4,988,-4,0,-4
1966:Q1,8772,-1720,0,0,4876,-192,208,96,36,4728,5608,732,4876,156,16,0,0,0,24,-188,6632,6636,0,0,0,4576,2084,416,0,-440,-4,0,-4
1966:Q2,7328,96,0,0,720,-32,-1000,164,-692,2280,6356,1248,5108,176,36,0,0,0,24,-80,8460,8456,0,0,0,4452,2084,-396,4,2312,4,0,4
1966:Q3,7952,248,0,0,1320,300,-276,36,-184,1444,6160,1936,4224,224,80,0,0,0,24,-104,9180,9172,0,0,0,4524,2100,116,0,2432,8,0,8
1966:Q4,10444,1552,0,0,1248,272,276,-20,-240,960,6016,1840,4176,380,4,0,0,0,24,1220,7652,7620,0,0,0,4788,2132,104,-24,620,32,0,32
1967:Q1,10804,-956,0,0,3736,688,-264,4,-172,3480,4556,1116,3440,596,-16,0,0,0,32,2856,7688,7684,0,0,0,4964,1264,844,4,608,4,0,4
1967:Q2,8504,304,0,0,3208,1340,-660,20,-240,2748,3724,1096,2628,1044,40,0,0,0,36,148,7488,7484,0,0,0,4852,1424,-1288,0,2496,4,0,4
1967:Q3,9212,188,0,0,5056,1100,108,-16,-112,3976,2844,760,2084,964,16,0,0,0,36,108,8504,8500,0,0,0,4888,1496,124,0,1992,4,0,4
1967:Q4,8744,580,0,0,2148,-2728,-136,-32,64,4980,4272,796,3476,1372,52,0,0,0,32,288,8508,8524,0,0,0,4836,1800,-124,20,1992,-16,0,-16
1968:Q1,8808,-1648,0,0,5756,848,-20,144,120,4664,2936,1108,1828,1152,116,0,0,0,40,456,8520,8516,0,0,0,4800,2236,648,0,832,4,0,4
1968:Q2,8220,244,0,0,2624,-44,-924,-56,-8,3656,3236,1444,1792,1592,-76,0,0,0,36,564,8384,8376,0,0,0,4768,2296,-360,0,1672,8,0,8
1968:Q3,9460,836,0,0,3656,620,324,44,-16,2684,3324,1380,1944,964,12,0,0,0,40,628,7856,7852,0,0,0,4788,1532,304,4,1224,4,0,4
1968:Q4,11180,992,0,0,2492,-1240,-288,124,100,3796,5328,1056,4272,1536,132,0,0,0,36,664,10012,10028,0,0,0,4852,3140,56,24,1956,-16,0,-16
1969:Q1,10080,-1340,0,0,5380,1408,-468,92,144,4204,3304,1676,1628,1552,308,0,0,0,40,836,9076,9068,0,0,0,4904,2668,652,0,844,8,0,8
1969:Q2,7248,-520,0,0,604,-684,-840,112,-24,2040,4448,2544,1904,1396,424,0,0,0,44,852,9460,9452,0,0,0,4932,3068,-680,4,2128,8,0,8
1969:Q3,9968,248,0,0,2628,1396,-164,148,0,1248,5324,3284,2040,680,400,0,0,0,40,648,9564,9552,0,0,0,4988,3116,348,0,1100,12,0,12
1969:Q4,10492,1420,0,0,816,1236,144,32,-12,-584,5208,2572,2636,1668,392,0,0,0,44,944,10404,10360,0,0,0,5064,3628,-100,-32,1800,44,0,44
1970:Q1,10048,-628,0,0,2144,-12,-176,232,56,2044,5460,2876,2584,1888,352,0,0,0,44,788,9208,9200,0,0,0,5088,2612,744,4,752,8,0,8
1970:Q2,8748,-384,0,0,1216,-140,-264,-12,-24,1656,4804,2588,2216,1164,1128,0,0,0,44,776,9120,9112,0,0,0,5052,2604,-792,0,2248,8,0,8
1970:Q3,7252,196,0,0,2236,668,532,172,172,692,3468,2048,1420,528,8,0,0,0,44,772,9644,9640,0,0,0,5220,2876,396,4,1144,4,0,4
1970:Q4,13540,1312,0,0,3928,2592,-420,176,136,1444,4616,1444,3172,2912,-44,0,0,0,48,768,10780,10776,0,0,0,5576,3440,152,4,1604,4,0,4
1971:Q1,12728,-836,0,0,6620,2120,-152,28,32,4592,1560,928,632,4908,-416,0,0,0,48,844,11864,11860,0,0,0,5928,4200,500,4,1228,4,0,4
1971:Q2,10464,-268,0,0,5548,2604,-1128,0,100,3972,844,940,-96,3676,-284,0,0,0,48,900,12788,12776,0,0,0,6264,4748,-532,0,2296,12,0,12
1971:Q3,10440,100,0,0,4116,-1284,116,296,108,4880,2092,1124,968,3504,-316,0,0,0,52,892,13236,13228,0,0,0,6444,4900,320,4,1560,8,0,8
1971:Q4,17176,1024,0,0,7784,-928,308,56,-12,8360,3992,1012,2980,3908,-420,0,0,0,52,836,12904,12948,0,0,0,6484,4632,-396,56,2172,-44,0,-44
1972:Q1,9092,-2396,0,0,5860,-260,648,356,-48,5164,416,808,-392,4588,-360,0,0,0,52,932,13452,13444,0,0,0,6556,4332,576,4,1976,8,0,8
1972:Q2,14288,656,0,0,7368,560,-1072,-68,0,7948,1044,1020,24,4544,-352,0,0,0,52,976,13800,13792,0,0,0,6668,3976,-804,0,3952,8,0,8
1972:Q3,14408,376,0,0,9180,2948,612,204,44,5372,1732,996,736,2400,-312,0,0,0,56,976,13948,13940,0,0,0,6772,4220,384,0,2564,8,0,8
1972:Q4,19852,2236,0,0,6776,-2404,-192,-60,20,9412,6368,928,5440,3708,-216,0,0,0,56,924,13448,13504,0,0,0,6892,5032,-96,64,1612,-56,0,-56
1973:Q1,13672,-1828,0,0,9076,4408,-12,116,-140,4704,1996,1124,872,3312,168,0,0,0,60,888,15476,15472,0,0,0,7044,4916,728,4,2780,4,0,4
1973:Q2,16148,-92,0,0,5796,-1260,-1008,204,168,7692,4980,1716,3264,4228,324,0,0,0,60,852,14916,14888,0,0,0,7228,5420,-828,4,3064,28,0,28
1973:Q3,15156,-264,0,0,3096,-3588,-424,376,88,6644,8356,3536,4820,2956,108,0,0,0,60,844,15160,15136,0,0,0,7268,5996,348,8,1516,24,0,24
1973:Q4,22404,2540,0,0,4688,532,-88,-100,64,4280,11136,2408,8728,2736,392,0,0,0,60,852,15736,15784,0,0,0,7148,6648,-104,80,2012,-48,0,-48
1974:Q1,14692,-2308,0,0,8412,1424,608,192,292,5896,5020,1776,3244,2060,280,0,0,0,64,1164,14780,14756,0,0,0,6996,5264,708,8,1780,24,0,24
1974:Q2,14900,-168,0,0,4112,-892,-988,20,368,5604,6828,2648,4180,2348,408,0,0,0,64,1308,15204,15412,0,0,0,6820,6172,-860,-56,3336,-208,0,-208
1974:Q3,13268,204,0,0,1204,-2144,-88,208,164,3064,8288,3480,4808,1308,796,0,0,0,68,1400,15644,15856,0,0,0,6912,6436,304,-52,2256,-212,0,-212
1974:Q4,23288,1984,0,0,7832,5876,180,304,196,1276,9976,2748,7228,2072,-80,0,0,0,68,1436,16360,16484,0,0,0,7288,6060,-200,-140,3476,-124,0,-124
1975:Q1,16500,-1540,0,0,8564,-1428,852,180,116,8844,5904,1856,4048,2248,-312,0,0,0,68,1568,18908,18784,0,0,0,7612,8336,620,32,2184,124,0,124
1975:Q2,17208,-268,0,0,8608,1056,508,276,348,6420,4412,1528,2884,2924,-320,0,0,0,72,1780,18252,18128,0,0,0,7880,7440,-932,32,3708,124,0,124
1975:Q3,18964,-1008,0,0,13424,4060,436,412,1528,6988,3020,1564,1456,1524,236,0,0,0,72,1696,19580,19456,0,0,0,8080,8224,220,32,2900,124,0,124
1975:Q4,28932,2520,0,0,18852,-716,3660,548,1372,13988,4820,1472,3348,1508,-168,0,0,0,72,1328,22852,22732,0,0,0,8204,10652,-268,32,4112,120,0,120
1976:Q1,23496,-2516,620,0,17844,-2012,1344,892,2024,15596,2220,1184,1036,4076,-256,0,0,0,76,1432,25228,25056,0,0,0,8348,12880,772,48,3008,172,0,172
1976:Q2,24004,500,-264,0,17444,3572,-464,24,728,13584,2608,1492,1116,2408,-80,0,0,0,80,1308,28040,27864,0,0,0,8504,15024,-812,44,5104,176,0,176
1976:Q3,25892,-1356,40,0,19560,-2204,1852,1768,840,17304,3416,1432,1984,2836,4,0,0,0,80,1312,29108,28932,0,0,0,8672,16024,512,44,3680,176,0,176
1976:Q4,39136,2464,824,0,24636,2288,-204,912,752,20888,6772,1360,5412,2976,-44,0,0,0,80,1428,28508,28244,0,0,0,8860,15876,60,-44,3492,264,0,264
1977:Q1,26108,-2964,740,0,21216,2252,696,916,472,16880,2812,1656,1156,1804,172,0,0,0,84,2244,29268,29092,0,0,0,8992,15512,312,44,4232,176,0,176
1977:Q2,30092,652,-644,0,20812,1080,-820,552,372,19628,6204,1844,4360,796,-100,0,0,0,84,2288,30184,30112,0,0,0,9060,16188,416,20,4428,72,0,72
1977:Q3,27876,452,-20,0,17728,64,1528,1420,900,13816,6672,1728,4944,600,84,0,0,0,88,2272,31768,31692,0,0,0,9344,17280,444,16,4608,76,0,76
1977:Q4,41032,2604,288,0,22112,-4708,-1616,3848,84,24504,12376,1660,10716,1348,56,0,0,0,88,2160,33632,33464,0,0,0,9844,18308,388,-76,5000,168,0,168
1978:Q1,31768,-3040,340,0,26408,7524,-960,2412,-196,17628,6096,1804,4292,-96,108,0,0,0,136,1816,33896,33824,0,0,0,10412,18396,368,20,4628,72,0,72
1978:Q2,32616,648,-208,0,19808,-1216,-604,1160,-236,20704,10196,2436,7760,260,-132,0,0,0,140,1904,35532,35336,0,0,0,11048,19232,388,52,4616,196,0,196
1978:Q3,36164,-428,568,0,21748,2084,756,3744,520,14644,11764,2536,9228,476,-92,0,0,0,144,1984,36032,35832,0,0,0,11188,19552,336,48,4708,200,0,200
1978:Q4,41492,2716,1360,0,16388,-2580,-1164,2848,1316,15968,19576,3584,15992,-1216,244,0,0,0,152,2272,35600,35308,0,0,0,10824,19352,224,-40,4948,292,0,292
1979:Q1,33536,-3952,-448,0,22908,2600,2140,2312,-1248,17104,12716,4076,8640,-492,88,0,0,0,152,2564,35228,35032,0,0,0,10600,19124,132,52,5124,196,0,196
1979:Q2,38084,1372,664,0,19048,4052,-612,3468,-4,12144,14468,3896,10572,-664,176,0,0,0,160,2860,35488,34976,0,0,0,10520,18848,60,136,5412,512,0,512
1979:Q3,35320,-1480,992,0,14376,-40,-216,4140,604,9888,16244,3688,12556,1996,116,0,0,0,164,2912,35532,35016,0,0,0,10376,19248,-28,132,5288,516,0,516
1979:Q4,42568,5012,1440,0,7812,-180,-1048,1432,752,6856,24308,7056,17252,884,204,0,0,0,172,2736,35380,34800,0,0,0,10156,20324,-152,68,4404,580,0,580
1980:Q1,39220,-4128,-252,0,14012,-6944,116,1956,136,18748,24172,8280,15892,2148,524,0,0,0,176,2568,35200,34684,0,0,0,9960,20980,304,132,3308,516,0,516
1980:Q2,32816,2680,448,0,7744,3568,872,-524,-496,4324,22604,9928,12676,-3152,-84,0,0,0,184,2392,34448,33644,0,0,0,9776,21196,516,212,1944,804,0,804
1980:Q3,35780,-2148,2768,0,17524,6768,812,2256,512,7176,13308,3316,9992,1796,-124,0,0,0,188,2468,35268,34840,0,0,0,9596,22460,500,108,2176,428,0,428
1980:Q4,42948,5788,436,0,15972,5348,2000,3364,940,4320,16896,4820,12076,760,112,0,0,0,196,2788,38240,37828,0,0,0,9400,24760,264,-148,3552,412,0,412
1981:Q1,43536,-3512,2388,0,24700,6056,5472,4448,524,8200,14544,7200,7344,1892,392,0,0,0,204,2928,46424,46300,0,0,0,9296,30740,24,28,6212,124,0,124
1981:Q2,44212,876,4932,0,21496,5380,-1016,5644,496,10992,13880,6912,6968,-284,276,0,0,0,208,2828,41636,41216,0,0,0,9260,24020,-204,112,8028,420,0,420
1981:Q3,47124,2292,4392,0,18032,8296,960,2620,352,5804,13920,8412,5508,4024,888,0,0,0,216,3360,52504,52152,0,0,0,8920,34848,-228,92,8520,352,0,352
1981:Q4,48424,2416,5288,0,18068,9956,3900,-116,428,3900,13500,6656,6844,3836,568,0,0,0,224,4524,45740,44104,0,0,0,8272,28440,-48,196,7244,1636,0,1636
1982:Q1,42156,-9468,2052,0,30756,-872,11616,3456,1400,15156,9560,5228,4332,1776,1508,0,0,0,204,5768,46992,46556,0,0,0,7528,31520,132,12,7364,436,0,436
1982:Q2,56456,3192,3748,0,27880,6192,-476,4468,1500,16196,8796,5428,3368,1212,1604,0,0,0,32,9992,66056,65392,0,0,0,6680,38372,292,364,19684,664,0,664
1982:Q3,51860,236,1952,0,27888,3600,7012,4132,1460,11684,7432,4212,3220,5860,892,0,0,0,-44,7644,60780,60868,0,0,0,6540,47604,296,-60,6488,-88,0,-88
1982:Q4,73136,7152,-3168,0,52820,7764,15296,5308,3224,21228,8200,2152,6048,744,56,0,0,0,68,7264,55996,55896,0,0,0,7104,41228,148,192,7224,100,0,100
1983:Q1,51368,-8536,1072,0,41000,5292,12744,2740,688,19536,7224,1864,5360,5820,-260,0,0,0,-60,5108,41100,40980,0,0,0,7540,25084,4,-36,8388,120,0,120
1983:Q2,58344,1892,-4480,0,40040,2576,9492,3784,2532,21656,6720,1136,5584,6392,-1152,0,0,0,204,8728,48312,48360,0,0,0,7852,31400,-124,120,9112,-48,0,-48
1983:Q3,54536,-1736,-2724,0,35416,1372,9700,7544,680,16120,11120,596,10524,1108,-284,0,0,0,156,11480,46912,46964,0,0,0,7964,29608,-144,132,9404,-52,0,-52
1983:Q4,70696,4732,-364,0,44640,4468,16492,14848,-144,8976,15384,812,14572,412,160,0,0,0,180,5552,61876,61624,0,0,0,7884,44556,-64,-40,9288,252,0,252
1984:Q1,48584,-5116,1484,0,48656,10124,9000,8924,-3888,24496,1692,484,1208,916,660,0,0,0,-108,400,55460,55948,0,0,0,4688,38112,0,-176,13324,-488,0,-488
1984:Q2,64664,2380,476,0,46636,8144,3464,9776,-1208,26460,9484,564,8920,-900,228,0,0,0,24,6336,60072,60316,0,0,0,4264,40192,8,164,15688,-244,0,-244
1984:Q3,58936,-2616,5272,0,42232,-2076,13132,10740,-1072,21508,7820,456,7364,1988,-44,0,0,0,132,4152,62900,63212,0,0,0,5212,42284,68,-92,15740,-312,0,-312
1984:Q4,94064,7480,2232,0,62244,384,24676,14588,1076,21520,5572,264,5308,-968,956,0,0,0,812,15736,97760,93824,0,0,0,5648,75156,168,908,11944,3936,0,3936
1985:Q1,77564,-6160,-464,0,59684,8432,5844,12112,712,32584,14803,-100,14903,6352,1736,0,0,0,-220,1833,58328,58368,0,0,0,8296,35248,272,-124,14676,-40,404,-444
1985:Q2,93464,412,1724,0,60784,1740,9416,11852,92,37684,14482,-208,14690,5128,2236,0,0,0,364,8334,82472,81772,0,0,0,9496,56408,360,156,15352,700,460,240
1985:Q3,79676,3328,-1416,0,56224,-4916,6384,18828,520,35408,13079,-308,13387,1196,3060,0,0,0,60,4145,70456,69736,0,0,0,11028,49024,436,444,8804,720,-600,1320
1985:Q4,110676,20368,-7484,0,68440,-6228,20340,7200,2656,44472,17484,72,17412,6608,-2628,0,0,0,96,7792,110160,111012,0,0,0,12880,81828,500,1396,14408,-852,-584,-268
1986:Q1,74692,-5964,1424,0,67164,-5756,7708,16528,1260,47424,20329,-4,20333,-17268,11588,0,0,0,-220,-2361,73080,74764,0,0,0,15584,23028,616,-216,35752,-1684,-308,-1376
1986:Q2,93808,3608,-268,0,58184,6080,-3316,9540,3072,42808,22249,4,22245,-9928,10012,0,0,0,-1380,11331,88840,86332,0,0,0,16380,58368,776,196,10612,2508,2056,452
1986:Q3,122324,1020,128,0,61648,8148,8936,3340,3428,37796,24452,-96,24548,17184,6920,0,0,0,304,10668,111768,108272,0,0,0,17980,81768,756,1300,6468,3496,-1192,4688
1986:Q4,124464,9292,-2876,0,76248,13212,16004,13024,44,33964,19894,-1160,21054,1744,12432,0,0,0,232,7498,138056,133520,0,0,0,18864,90344,552,868,22892,4536,1724,2812
1987:Q1,101888,-6216,-3532,0,66736,-7796,8880,11120,-4004,58536,13055,-1376,14431,25788,-6100,0,0,0,44,12113,118172,118040,0,0,0,27488,24220,352,980,65000,132,-984,1116
1987:Q2,90256,-1196,-3528,0,62604,-6016,-14448,7952,1144,73972,17974,-704,18678,3664,-3696,0,0,0,48,14386,91648,91124,0,0,0,23568,27696,152,420,39288,524,-632,1156
1987:Q3,116544,2040,-2436,0,84992,7820,-1580,11640,-2944,70056,18359,568,17791,148,-4224,0,0,0,136,17529,124900,126300,0,0,0,25104,37476,128,1040,62552,-1400,-892,-508
1987:Q4,92828,1852,-2964,0,66176,4212,-672,-2576,1892,63320,23028,-204,23232,-6644,5184,0,0,0,-8,6204,70980,70028,0,0,0,18688,42368,268,-2660,11364,952,-908,1860
1988:Q1,114952,-8076,3864,0,76420,-5892,-448,6220,-480,77020,17775,-1936,19711,1300,712,0,0,0,340,22617,126944,126232,0,0,0,22872,86356,356,-184,16832,712,-472,1184
1988:Q2,101280,-364,1488,0,74228,1816,4588,9736,-2132,60220,18851,2040,16811,-1524,3064,0,0,0,-156,5693,100744,101212,0,0,0,22276,60632,388,-320,18236,-468,444,-912
1988:Q3,95452,-3312,2816,0,72184,6176,680,6076,-2104,61356,21336,1252,20084,-4420,3960,0,0,0,372,2516,82656,81584,0,0,0,20700,56044,472,544,3824,1072,-232,1304
1988:Q4,108224,-812,3856,0,94040,11140,-144,11804,-1516,72756,24598,1084,23514,-3536,1880,0,0,0,-504,-11298,122900,119496,0,0,0,28256,76556,620,-252,14316,3404,-272,3676
1989:Q1,65680,-356,-3428,0,56533,-3343,-6988,22528,-1208,45544,22805,2944,19861,-2764,-2292,0,0,0,-396,-4422,68036,66876,0,0,0,12548,26920,808,1672,24928,1160,-792,1952
1989:Q2,100044,3080,-4624,0,84921,-8687,-9160,30796,-96,72068,22498,3608,18890,-1008,-5584,0,0,0,-392,1152,104804,105388,0,0,0,29400,55556,1036,36,19360,-584,-364,-220
1989:Q3,77136,2744,-3420,0,54375,191,-9924,24884,576,38648,25733,2428,23305,224,-5120,0,0,0,-708,3308,73976,73132,0,0,0,20464,30184,1040,132,21312,844,-680,1524
1989:Q4,108844,15236,7664,0,94539,29863,-196,19216,148,45508,28772,3136,25636,-5848,-76,0,0,0,1052,-32495,109204,109236,0,0,0,39588,42256,820,32,26540,-32,-700,668
1990:Q1,93552,1068,6700,0,71863,-15197,23436,14780,1112,47732,40530,14600,25930,-2140,3148,0,0,0,320,-27937,87044,87152,0,0,0,22928,58564,596,296,4768,-108,-1428,1320
1990:Q2,129968,-4720,4832,0,84964,6136,-2384,14224,6500,60488,22940,8088,14852,-2096,2272,0,0,0,-56,21832,151716,153284,0,0,0,27124,121060,360,-152,4892,-1568,-936,-632
1990:Q3,63256,-7164,7204,0,94680,10516,2132,24488,3352,54192,-3573,-10012,6439,-7844,8352,0,0,0,1580,-29979,30928,32548,0,0,0,23404,9412,384,-100,-552,-1620,-1780,160
1990:Q4,93288,-8040,8216,0,66001,5837,-4572,22112,1904,40720,11611,3640,7971,12356,-13540,0,0,0,504,16179,95820,91384,0,0,0,21880,62656,660,1008,5180,4436,-1276,5712
1991:Q1,122888,-2460,3244,0,86602,6174,12088,29076,6636,32628,16698,12904,3794,1836,-5256,0,0,0,604,21619,125332,124396,0,0,0,27468,53900,896,-272,42404,936,-444,1380
1991:Q2,95904,480,140,0,110527,2255,4588,63168,-10840,51356,6411,2256,4155,-2028,-828,0,0,0,-44,-18754,82452,82848,0,0,0,26736,13560,1084,576,40892,-396,-248,-148
1991:Q3,71588,1144,140,0,62713,11525,25476,10488,2192,13032,-1318,5044,-6362,-3080,-2788,0,0,0,-652,15428,62036,57820,0,0,0,14636,21404,1196,648,19936,4216,-316,4532
1991:Q4,2600,176,140,0,24993,-20671,18684,58624,-6852,-24792,-38411,-1276,-37135,10568,-1980,0,0,0,2300,4814,14612,13944,0,0,0,15100,-14676,1236,-2812,15096,668,644,24
1992:Q1,65420,-152,140,0,76729,-3191,8148,28172,-444,44044,-4258,2140,-6398,6608,-528,0,0,0,696,-13816,69536,68368,0,4,0,26980,17764,1288,76,22256,1168,-28,1196
1992:Q2,63636,-476,136,0,84350,-1786,5924,18960,480,60772,-17569,4276,-21845,-328,-352,0,0,0,744,-2868,73928,72692,0,12,0,12788,47192,1368,436,10896,1236,-236,1472
1992:Q3,77504,-868,140,0,91776,-4616,13092,33552,1748,48000,-14718,5764,-20482,1332,-1740,0,0,0,-148,1730,86596,84804,0,180,0,34456,34824,1436,-268,14176,1792,2224,-432
1992:Q4,75676,-1028,140,0,87013,-2947,7672,26960,2432,52896,-9507,10392,-19899,-1116,-1872,0,0,0,4,2042,89800,87472,0,-168,0,23284,53196,1492,540,9128,2328,480,1848
1993:Q1,100100,104,140,0,125300,1112,26596,23160,400,74032,-10158,3248,-13406,-9276,-828,0,0,0,344,-5526,93164,95320,0,128,0,27300,35612,1600,-512,31192,-2156,1612,-3768
1993:Q2,97740,92,136,0,115079,6847,19828,37572,4080,46752,-10371,3908,-14279,-5028,-876,0,0,0,-972,-320,88216,86156,0,580,0,28988,31272,1772,824,22720,2060,252,1808
1993:Q3,91864,80,140,0,116473,-7755,25648,28420,5304,64856,-10158,7360,-17518,896,-968,0,0,0,-180,-14418,80548,83868,0,-140,0,29952,26868,1720,516,24952,-3320,-4140,820
1993:Q4,63552,68,140,0,80172,6300,3244,22244,3240,45144,-19345,8032,-27377,14040,-1084,0,0,0,228,-10668,48124,51624,0,388,0,29456,-7252,1448,3660,23924,-3500,-1072,-2428
1994:Q1,104008,364,140,0,78274,-4306,-13332,23644,-508,72776,-7432,5748,-13180,4200,92,0,0,0,396,27974,70232,69268,0,36,0,22188,25728,1152,204,19960,964,-836,1800
1994:Q2,13180,356,136,0,33256,-1032,10696,-6484,-6300,36376,-2580,9440,-12020,5124,44,0,0,0,1040,-24196,18520,19360,0,24,0,20084,-15824,836,0,14240,-840,-952,112
1994:Q3,129700,356,140,0,82908,5368,13740,3080,-1720,62440,4529,7136,-2607,2976,-40,0,0,0,-468,39299,95176,96360,0,32,0,64096,10840,828,212,20352,-1184,-2128,944
1994:Q4,58668,356,140,0,76914,14354,-23120,24672,952,60056,-321,6912,-7233,2344,-124,0,0,0,1380,-22022,59032,59152,0,1292,0,18868,10564,1140,-2416,29704,-120,-3068,2948
1995:Q1,92600,-416,140,0,93306,-10090,11428,28036,-4600,68532,5885,5120,765,-6320,-448,0,0,0,100,353,94820,96400,0,-28,0,41768,8268,1452,-188,45128,-1580,-2668,1088
1995:Q2,102256,-424,136,0,106468,300,-2668,3092,5488,100256,2025,5640,-3615,-6420,-580,0,0,0,1044,6,97284,102936,0,148,0,45556,17500,1652,140,37940,-5652,-6216,564
1995:Q3,65948,-424,140,0,32734,4322,-3640,10684,-1968,23336,23556,8112,15444,-1752,-716,0,0,0,-468,12878,50008,49256,0,-52,0,23992,2648,1744,184,20740,752,-540,1292
1995:Q4,44704,-420,144,0,56583,-9953,-19624,-22188,-3436,111784,-5586,18196,-23782,-1684,-844,0,0,0,960,-4449,26360,28236,0,-388,0,27204,-23064,1540,1376,21568,-1876,-4800,2924
1996:Q1,22844,-1144,136,0,33385,17773,-8596,-14604,1776,37036,7751,7076,675,-8468,-452,0,0,0,872,-9236,-9744,-1152,0,2524,0,10748,-21680,460,508,6288,-8592,-8860,268
1996:Q2,10096,-764,140,0,-4703,8481,-19512,-17092,-844,24264,721,4520,-3799,1368,-528,0,0,0,732,13130,1972,2820,0,280,0,22304,-29412,440,148,9060,-848,-1124,276
1996:Q3,85864,-748,140,0,107152,-17052,3072,29952,1024,90156,3336,11364,-8028,-188,-580,0,0,0,1012,-24259,50224,51668,0,-404,0,50960,-23104,600,112,23504,-1444,-3072,1628
1996:Q4,104896,-1736,140,0,108870,-10890,-34128,5524,3724,144640,-12840,-5948,-6892,-16756,-688,0,0,0,740,27166,125088,148544,0,1952,0,53684,62588,1528,2388,26404,-23456,-22180,-1276
1997:Q1,38668,-2752,-604,0,78912,28864,-1888,-5548,468,57016,4958,6800,-1842,-3120,-424,0,0,0,2956,-41258,18752,18884,0,752,0,42364,19584,-144,1180,-44852,-132,-2332,2200
1997:Q2,196504,1836,-276,0,139071,15671,-928,7384,680,116264,6645,7764,-1119,-1332,-580,0,0,0,492,50648,180660,166196,0,136,0,47392,57900,-148,2448,58468,14464,2144,12320
1997:Q3,123164,-1184,-348,0,61309,7085,8748,11508,1328,32640,2379,3940,-1561,1968,-736,0,0,0,-600,60376,101428,100060,0,180,0,52296,30220,-144,324,17184,1368,-2316,3684
1997:Q4,-37888,14580,-112,0,14060,10672,-42888,-84840,9360,121756,-5790,-1848,-3942,5396,-808,0,0,0,4468,-69683,-18460,-6896,0,-336,0,27844,-24340,-148,3964,-13880,-11564,-13372,1808
1998:Q1,99856,-19092,204,0,71258,15426,-7324,-6888,1408,68636,4252,1240,3012,-1016,104,0,0,0,2568,41579,86608,89564,0,8,0,11812,-40860,1196,368,117040,-2956,-3612,656
1998:Q2,42152,4716,252,0,21938,-1482,-8992,-12228,1028,43612,6440,5888,552,4880,52,0,0,0,3576,297,46048,41500,0,-612,0,18908,1396,1196,780,19832,4548,2336,2212
1998:Q3,88880,-1272,-40,0,29663,9751,-9336,-13188,980,41456,7935,4404,3531,6884,32,0,0,0,-2812,48490,70800,74640,0,1620,0,21324,51884,1196,556,-1940,-3840,-4396,556
1998:Q4,-52716,6068,408,0,11461,-13911,-9248,-12576,1060,46136,16229,-2288,18517,-604,48,0,0,0,-380,-85946,-12288,-3740,0,1752,0,66496,-88316,1196,1096,14036,-8548,-13152,4604
1999:Q1,171272,-11096,604,0,101754,2418,-2556,12408,2424,87060,4862,-16788,21650,708,-244,0,0,0,1472,73212,132028,135752,0,3252,0,29492,9756,796,2112,90344,-3724,-4504,780
1999:Q2,81968,4792,772,0,42532,-12636,-4372,5948,1872,51720,17505,-2944,20449,256,-268,0,0,0,1960,14419,98052,65584,0,2980,0,40372,-24232,796,3588,42080,32468,-3160,35628
1999:Q3,59068,-376,356,0,22935,-2613,-5552,1568,1484,28048,12270,1856,10414,10448,-316,0,0,0,2624,11126,49480,56684,0,1096,0,16756,-3312,796,1660,39688,-7204,-6828,-376
1999:Q4,28496,5716,344,4,667,27487,-7712,-7424,636,-12320,14483,3440,11043,-1140,-288,0,0,0,-236,8946,-7692,-2600,0,-4428,0,44648,-45980,796,-880,3244,-5092,-9488,4396
2000:Q1,118544,-5536,1088,8,79810,-4230,-5428,11232,-76,78312,946,-16,962,2484,196,1096,3396,1176,3272,30608,55936,55212,0,-736,2540,33404,-90816,56,956,109808,724,-6180,6904
2000:Q2,89456,6416,520,4,23355,7403,-6560,2740,-1100,20872,14511,4864,9647,3456,204,1104,3396,1176,1720,33594,91616,67372,0,-1080,2548,18848,43372,56,1436,2192,24244,12864,11380
2000:Q3,121900,-7852,548,4,67515,4799,-5224,9360,-504,59084,16207,7972,8235,4004,204,1092,3396,1172,1744,33865,135616,104208,0,-348,2536,38824,46876,56,9036,7228,31408,-4936,36344
2000:Q4,37712,5584,1376,4,26164,-11676,-7064,4740,-792,40956,1876,3412,-1536,-17408,192,1100,3392,1176,-2348,16604,103164,50144,0,-712,2544,38208,75564,56,-3340,-62176,53020,-4756,57776
2001:Q1,388016,54720,-1796,5384,115740,-44568,-188,16372,-136,144260,6250,4804,1446,7192,44,2576,9396,3860,2464,182186,235664,236336,10600,-2388,5096,101084,193708,13024,3860,-88648,-672,-6780,6108
2001:Q2,200224,22644,776,6664,121521,-3179,-528,12192,-296,113332,8762,1540,7222,5668,36,2588,9392,3864,-44,18353,201480,198008,-1016,96,5116,44584,6368,-3884,1668,145076,3472,-5040,8512
2001:Q3,200552,6336,-472,-5600,140776,13920,-100,12960,-96,114092,14014,5928,8086,12696,28,2576,9388,3860,824,16125,226092,233436,1724,3460,5096,36652,248000,-144,1624,-62976,-7344,-10908,3564
2001:Q4,77164,4780,-3512,-1696,66407,-62445,19524,7132,-1348,103544,7918,-240,8158,-42732,-4628,2576,9392,3856,2048,32755,63428,48560,-6192,1384,5096,33088,-86752,-2532,-7532,112000,14868,19240,-4372
2002:Q1,307692,-7348,5964,22296,216762,-998,26416,66628,1828,122888,8628,1528,7100,5492,660,4924,8992,3756,564,37002,298940,301376,58380,2388,11824,66512,-82960,-2208,1136,246304,-2436,-7420,4984
2002:Q2,208780,-2084,4004,8012,146316,12752,22160,48780,960,61664,6361,916,5445,2316,660,4924,9000,3760,7832,17679,245784,250852,5724,1236,11836,73364,189408,-5580,-2212,-22924,-5068,-9152,4084
2002:Q3,315216,35976,5416,8952,202308,-22956,30340,71648,1804,121472,6424,2656,3768,12080,660,4924,8988,3748,1588,24152,288916,293800,-9652,1972,11824,103476,215856,-464,-1292,-27920,-4884,-9200,4316
2002:Q4,223496,-33628,-6124,-25520,226462,20550,28988,87136,1332,88456,14250,4296,9954,-920,660,4928,8992,3756,1548,29092,84392,90748,-4020,2496,11832,-40880,164556,3528,9992,-56756,-6356,-180,-6176
2003:Q1,373332,34144,10616,29928,215291,-21153,3536,30248,5868,196792,9789,-1200,10989,6200,1132,3764,11808,4704,-96,46052,358292,362712,23236,4432,5864,80064,138468,-7752,-2032,120432,-4420,-6480,2060
2003:Q2,252468,-1284,1408,-9692,216123,-8637,-5620,28544,6252,195584,11949,1764,10185,5792,1132,3744,11812,4696,1464,5324,205148,214120,312,1476,5860,52484,-17028,540,-1692,172168,-8972,-3724,-5248
2003:Q3,172388,5720,10224,-4972,117595,-2681,-2920,10252,5064,107880,9798,-1392,11190,520,1132,3760,11800,4704,788,11319,151804,157396,12260,3144,5872,56932,6028,1260,-2520,74420,-5592,-6160,568
2003:Q4,24476,-5416,-20232,-25372,88507,-21845,-23632,11376,5436,117172,12388,1320,11068,-27584,1132,3764,11808,4696,1364,-20579,34804,42476,-32636,2500,5868,6708,19856,-1688,-3544,45412,-7672,576,-8248
2004:Q1,283548,-7132,13540,6460,163388,388,1548,18936,3688,138828,10844,964,9880,9284,56,7080,20432,8824,-728,51500,285208,289776,2588,-364,14856,12740,114412,6916,580,138048,-4568,-4260,-308
2004:Q2,204352,14608,2332,-764,128312,-8808,-5496,14532,3712,124372,7900,4080,3820,9060,56,7080,20440,8824,3792,2713,205908,188732,8728,2704,14864,57568,75224,-2640,5564,26720,17176,-32716,49892
2004:Q3,196752,-3200,10660,-1748,138753,4405,-2308,13192,3680,119784,18558,5200,13358,3724,60,7076,20428,8820,3548,-9927,190556,194388,-2732,96,14860,54348,114988,-1080,1296,12612,-3832,-18268,14436
2004:Q4,144932,-2864,-6044,2296,94899,-20245,-7120,8504,3908,109852,22011,3772,18239,-21884,56,7080,20432,8820,604,19526,122756,128480,-13380,9696,14864,52032,24800,4232,3580,32656,-5724,-13920,8196
2005:Q1,237672,-24984,6600,28036,172986,-30466,18376,36340,4388,144348,13365,2080,11285,5968,672,2812,7584,4900,1456,18277,203476,215056,25816,-1608,6644,48176,89528,-2644,-84,49228,-11580,-13792,2212
2005:Q2,113004,31028,-11436,-8540,73109,-3663,16100,2504,2224,55944,14522,7208,7314,-24992,672,2812,7580,4888,2372,20989,131048,128448,-128,2260,6648,53504,-7156,640,-3232,75912,2600,-5032,7632
2005:Q3,157224,6756,-1340,-10636,110622,12034,18424,5460,2480,72224,8834,2348,6486,14496,676,2816,7584,4896,6156,6364,115276,118636,3256,380,6648,53740,-16744,-3160,2740,71776,-3360,-5604,2244
2005:Q4,-6596,-21060,-8092,-12788,40707,5203,9956,-6296,1320,30524,27472,8676,18796,-3352,672,2820,7576,4888,-4416,-41022,-24700,-11336,832,492,6652,31088,61100,-1316,-4180,-106004,-13364,-7440,-5924
2006:Q1,154404,5956,8364,-2932,105207,-2537,-2964,25152,4888,80668,26015,7624,18391,14432,-2576,4216,20868,15424,-2348,-38222,170096,185952,12544,2816,12528,79752,-62432,1656,-704,139792,-15856,-23120,7264
2006:Q2,146472,-124,6028,-540,21496,-876,-8332,-30188,5748,55144,35548,12684,22864,-1632,-2576,4220,20864,15416,-348,48120,141900,138840,-2416,1320,12532,8716,5516,-2752,7660,108264,3060,-29248,32308
2006:Q3,162644,-256,15044,876,19013,12841,-5232,-27060,-2264,40728,22378,10332,12046,9588,-2576,4208,20864,15424,3264,54816,130400,133932,-12396,2468,12532,62944,-40476,1984,3136,103740,-3532,-13008,9476
2006:Q4,12516,18108,13228,2316,-74021,31,-19012,-36924,1644,-19760,25911,8612,17299,-13144,-2576,4220,20860,15416,2644,-446,5008,17344,3536,4428,12532,54280,-108736,10500,-4076,44880,-12336,-14712,2376
2007:Q1,104264,11284,-5072,-2400,59398,738,-12224,6468,4908,59508,29283,14084,15199,8628,1228,-296,7372,8108,6268,-19536,79444,100288,-13512,4964,10904,46248,-20436,-5356,-1612,79088,-20844,-20820,-24
2007:Q2,123148,-9508,-288,3468,42646,214,-12732,4848,4960,45356,38699,17072,21627,11412,1232,-288,7376,8104,4416,15880,118088,131144,2156,12608,10900,54480,-8296,-4008,1380,61924,-13056,-21564,8508
2007:Q3,161396,18084,-7544,428,56055,6579,-10528,6300,4040,49664,26079,13816,12263,5900,1228,-296,7364,8108,6440,39549,139916,171980,3036,24116,10908,39976,-35800,1364,176,128204,-32064,-29676,-2388
2007:Q4,74348,-2852,7600,-512,-27799,15881,-17084,-6920,3988,-23664,50235,8072,42163,2536,1228,-288,7372,8100,6060,22667,-27268,30592,4064,13208,10908,55728,-1904,2424,-2628,-51208,-57860,-50476,-7384
2008:Q1,318460,20880,25636,1384,51083,16635,26840,-16308,3272,20644,43193,19440,23753,3724,420,3688,21180,11420,7340,128512,256860,276256,4660,11620,15992,50320,121424,-2116,3044,71312,-19396,-31992,12596
2008:Q2,143732,31268,14032,664,55169,-2143,48312,-49104,7352,50752,36910,16392,20518,3732,424,3692,21176,11424,3012,-37771,118548,135736,8648,5188,16000,73652,74544,-7828,-772,-33696,-17188,-10068,-7120
2008:Q3,180812,7640,-11904,2120,-33563,-25719,4672,9640,-224,-21932,43162,33012,10150,3816,420,3696,21172,11416,6424,126413,75864,77732,-8140,34488,16000,113612,230748,-9028,-444,-299504,-1868,-8236,6368
2008:Q4,443716,33320,44036,17804,13994,9002,38716,-10848,540,-23416,7556,12080,-4524,1252,416,3692,21176,11416,1704,287350,236360,183148,-34260,43204,16000,96648,117052,2724,-9264,-48956,53212,7568,45644
2009:Q1,-112208,-48628,13392,18840,-76070,38186,29796,-6936,12024,-149140,-30272,-22196,-8076,-3612,-1880,1644,7760,-5584,-2340,14542,5928,7628,1236,1424,1160,82780,-38404,-1164,1492,-40896,-1700,-6904,5204
2009:Q2,-30788,-17056,-6712,-7072,90421,15689,19844,13088,26332,15468,-26748,-16220,-10528,20596,-1872,1640,7760,-5588,8312,-94470,-6152,-36432,-9388,-8100,1160,33604,-121828,1536,5008,61576,30280,8468,21812
2009:Q3,27724,-4696,-13100,3268,105449,-5627,8472,388,18856,83360,-31077,-17736,-13341,-6404,-1876,1652,7752,-5588,4956,-32612,85016,72340,13556,-10684,1168,24880,-129720,332,3844,168964,12676,-908,13584
2009:Q4,63756,-43896,-16788,-5432,163228,18432,19984,12540,29680,82592,-10567,5888,-16455,24204,-1876,1644,7760,-5588,-4336,-44597,47164,55544,-7288,2080,1164,67756,-39248,5656,-2648,28072,-8380,-4452,-3928
2010:Q1,115536,-14532,-15564,5100,116756,-52992,20760,-7108,46848,109248,-17517,-3640,-13877,9300,-1104,-1880,-6496,-8284,3044,46713,44612,47544,-13132,-1860,-5560,26792,10072,-1860,640,32452,-2932,-7572,4640
2010:Q2,139812,37500,-13968,-1240,89214,5950,9000,-3040,25928,51376,-13920,252,-14172,5444,-1108,-1876,-6488,-8292,3992,50554,149764,159840,2788,-4928,-5568,38640,110084,176,-204,18852,-10076,-13348,3272
2010:Q3,138712,4004,-12776,112,169743,20911,18528,-5576,47744,88136,-1451,2816,-4267,860,-1100,-1864,-6496,-8284,1324,-5360,144224,127868,4492,-936,-5548,73840,35188,4904,464,15464,16356,7844,8512
2010:Q4,-86464,-34228,-9444,348,42298,-22554,6480,-1840,22636,37576,-711,-128,-583,4660,-1104,-1880,-6496,-8292,-904,-70711,59564,63352,-2852,-500,-5560,28444,-5804,-744,5536,44832,-3788,-6088,2300
2011:Q1,155624,-17060,-4632,-13104,149928,4244,6104,3620,11048,124912,5566,-3896,9462,-5540,1196,1572,-6216,4004,132,39778,134592,157736,10016,3284,-10288,71028,10520,36,-3464,76604,-23144,-8700,-14444
2011:Q2,130152,6264,-6604,1204,53956,-12920,1640,-2516,7728,60024,29480,10484,18996,576,1196,1568,-6216,4008,4340,40380,157460,160020,-960,176,-10288,77304,44436,-628,992,48988,-2560,-11520,8960
2011:Q3,342460,40744,-3848,1428,106197,13437,13968,1252,8184,69356,35397,16644,18753,-2512,1192,1576,-6220,3996,5396,159114,326172,364636,-3968,1280,-10284,151024,198380,-4584,-3916,36704,-38464,-15964,-22500
2011:Q4,88924,-15628,51348,-10196,27655,-59833,18088,-5208,8628,65980,26125,8448,17677,6584,1200,1576,-6216,4004,3484,-1012,90924,109900,2312,1248,-10280,84664,-83724,1884,21888,91908,-18976,-9968,-9008
2012:Q1,96580,-5812,-15156,11276,96505,15761,1192,3036,13464,63052,15927,-7900,23827,-10664,-1956,10844,14308,5800,8172,-32664,87016,103232,8160,4844,13240,34300,29844,3324,-736,10256,-16216,-11504,-4712
2012:Q2,-46688,15516,12040,816,-203956,24188,-20268,-39260,112,-168728,19183,4184,14999,-844,-1956,10848,14300,5792,4388,77184,-39352,-33120,2856,13648,13240,-29664,-59732,680,172,25680,-6232,-11884,5652
2012:Q3,104924,-13032,-3348,1956,82684,14452,288,4736,10800,52408,12096,4796,7300,5320,-1960,10844,14304,5796,2588,-12324,155664,156952,6128,-368,13240,45924,22156,1764,1216,66892,-1288,-7628,6340
2012:Q4,45521,4104,-1528,-5116,41983,27143,5780,-2388,8380,3068,14406,6756,7650,3592,-1956,10856,14300,5792,8472,-49383,72824,77132,-8084,-5168,13248,50948,57736,-1140,-3296,-27112,-4308,-8644,4336
2013:Q1,98800,6788,-27292,-14536,96634,-2594,-18396,-5212,12100,110736,-3706,-11812,8106,-10084,80,-4388,20736,5884,-2224,30909,104096,103168,31780,3888,-6740,38048,11792,-704,800,24304,928,-6620,7548
2013:Q2,112083,-36344,-6540,2900,80021,1257,-11120,-4700,10888,83696,21687,6824,14863,6264,76,-4392,20724,5880,4300,17507,93588,97564,2276,4828,-6736,54504,53748,-7392,104,-3768,-3976,-9704,5728
2013:Q3,124697,36872,9196,776,54171,13355,-9920,-11484,8976,53244,26416,-1508,27924,-16104,480,-4376,20736,5872,3464,-12806,141776,146776,-1480,-3556,-6732,72308,77244,2444,312,6236,-5000,-10672,5672
2013:Q4,242798,-23260,-5100,-12292,156534,22186,-16912,-7756,19536,139480,30631,11776,18855,21932,-320,-4388,20724,5880,6072,46384,142860,161952,-6484,2680,-6736,60372,56596,552,-14240,69212,-19092,-9644,-9448
2014:Q1,231477,24416,-536,-836,77615,-13185,7616,-548,4384,79348,31044,12900,18144,2084,476,2900,4072,-7252,-876,98371,191276,209948,156,1548,4020,62196,58208,532,320,82968,-18672,-14308,-4364
2014:Q2,86714,-4868,-772,-816,98905,-12095,8624,1556,8020,92800,22658,7432,15226,8040,472,2896,4080,-7252,-1964,-34665,101824,108164,9052,2332,4016,72464,38392,-1136,1004,-17960,-6340,-11844,5504
2014:Q3,194534,12352,6668,132,75854,-11002,10972,-4840,7828,72896,38034,16056,21978,612,476,2908,4068,-7256,3968,56718,138408,151712,-2624,1284,4032,75356,40512,-1532,4516,30168,-13304,-17576,4272
2014:Q4,155076,-10260,20516,1640,25771,-3837,18644,-42636,9884,43716,39460,12796,26664,8484,472,2900,4072,-7252,2112,67161,190076,205796,-2568,2104,4016,93512,61052,168,-6148,53660,-15720,-16044,324
2015:Q1,-17652,2304,-1096,-692,-59586,-986,172,-21668,5084,-42188,-1300,632,-1932,3228,-240,14764,16936,5160,10920,-8049,-63692,-66612,976,8592,15864,-59216,-60356,4284,5764,17480,2920,-22476,25396
2015:Q2,66219,-29928,-3916,-1028,61941,-7923,2980,-8788,9208,66464,24807,-10392,35199,4180,-244,14780,16936,5164,1876,-28349,72152,73364,1208,8588,15860,46836,97096,332,452,-97008,-1212,-3708,2496
2015:Q3,354439,46228,22548,1700,111557,6773,12868,-7216,11320,87812,29181,-6816,35997,4688,-248,14764,16932,5156,-3624,105557,297376,306668,-142,4064,15868,66196,139764,-5100,-1532,87550,-9292,-7544,-1748
2015:Q4,141773,29172,-14024,-1908,75056,-17156,928,8292,5496,77496,58385,-124,58509,-3824,-240,14776,16936,5156,-4804,-32908,93892,93352,-4043,3528,15868,48984,95492,3572,-8208,-61842,540,-6276,6816
2016:Q1,388601,-6144,-3664,556,173718,15738,16816,11052,9600,120512,50995,20996,29999,636,896,24800,43800,-3004,-36780,142791,412180,397896,216,11976,19676,91424,77976,4288,7400,184940,14284,-7804,22088
2016:Q2,368329,40476,-12696,-428,163295,6923,13832,8392,7796,126352,22474,-9128,31602,1804,896,24800,43792,-3004,1756,85163,348064,357444,212,18380,19672,125312,50580,-1252,80,144460,-9380,-5944,-3436
2016:Q3,135183,-26232,-10056,-300,128483,1531,16084,6580,6844,97444,33140,2024,31116,-16,896,24796,43796,-3008,-2340,-53976,149176,160176,216,9140,19680,72520,59480,-4972,484,3628,-11000,-4436,-6564
2016:Q4,-141330,-55156,-17076,-1240,39715,-5741,4024,5384,1552,34496,16658,-25676,42334,2844,896,24800,43792,-3004,-9200,-184360,-130196,-106660,216,1048,19676,31824,-90648,6124,6628,-81528,-23536,-6824,-16712
2017:Q1,247962,-4316,9580,16,117237,2901,6392,9056,8532,90356,43314,-7224,50538,2812,-280,11084,34208,7832,5068,21407,198452,216072,212,11764,37508,69144,55372,-1736,-2700,46508,-17620,-17172,-448
2017:Q2,205033,22660,5544,-504,48223,-3545,2176,4596,5068,39928,50292,424,49868,11548,-284,11092,34204,7828,5968,8461,186112,191612,2372,108,37516,43340,9808,-5284,-460,104212,-5500,-13344,7844
2017:Q3,211950,-9360,8344,-264,94836,-7792,5912,9596,9232,77888,42141,12696,29445,4252,-280,11084,34204,7828,-3968,23133,179772,192064,-2276,3260,37512,75664,26724,2264,-1156,50072,-12292,-15100,2808
2017:Q4,-33830,19156,-212,-988,44548,-7004,-16848,5884,6332,56184,26681,-1468,28149,1656,-280,11092,34200,7828,5396,-182906,163916,177980,-1324,10868,37516,69420,32872,13508,5168,9952,-14064,-19024,4960
2018:Q1,264013,-25776,-8248,-288,87821,-8387,436,13144,6080,76548,51108,-5104,56212,13392,1368,-756,-36152,97224,7528,76792,256528,264724,-2380,16172,14104,42424,143812,-808,-2848,54248,-8196,-18084,9888
2018:Q2,307986,25988,13812,-48,105646,-4418,-380,-3104,-2020,115568,56099,-496,56595,11284,748,-744,-36148,97228,-42596,76717,198672,189216,388,3960,14108,44548,148016,-3592,-4616,-13596,9456,960,8496
2018:Q3,241083,-45892,-17340,860,121486,1842,7864,13624,-2108,100264,55670,-5320,60990,5716,-1780,-752,-36156,97216,-3192,65247,230416,228944,10552,-592,14104,35680,116280,-1052,-680,54652,1472,-6000,7472
2018:Q4,207622,30848,16340,116,58527,2259,-106748,-6080,-10808,179904,55546,6868,48678,7724,1456,-748,-36156,97224,-8008,-15248,208936,220236,2196,5996,14100,44932,211596,-6220,-8508,-43856,-11300,-24324,13024
2019:Q1,202066,-4308,700,4584,103061,701,-25420,-448,-1728,129956,54472,3276,51196,-3724,500,724,5012,6388,3832,30824,136288,156664,-2080,4128,7252,33996,-1884,2656,-1188,113784,-20376,-23428,3052
2019:Q2,305518,29288,16420,5336,115488,1380,-18824,-10832,-6280,150044,27372,876,26496,-2344,-564,14172,6564,7600,-5604,91791,233808,254920,-1508,92,22304,44528,56588,-3820,-1728,138464,-21112,-16612,-4500
2019:Q3,424196,40180,22380,4028,117522,-8530,5416,-12376,-3832,136844,62384,12992,49392,5192,-308,19412,12552,12200,-204,128858,383836,396084,-9580,15724,30588,85168,100996,-808,-180,174176,-12248,-17144,4896
2019:Q4,-60175,-32332,-12368,2584,54825,-5675,16900,-3792,-840,48232,50256,-2688,52944,6732,-4388,-8304,2792,4828,-7684,-117116,628,35056,-13000,10200,-6016,18920,17268,3588,4776,-680,-34428,-10688,-23740
2020:Q1,1202096,189040,82228,12872,250009,33173,12104,5296,-5176,204612,53667,19228,34439,14096,-504,19760,4932,82320,3360,490315,1077364,1096176,31536,76040,78036,206168,222232,10140,-1392,473416,-18812,-22500,3688
2020:Q2,124112,8452,-6920,-4324,72681,-21091,-1060,-51444,-5092,151368,3699,-9564,13263,-8460,136,28740,7176,119740,-3260,-93548,139544,135196,-16148,2156,113508,4876,-7368,4852,-780,34100,4348,1784,2564
2020:Q3,190414,-75888,-42608,8520,246398,16598,23236,-460,-2784,209808,1567,168,1399,2856,-1668,18864,4704,78580,-5916,-44995,210832,225224,16508,-18392,74484,79428,101644,-14280,-1892,-12276,-14392,-8236,-6156
2020:Q4,183980,-30776,-20896,-9636,9180,-26804,-10972,-39360,-4140,90456,33615,-3164,36779,48188,372,22452,5608,93544,-100,32429,339496,357264,-27672,1252,88680,73864,91432,3000,7416,119292,-17768,-31752,13984
2021:Q1,97883,-24060,-12028,-4648,92131,-12133,-8612,-33704,-220,146800,13950,2788,11162,10056,-760,1440,-8412,4180,-564,26599,-39192,-3020,-13332,33284,8448,-58752,-37576,4868,-1552,61592,-36172,-23432,-12740
2021:Q2,345139,72264,22520,288,62566,-1650,18796,-20428,-396,66244,41062,3608,37454,15172,76,13900,13692,19060,-2420,86959,280676,289156,620,-13996,25900,95632,70928,-10072,-2064,122208,-8480,-20516,12036
2021:Q3,230159,-14168,-15004,2864,220448,6268,10992,-19448,1652,220984,52957,7060,45897,18744,-2736,-1508,10224,14648,-2300,-54009,224944,250240,6204,-5680,10080,71404,76572,-256,112,91804,-25296,-29704,4408
2021:Q4,171939,6880,4076,2440,96116,-15504,4104,-7976,2072,113420,38120,5069,33051,7336,-2180,5200,14620,11212,-2754,-9127,151736,173076,8320,-11500,17892,78144,126324,3200,-8262,-41042,-21340,-27644,6304
