date,All sectors; corporate equities; asset,Nonfinancial corporate business; corporate equities; liability,Domestic financial sectors; corporate equities; liability,U.S.-chartered depository institutions; corporate equities; liability,Property-casualty insurance companies; corporate equities; liability,Life insurance companies, general accounts; corporate equities; liability,Closed-end funds; total financial assets,Exchange-traded funds; total financial assets,Real estate investment trusts; corporate equities; liability,Government-sponsored enterprises; corporate equities; liability,Security brokers and dealers; corporate equities; liability,Holding companies; corporate equities; liability,Other financial business; corporate equities; liability,Rest of the world; foreign corporate equities including foreign investment fund shares; liability,All sectors; corporate equities; asset,Households and nonprofit organizations; corporate equities; asset,Nonfinancial corporate business; corporate equities; asset,Federal government; corporate equities; asset,State and local governments; corporate equities; asset,Monetary authority; corporate equities; asset,U.S.-chartered depository institutions; corporate equities; asset,Foreign banking offices in the U.S.; corporate equities; asset,Property-casualty insurance companies; corporate equities, including those held by U.S. residual market reinsurers; asset,Life insurance companies; corporate equities; asset,Private pension funds, including 403(b) plans; corporate equities; asset,Federal government retirement funds; corporate equities; asset,State and local government employee defined benefit retirement funds; corporate equities; asset,Mutual funds; corporate equities; asset,Closed-end funds; corporate equities; asset,Exchange-traded funds; corporate equities; asset,Security brokers and dealers; corporate equities; asset,Other financial business; corporate equities; asset,Rest of the world; U.S. corporate equities; asset
1945:Q4,ND,ND,ND,ND,ND,ND,ND,ND,ND,ND,ND,ND,ND,ND,ND,ND,ND,ND,ND,ND,ND,ND,ND,ND,ND,ND,ND,ND,ND,ND,ND,ND,ND
1946:Q1,ND,ND,ND,ND,ND,ND,ND,ND,ND,ND,ND,ND,ND,ND,ND,ND,ND,ND,ND,ND,ND,ND,ND,ND,ND,ND,ND,ND,ND,ND,ND,ND,ND
1946:Q2,ND,ND,ND,ND,ND,ND,ND,ND,ND,ND,ND,ND,ND,ND,ND,ND,ND,ND,ND,ND,ND,ND,ND,ND,ND,ND,ND,ND,ND,ND,ND,ND,ND
1946:Q3,ND,ND,ND,ND,ND,ND,ND,ND,ND,ND,ND,ND,ND,ND,ND,ND,ND,ND,ND,ND,ND,ND,ND,ND,ND,ND,ND,ND,ND,ND,ND,ND,ND
1946:Q4,1247,1018,137,55,53,0,29,0,0,0,0,0,0,92,1247,1008,0,0,0,0,14,0,-41,267,0,0,1,143,23,0,-104,0,-64
1947:Q1,ND,ND,ND,ND,ND,ND,ND,ND,ND,ND,ND,ND,ND,ND,ND,ND,ND,ND,ND,ND,ND,ND,ND,ND,ND,ND,ND,ND,ND,ND,ND,ND,ND
1947:Q2,ND,ND,ND,ND,ND,ND,ND,ND,ND,ND,ND,ND,ND,ND,ND,ND,ND,ND,ND,ND,ND,ND,ND,ND,ND,ND,ND,ND,ND,ND,ND,ND,ND
1947:Q3,ND,ND,ND,ND,ND,ND,ND,ND,ND,ND,ND,ND,ND,ND,ND,ND,ND,ND,ND,ND,ND,ND,ND,ND,ND,ND,ND,ND,ND,ND,ND,ND,ND
1947:Q4,1487,1093,388,11,77,0,300,0,0,0,0,0,0,6,1487,1079,0,0,0,0,-34,0,34,150,0,0,2,157,240,0,10,0,-151
1948:Q1,ND,ND,ND,ND,ND,ND,ND,ND,ND,ND,ND,ND,ND,ND,ND,ND,ND,ND,ND,ND,ND,ND,ND,ND,ND,ND,ND,ND,ND,ND,ND,ND,ND
1948:Q2,ND,ND,ND,ND,ND,ND,ND,ND,ND,ND,ND,ND,ND,ND,ND,ND,ND,ND,ND,ND,ND,ND,ND,ND,ND,ND,ND,ND,ND,ND,ND,ND,ND
1948:Q3,ND,ND,ND,ND,ND,ND,ND,ND,ND,ND,ND,ND,ND,ND,ND,ND,ND,ND,ND,ND,ND,ND,ND,ND,ND,ND,ND,ND,ND,ND,ND,ND,ND
1948:Q4,1117,1000,182,45,37,0,100,0,0,0,0,0,0,-65,1117,915,0,0,0,0,11,0,87,44,0,0,3,118,80,0,3,0,-144
1949:Q1,ND,ND,ND,ND,ND,ND,ND,ND,ND,ND,ND,ND,ND,ND,ND,ND,ND,ND,ND,ND,ND,ND,ND,ND,ND,ND,ND,ND,ND,ND,ND,ND,ND
1949:Q2,ND,ND,ND,ND,ND,ND,ND,ND,ND,ND,ND,ND,ND,ND,ND,ND,ND,ND,ND,ND,ND,ND,ND,ND,ND,ND,ND,ND,ND,ND,ND,ND,ND
1949:Q3,ND,ND,ND,ND,ND,ND,ND,ND,ND,ND,ND,ND,ND,ND,ND,ND,ND,ND,ND,ND,ND,ND,ND,ND,ND,ND,ND,ND,ND,ND,ND,ND,ND
1949:Q4,1534,1212,331,11,20,0,300,0,0,0,0,0,0,-9,1534,561,0,0,0,0,0,0,131,226,0,0,7,204,240,0,186,0,-21
1950:Q1,ND,ND,ND,ND,ND,ND,ND,ND,ND,ND,ND,ND,ND,ND,ND,ND,ND,ND,ND,ND,ND,ND,ND,ND,ND,ND,ND,ND,ND,ND,ND,ND,ND
1950:Q2,ND,ND,ND,ND,ND,ND,ND,ND,ND,ND,ND,ND,ND,ND,ND,ND,ND,ND,ND,ND,ND,ND,ND,ND,ND,ND,ND,ND,ND,ND,ND,ND,ND
1950:Q3,ND,ND,ND,ND,ND,ND,ND,ND,ND,ND,ND,ND,ND,ND,ND,ND,ND,ND,ND,ND,ND,ND,ND,ND,ND,ND,ND,ND,ND,ND,ND,ND,ND
1950:Q4,1479,1288,418,72,46,0,300,0,0,0,0,0,0,-227,1479,766,0,0,0,0,24,0,135,317,0,0,9,125,240,0,-140,0,3
1951:Q1,ND,ND,ND,ND,ND,ND,ND,ND,ND,ND,ND,ND,ND,ND,ND,ND,ND,ND,ND,ND,ND,ND,ND,ND,ND,ND,ND,ND,ND,ND,ND,ND,ND
1951:Q2,ND,ND,ND,ND,ND,ND,ND,ND,ND,ND,ND,ND,ND,ND,ND,ND,ND,ND,ND,ND,ND,ND,ND,ND,ND,ND,ND,ND,ND,ND,ND,ND,ND
1951:Q3,ND,ND,ND,ND,ND,ND,ND,ND,ND,ND,ND,ND,ND,ND,ND,ND,ND,ND,ND,ND,ND,ND,ND,ND,ND,ND,ND,ND,ND,ND,ND,ND,ND
1951:Q4,2297,2107,391,144,47,0,200,0,0,0,0,0,0,-201,2297,1545,0,0,0,0,46,0,139,55,0,0,12,179,160,0,41,0,120
1952:Q1,2600,2292,408,180,36,0,192,0,0,0,0,0,0,-100,2600,1224,0,0,0,0,92,4,352,248,600,0,12,348,140,0,-436,0,16
1952:Q2,2808,2656,240,180,24,0,36,0,0,0,0,0,0,-88,2808,776,0,0,0,0,116,0,372,160,624,0,16,520,-28,0,-88,0,340
1952:Q3,2584,1560,604,100,32,0,472,0,0,0,0,0,0,420,2584,544,0,0,0,0,120,0,-208,88,648,0,16,524,408,0,864,0,-420
1952:Q4,2500,2772,-172,96,52,0,-320,0,0,0,0,0,0,-100,2500,616,0,0,0,0,108,0,208,160,700,0,16,340,-380,0,-352,0,1084
1953:Q1,2704,2072,848,120,72,0,656,0,0,0,0,0,0,-216,2704,888,0,0,0,0,96,0,208,116,716,0,16,468,596,0,144,0,-544
1953:Q2,3420,2180,868,120,88,0,660,0,0,0,0,0,0,372,3420,1388,0,0,0,0,84,0,196,116,744,0,20,456,600,0,188,0,-372
1953:Q3,2152,1260,776,108,96,0,572,0,0,0,0,0,0,116,2152,116,0,0,0,0,88,4,184,56,788,0,20,328,512,0,240,0,-184
1953:Q4,1572,1552,48,108,96,0,-156,0,0,0,0,0,0,-28,1572,-100,0,0,0,0,112,0,172,84,864,0,20,204,-216,0,-448,0,880
1954:Q1,2088,2948,-300,112,100,0,-512,0,0,0,0,0,0,-560,2088,108,0,0,0,0,128,0,168,212,940,0,24,164,-572,0,-468,0,1384
1954:Q2,2396,2088,-312,120,108,0,-540,0,0,0,0,0,0,620,2396,700,0,0,0,0,152,4,164,424,996,0,24,168,-596,0,180,0,180
1954:Q3,1360,912,-260,340,108,0,-708,0,0,0,0,0,0,708,1360,-48,0,0,0,0,152,4,160,284,1040,0,24,324,-764,0,64,0,120
1954:Q4,700,384,-140,340,108,0,-588,0,0,0,0,0,0,456,700,-776,0,0,0,0,128,0,160,160,1088,0,24,532,-656,0,-208,0,248
1955:Q1,2252,2124,-468,-624,108,0,48,0,0,0,0,0,0,596,2252,812,0,0,0,0,104,0,160,76,1140,0,28,416,-24,0,-656,0,196
1955:Q2,704,640,-428,204,112,0,-744,0,0,0,0,0,0,492,704,-784,0,0,0,0,88,4,164,100,1288,0,28,272,-828,0,240,0,132
1955:Q3,1312,1112,-144,40,104,0,-288,0,0,0,0,0,0,344,1312,-184,0,0,0,0,76,0,164,60,1456,0,28,412,-372,0,-612,0,284
1955:Q4,3308,3000,276,176,88,0,12,0,0,0,0,0,0,32,3308,36,0,0,0,0,68,0,164,24,1616,0,28,536,-68,0,1008,0,-104
1956:Q1,1796,2088,-28,304,76,0,-408,0,0,0,0,0,0,-264,1796,280,0,0,0,0,60,0,156,0,1784,0,32,648,-488,0,-824,0,148
1956:Q2,1896,936,1076,252,60,0,764,0,0,0,0,0,0,-116,1896,-1876,0,0,0,0,44,0,140,0,1812,0,32,612,688,0,152,0,292
1956:Q3,3032,2292,844,120,56,0,668,0,0,0,0,0,0,-104,3032,-96,0,0,0,0,44,0,128,0,1848,0,36,484,592,0,-284,0,280
1956:Q4,4060,3684,688,392,56,0,240,0,0,0,0,0,0,-312,4060,1008,0,0,0,0,52,0,120,-8,1944,0,36,412,152,0,40,0,304
1957:Q1,3500,3040,1352,160,60,0,1132,0,0,0,0,0,0,-892,3500,-376,0,0,0,0,56,4,124,52,1972,0,44,668,1040,0,-512,0,428
1957:Q2,3000,3612,-276,80,52,0,-408,0,0,0,0,0,0,-336,3000,460,0,0,0,0,56,0,132,0,2152,0,52,452,-508,0,-84,0,288
1957:Q3,3448,1196,2332,556,60,0,1716,0,0,0,0,0,0,-80,3448,-1960,0,0,0,0,64,4,128,88,2148,0,52,988,1616,0,296,0,24
1957:Q4,3392,1916,1768,296,92,0,1380,0,0,0,0,0,0,-292,3392,-1824,0,0,0,0,72,4,116,32,2180,0,56,656,1272,0,980,0,-152
1958:Q1,484,884,200,76,124,0,0,0,0,0,0,0,0,-600,484,-1964,0,0,0,0,92,0,124,76,2312,0,56,712,-112,0,-692,0,-120
1958:Q2,1784,3432,-488,0,156,0,-644,0,0,0,0,0,0,-1160,1784,-1568,0,0,0,0,124,0,108,76,2500,0,56,972,-760,0,348,0,-72
1958:Q3,1076,1940,-792,24,164,0,-980,0,0,0,0,0,0,-72,1076,-772,0,0,0,0,112,4,128,80,2752,0,60,1536,-1100,0,-1692,0,-32
1958:Q4,400,1616,-704,108,148,0,-960,0,0,0,0,0,0,-512,400,-3384,0,0,0,0,52,0,176,80,3056,0,60,1344,-1076,0,84,0,8
1959:Q1,2540,2044,704,208,144,0,352,0,0,0,0,0,0,-208,2540,-1568,0,0,0,0,16,0,224,176,3300,0,68,1296,36,0,-1148,0,140
1959:Q2,2812,2952,-148,52,144,0,-344,0,0,0,0,0,0,8,2812,-2472,0,0,0,0,-68,4,276,144,3676,0,76,1080,-452,0,160,0,388
1959:Q3,1808,1040,1244,100,136,0,1008,0,0,0,0,0,0,-476,1808,-4536,0,0,0,0,-76,0,292,200,3364,0,76,792,892,0,456,0,348
1959:Q4,2068,2276,228,168,116,0,-56,0,0,0,0,0,0,-436,2068,-4308,0,0,0,0,-68,0,276,248,3772,0,80,984,-192,0,748,0,528
1960:Q1,2688,1404,1336,96,84,0,1156,0,0,0,0,0,0,-52,2688,-2728,0,0,0,0,-84,4,264,168,3768,0,80,964,756,0,-1052,0,548
1960:Q2,2852,1476,1212,192,44,0,976,0,0,0,0,0,0,164,2852,-4040,0,0,0,0,12,4,264,256,3988,0,76,1092,748,0,108,0,344
1960:Q3,2972,1600,1232,84,56,0,1092,0,0,0,0,0,0,140,2972,-3900,0,0,0,0,60,4,264,524,3812,0,84,644,888,0,652,0,-60
1960:Q4,1592,980,520,116,132,0,272,0,0,0,0,0,0,92,1592,-4424,0,0,0,0,76,4,264,460,4324,0,104,420,164,0,220,0,-20
1961:Q1,1312,2680,-1568,88,208,0,-1864,0,0,0,0,0,0,200,1312,-1516,0,0,0,0,44,0,252,444,4792,0,128,1272,-2136,0,-2352,0,384
1961:Q2,4612,4672,-352,52,288,0,-692,0,0,0,0,0,0,292,4612,-3140,0,0,0,0,52,4,232,204,4888,0,148,1688,-616,0,564,0,588
1961:Q3,1104,1532,-656,44,296,0,-996,0,0,0,0,0,0,228,1104,-4624,0,0,0,0,68,0,252,428,5132,0,160,840,-884,0,-316,0,48
1961:Q4,-936,-400,-1116,528,232,0,-1876,0,0,0,0,0,0,580,-936,-8056,0,0,0,0,96,0,304,784,5564,0,172,1272,-1788,0,444,0,272
1962:Q1,1020,244,796,236,168,0,392,0,0,0,0,0,0,-20,1020,-5932,0,0,0,0,124,0,248,364,5144,0,184,1204,252,0,-680,0,112
1962:Q2,1072,576,524,16,108,0,400,0,0,0,0,0,0,-28,1072,-8816,0,0,0,0,160,4,248,748,5128,0,196,2396,568,0,332,0,108
1962:Q3,144,256,-84,80,112,0,-276,0,0,0,0,0,0,-28,144,-5180,0,0,0,0,168,0,248,156,4564,0,204,-484,-160,0,520,0,108
1962:Q4,444,400,68,52,184,0,-168,0,0,0,0,0,0,-24,444,-6324,0,0,0,0,144,-4,248,364,5292,0,204,648,-224,0,-12,0,108
1963:Q1,1008,-20,916,36,252,0,628,0,0,0,0,0,0,112,1008,-4404,-604,0,0,0,128,4,156,428,4856,0,200,840,140,0,-960,0,224
1963:Q2,1280,-44,1208,84,324,0,800,0,0,0,0,0,0,116,1280,-7156,-628,0,0,0,116,0,156,252,6000,0,196,1272,340,0,508,0,224
1963:Q3,1624,384,1124,0,324,0,800,0,0,0,0,0,0,116,1624,-5168,-648,0,0,0,108,0,156,256,5948,0,208,464,308,0,-232,0,224
1963:Q4,-676,-1684,904,76,244,0,584,0,0,0,0,0,0,104,-676,-9540,-680,0,0,0,108,0,156,68,6524,0,232,500,240,0,1488,0,228
1964:Q1,2900,2548,-12,104,176,0,-292,0,0,0,0,0,0,364,2900,-1984,-436,0,0,0,100,0,428,388,6552,0,248,24,-828,0,-1300,0,-292
1964:Q2,3460,3128,116,56,120,0,-60,0,0,0,0,0,0,216,3460,-4872,-448,0,0,0,88,4,120,384,6796,0,264,476,-244,0,972,0,-80
1964:Q3,752,748,-164,0,96,0,-260,0,0,0,0,0,0,168,752,-5892,-464,0,0,0,96,4,-8,528,6912,0,280,1324,-384,0,-1192,0,-452
1964:Q4,-1660,-1844,88,12,100,0,-24,0,0,0,0,0,0,96,-1660,-13316,-464,0,0,0,120,4,-128,536,7172,0,300,1544,-92,0,3008,0,-344
1965:Q1,76,-224,-132,40,96,0,-268,0,0,0,0,0,0,432,76,-7996,44,0,0,0,156,16,108,280,8032,0,320,424,-588,0,-876,0,156
1965:Q2,776,1320,-852,-360,84,0,-576,0,0,0,0,0,0,308,776,-10412,44,0,0,0,196,12,448,524,7940,0,332,1084,-500,0,1668,0,-560
1965:Q3,-728,52,-1048,-16,80,0,-1112,0,0,0,0,0,0,268,-728,-8840,48,0,0,0,188,4,80,836,8804,0,360,1660,-1000,0,-2020,0,-848
1965:Q4,-1864,-1260,-792,88,80,0,-960,0,0,0,0,0,0,188,-1864,-15152,48,0,0,0,128,8,-288,1160,9040,0,396,1916,-868,0,2096,0,-348
1966:Q1,40,-528,256,-32,80,0,208,0,0,0,0,0,0,312,40,-13276,4092,0,0,0,68,12,-328,156,8740,0,440,2356,0,0,-2088,0,-132
1966:Q2,6580,6032,628,0,76,0,552,0,0,0,0,0,0,-80,6580,-10908,3884,0,0,0,-4,12,524,176,9528,0,476,324,676,0,2136,0,-244
1966:Q3,512,1068,-588,-32,80,0,-636,0,0,0,0,0,0,32,512,-10312,3512,0,0,0,4,8,640,224,8608,0,508,-452,-532,0,-1492,0,-204
1966:Q4,-660,-1536,1200,12,88,0,1100,0,0,0,0,0,0,-324,-660,-19992,3684,0,0,0,96,12,728,380,9348,0,528,1584,1148,0,2464,0,-640
1967:Q1,1004,1008,92,0,92,0,0,0,0,0,0,0,0,-96,1004,-9872,-1236,0,0,0,164,12,188,596,10728,0,580,3244,-292,0,-2988,0,-120
1967:Q2,1040,1920,-976,-16,88,0,-1048,0,0,0,0,0,0,96,1040,-14484,-1240,0,0,0,232,8,472,1044,11500,0,576,1632,-1072,0,2100,0,272
1967:Q3,1952,2944,-1112,-160,108,0,-1060,0,0,0,0,0,0,120,1952,-14412,-1324,0,0,0,252,12,268,964,11580,0,760,3464,-1140,0,412,0,1116
1967:Q4,2900,3716,-1064,36,152,0,-1252,0,0,0,0,0,0,248,2900,-10456,-1320,0,0,0,228,12,412,1372,11824,0,764,-944,-1436,0,920,0,1524
1968:Q1,2584,1460,540,-20,184,0,304,0,72,0,0,0,0,584,2584,-14424,3260,0,0,0,232,12,440,1152,10904,0,1080,-528,-24,0,-756,0,1236
1968:Q2,4772,2120,1760,0,200,0,1136,0,424,0,0,0,0,892,4772,-19276,3596,0,0,0,228,16,440,1592,12628,0,1172,3784,624,0,-2176,0,2144
1968:Q3,-960,-1904,608,-120,252,0,628,0,-152,0,0,0,0,336,-960,-26756,3708,0,0,0,272,12,1020,964,13448,0,1284,2136,136,0,980,0,1836
1968:Q4,-872,-2312,1312,-92,352,0,896,0,156,0,0,0,0,128,-872,-32840,3752,0,0,0,272,8,1120,1536,14380,0,1732,4584,632,0,780,0,3172
1969:Q1,2000,1348,456,-100,464,0,164,0,-136,64,0,0,0,196,2000,-24184,7948,0,0,0,240,0,1112,1552,14408,0,1208,-1348,-292,0,-1652,0,3008
1969:Q2,5080,1684,2224,16,596,0,796,0,752,64,0,0,0,1172,5080,-28208,7652,0,0,0,232,0,1176,1396,13564,0,2120,2988,808,0,2744,0,608
1969:Q3,6420,3960,1936,12,616,0,828,0,416,64,0,0,0,524,6420,-18808,7292,0,0,0,232,16,300,680,13132,0,1720,1932,984,0,-1736,0,676
1969:Q4,8736,6632,1912,-52,520,0,212,0,1168,64,0,0,0,192,8736,-27632,7208,0,0,0,248,16,1328,1668,14988,0,2104,3428,548,0,2864,0,1968
1970:Q1,6044,5268,680,108,428,0,-1312,0,1344,112,0,0,0,96,6044,-3116,3956,0,0,0,300,16,1356,1888,4548,0,1896,-564,-700,0,-3192,0,-344
1970:Q2,4868,4780,176,32,344,0,-1128,0,816,112,0,0,0,-88,4868,-9908,3208,0,0,0,328,20,1148,1164,3700,0,2244,168,-128,0,3300,0,-376
1970:Q3,-1564,4424,-6472,356,352,0,-8804,0,1512,112,0,0,0,484,-1564,-5804,3716,0,0,0,348,16,68,528,4140,0,1520,1744,-7876,0,-1508,0,1544
1970:Q4,12892,8304,4272,12,448,0,1972,0,1728,112,0,0,0,316,12892,-13608,4064,0,0,0,356,16,1364,2912,5876,0,2888,3360,2368,0,1332,0,1964
1971:Q1,10984,7928,2552,776,544,0,676,0,532,24,0,0,0,504,10984,-8484,240,0,0,0,384,8,1084,4908,7644,0,2768,2556,300,0,-736,0,312
1971:Q2,18036,13260,4376,712,640,0,2012,0,988,24,0,0,0,400,18036,-3536,236,0,0,0,432,12,2996,3676,9440,0,3052,1328,1368,0,-956,0,-12
1971:Q3,20092,15360,4596,628,648,0,2288,0,1008,24,0,0,0,136,20092,-1308,232,0,0,0,416,-20,2948,3504,9820,0,3844,992,1528,0,-2784,0,920
1971:Q4,9904,9192,1060,380,564,0,-608,0,700,24,0,0,0,-348,9904,-11576,244,0,0,0,668,-16,2856,3908,8764,0,3076,-3192,-1100,0,4148,0,2124
1972:Q1,12048,9032,3044,844,496,0,432,0,996,16,260,0,0,-28,12048,-5328,-2192,0,0,0,728,64,2352,4588,11588,0,2052,-452,-176,0,-3952,0,2776
1972:Q2,16748,13712,3452,1480,432,0,196,0,1068,16,260,0,0,-416,16748,-5512,-2192,0,0,0,808,28,2740,4544,13772,0,3616,-1696,40,0,-80,0,680
1972:Q3,11600,10384,1516,660,424,0,-600,0,796,16,220,0,0,-300,11600,-6724,-2260,0,0,0,656,0,3552,2400,13168,0,4440,-2664,-740,0,-2152,0,1924
1972:Q4,12256,10560,2596,1688,472,0,-252,0,412,16,260,0,0,-900,12256,-14808,-2412,0,0,0,220,0,3184,3708,9772,0,4600,-2524,-524,0,6684,0,4356
1973:Q1,13416,7004,7164,2000,492,0,2932,0,1096,384,260,0,0,-752,13416,-19960,16052,0,0,0,596,60,2328,3312,6716,0,5388,-3708,2160,0,-4620,0,5092
1973:Q2,15560,8676,7140,1840,480,0,3064,0,1112,384,260,0,0,-256,15560,-16012,15008,0,0,0,648,-80,2416,4228,4000,0,3360,-2372,2440,0,1412,0,512
1973:Q3,10408,5148,5360,2824,532,0,696,0,664,384,260,0,0,-100,10408,-15168,15608,0,0,0,-292,72,2736,2956,2716,0,2244,-1976,140,0,-2112,0,3484
1973:Q4,13276,10704,2608,-1800,648,0,4052,0,-896,384,220,0,0,-36,13276,-24420,14040,0,0,0,548,144,2008,2736,2848,0,2652,-920,3812,0,7864,0,1964
1974:Q1,6972,6220,1060,1000,756,0,-460,0,-1040,544,260,0,0,-308,6972,-25620,28164,0,0,0,668,44,976,2060,2016,0,2940,-1260,-776,0,-3744,0,1504
1974:Q2,7108,4976,2936,1000,864,0,1672,0,-1404,544,260,0,0,-804,7108,-28028,25772,0,0,0,-36,4,-308,2348,188,0,2152,-600,2084,0,3632,0,-100
1974:Q3,2332,-20,2884,1000,916,0,2252,0,-2088,544,260,0,0,-532,2332,-23200,19044,0,0,0,36,-4,-912,1308,868,0,1056,0,2720,0,1052,0,364
1974:Q4,6608,5212,1828,1000,916,0,52,0,-904,544,220,0,0,-432,6608,-21536,20548,0,0,0,116,4,-1732,2072,4052,0,4128,100,320,0,-652,0,-812
1975:Q1,6216,7732,-808,1000,928,0,-124,0,-2964,92,260,0,0,-708,6216,4592,-8800,0,0,0,244,56,-572,2248,7368,0,1628,1552,-376,0,-4332,0,2608
1975:Q2,10960,12892,-988,1000,968,0,-1296,0,-2012,92,260,0,0,-944,10960,7724,-10048,0,0,0,328,-68,-1780,2924,7768,0,1996,-720,-1292,0,1760,0,2368
1975:Q3,5368,6852,-172,1000,976,0,-1976,0,-524,92,260,0,0,-1312,5368,4004,-8852,0,0,0,24,-4,-624,1524,7248,0,2908,-1664,-2028,0,-1132,0,3964
1975:Q4,8884,12156,-2552,1000,964,0,-3768,0,-1060,92,220,0,0,-720,8884,2948,-9520,0,0,0,48,56,-20,1508,7808,0,3020,-2860,-3824,0,6448,0,3272
1976:Q1,17336,12608,4280,1600,896,0,1008,0,-388,220,944,0,0,448,17336,10672,-5052,0,0,0,20,252,328,4076,8808,0,2128,2024,508,0,-10224,0,3796
1976:Q2,15496,14020,1244,1600,820,0,-1544,0,136,220,12,0,0,232,15496,13104,-5124,0,0,0,84,-32,472,2408,6696,0,3316,-4016,-1844,0,24,0,408
1976:Q3,9260,7316,1256,1600,872,0,-1028,0,-416,220,8,0,0,688,9260,6712,-5172,0,0,0,-132,-48,1408,2836,4904,0,3296,-3004,-1236,0,-232,0,-72
1976:Q4,9108,8152,904,1600,1044,0,-1572,0,-496,220,108,0,0,52,9108,6968,-5280,0,0,0,280,-32,1504,2976,4732,0,3724,-4524,-1452,0,908,0,-696
1977:Q1,2308,-640,2172,300,1244,0,-1072,0,1020,484,196,0,0,776,2308,-18776,13000,0,0,0,280,104,768,1804,6168,0,3232,-4864,-572,0,-156,0,1320
1977:Q2,4780,1728,2584,300,1472,0,-1396,0,1716,484,8,0,0,468,4780,-20060,13272,0,0,0,500,-4,828,796,7724,0,3232,-2736,-468,0,596,0,1100
1977:Q3,7888,4420,2280,900,1464,0,-1976,0,1132,484,276,0,0,1188,7888,-15904,12748,0,0,0,488,-12,1396,600,9340,0,4088,-4644,-1064,0,296,0,556
1977:Q4,7104,5400,2504,788,1220,0,-1284,0,1240,484,56,0,0,-800,7104,-21764,12560,0,0,0,212,36,1700,1348,9012,0,4160,-2696,-820,0,1036,0,2320
1978:Q1,-3868,-6444,3468,1200,1000,0,-396,0,688,868,108,0,0,-892,-3868,-15372,-424,0,0,0,412,116,1436,-96,9932,0,2564,-2824,-660,0,-316,0,1364
1978:Q2,6052,2792,3592,1404,800,0,-348,0,768,868,100,0,0,-332,6052,-10004,-452,0,0,0,-36,-12,1800,260,9540,0,2528,-1640,-712,0,924,0,3856
1978:Q3,4224,800,3312,972,748,0,-244,0,828,868,140,0,0,112,4224,-10356,-488,0,0,0,-256,32,1808,476,9432,0,2864,1088,-692,0,420,0,-104
1978:Q4,9192,2448,7036,996,832,0,3028,0,1160,868,152,0,0,-292,9192,-3816,-456,0,0,0,152,24,2892,-1216,10124,0,2560,-3188,2824,0,-872,0,164
1979:Q1,-4076,-6740,2548,996,872,0,-1180,0,972,876,12,0,0,116,-4076,-19148,1936,0,0,0,120,8,3920,-492,10816,0,1072,-2700,-1528,0,224,0,1696
1979:Q2,-9276,-12448,3352,1256,864,0,-572,0,1008,876,-80,0,0,-180,-9276,-26020,1960,0,0,0,112,-4,3728,-664,11104,0,2988,-3576,-468,0,460,0,1104
1979:Q3,-2600,-7580,2548,1484,904,0,-1852,0,1048,876,88,0,0,2432,-2600,-27252,2084,0,0,0,-232,4,2132,1996,14984,0,8060,-3532,-1716,0,324,0,548
1979:Q4,1692,-4576,4536,1576,992,0,276,0,1064,876,-248,0,0,1732,1692,-25268,2056,0,0,0,-236,36,2980,884,16484,0,4472,-1372,340,0,544,0,772
1980:Q1,9860,5500,1632,332,1080,0,-956,0,1068,-168,276,0,0,2728,9860,-18473,6840,0,0,0,-1348,8,2072,2148,15612,0,3584,-6123,-972,0,-1472,0,7984
1980:Q2,5440,3400,128,336,1180,0,-2496,0,1052,-168,224,0,0,1912,5440,-27534,7656,0,0,0,-64,-40,4932,-3152,15960,0,3516,5922,-2592,0,-296,0,1132
1980:Q3,14380,10100,844,400,1204,0,-1936,0,1036,-168,308,0,0,3436,14380,-13412,8408,0,0,0,-136,16,2268,1796,17512,0,5212,-6348,-2000,0,872,0,192
1980:Q4,27480,22500,3592,400,1152,0,540,0,1020,-168,648,0,0,1388,27480,-20085,9100,0,0,0,-596,-32,3104,760,16600,0,9016,-19,616,0,1396,0,7620
1981:Q1,7616,3200,3784,448,1016,0,860,0,876,520,64,0,0,632,7616,-32997,6884,0,0,0,-540,-100,2624,1892,17192,0,4432,2389,172,0,-924,0,6592
1981:Q2,-2184,-5400,2316,468,784,0,-560,0,804,520,300,0,0,900,-2184,-45191,6640,0,0,0,-960,-48,1744,-284,16980,0,8528,-2829,-88,0,1712,0,11612
1981:Q3,-25192,-26600,2544,500,992,0,-744,0,828,520,448,0,0,-1136,-25192,-57923,5880,0,0,0,-436,8,1564,4024,17908,0,10700,-6033,-296,0,-964,0,376
1981:Q4,-19948,-25000,4596,528,1632,0,-1416,0,956,520,2376,0,0,456,-19948,-57080,6204,0,0,0,-440,-64,2084,3836,17292,0,4620,1816,-1200,0,2248,0,736
1982:Q1,-2996,-7500,5292,556,2364,0,1016,0,380,332,644,0,0,-788,-2996,-27552,2852,0,0,0,-620,28,2724,1776,4000,0,5952,6184,-140,0,-1768,0,3568
1982:Q2,7748,2700,4596,584,3172,0,-56,0,408,332,156,0,0,452,7748,-17454,2792,0,0,0,-372,-12,2800,1212,8000,0,2212,2630,-324,0,2484,0,3780
1982:Q3,-2512,-7500,4412,612,3220,0,-752,0,444,332,556,0,0,576,-2512,-35805,3068,0,0,0,-464,8,2728,5860,12000,0,-3044,14089,-1064,0,-1480,0,1592
1982:Q4,29524,19900,4396,640,2516,0,-1020,0,488,332,1440,0,0,5228,29524,-80512,3584,0,0,0,-444,16,2492,744,63716,0,18984,11948,-1172,0,4492,0,5676
1983:Q1,28944,22900,2196,668,1844,0,-1908,0,564,448,580,0,0,3848,28944,-43182,7768,0,0,0,316,36,2604,5820,12408,0,19644,14738,-756,0,-880,0,10428
1983:Q2,46428,36900,2484,696,1204,0,-580,0,660,448,56,0,0,7044,46428,-23452,8540,0,0,0,240,4,3016,6392,9384,0,13260,18060,-652,0,7096,0,4540
1983:Q3,14700,8500,3180,800,1192,0,-320,0,648,448,412,0,0,3020,14700,-48462,8436,0,0,0,288,-12,2308,1108,6544,0,25684,15638,-488,0,164,0,3492
1983:Q4,18544,11700,6028,960,1804,0,-468,0,516,448,2768,0,0,816,18544,-30604,8376,0,0,0,424,-24,472,412,8,0,21364,6288,-496,0,10804,0,1520
1984:Q1,-57928,-63000,6852,1040,3164,0,120,0,220,692,1616,0,0,-1780,-57928,-70713,12852,0,0,0,440,8,-1812,916,-14628,0,7120,12261,212,0,-5884,0,1300
1984:Q2,-100092,-105000,5020,1080,3060,0,-456,0,-244,692,888,0,0,-112,-100092,-81072,12368,0,0,0,-104,0,-6460,-900,-19672,0,1832,-2080,-484,0,-824,0,-2696
1984:Q3,-64352,-71700,4564,1120,4088,0,-1888,0,80,692,472,0,0,2784,-64352,-111897,13412,0,0,0,-308,-16,-6148,1988,14800,0,11076,16841,-616,0,3232,0,-6716
1984:Q4,-65100,-76200,8220,1160,5464,0,-1772,0,1196,692,1480,0,0,2880,-65100,-82894,13504,0,0,0,-652,-284,-2920,-968,304,0,9064,6794,-1200,0,-520,0,-5328
1985:Q1,-74748,-87000,4732,1200,-688,404,624,0,2388,1048,-244,0,0,7520,-74748,-118807,-5948,0,0,0,404,260,-2800,6352,14172,0,21068,11439,-460,0,4896,0,-5324
1985:Q2,-56808,-70000,12600,1400,2008,460,4,0,3644,1048,4036,0,0,592,-56808,-134615,-6316,0,0,0,560,20,-2112,5128,18488,0,39472,19343,-508,0,1564,0,2168
1985:Q3,-66116,-78000,7984,1440,2852,-600,1756,0,3832,1048,-2344,0,0,3900,-66116,-105868,-5996,0,0,0,-156,44,-1608,1196,9796,0,16384,18960,-188,0,-3880,0,5200
1985:Q4,-83768,-103000,16492,1500,1716,-584,1492,0,2956,1048,8364,0,0,2740,-83768,-125770,-6956,0,0,0,-1080,20,-1300,6608,-104,0,37356,-15522,-560,0,7788,0,15752
1986:Q1,-34728,-60300,17924,1300,5812,-308,6256,0,2288,724,1852,0,0,7648,-34728,-114139,19816,0,0,0,880,36,-1000,-17268,-28320,0,25240,46943,4368,0,3648,0,25068
1986:Q2,-63292,-87300,16888,1300,2316,2056,6380,0,1828,724,2284,0,0,7120,-63292,-127300,20808,0,0,0,2460,-76,-756,-9928,1648,0,19680,6176,3200,0,-6916,0,27712
1986:Q3,-77408,-84800,11360,1400,1012,-1192,5580,0,1600,724,2236,0,0,-3968,-77408,-140002,19188,0,344,0,3456,20,-168,17184,-39696,0,25836,8510,2400,0,7468,0,18052
1986:Q4,-101032,-107500,12656,1400,-152,1724,5016,0,1596,724,2348,0,0,-6188,-101032,-190411,20088,0,520,0,1752,48,748,1744,15916,0,25400,19599,1600,0,1204,0,760
1987:Q1,-24384,-43500,13664,1476,-1668,-984,9268,0,1460,1268,2844,0,0,5452,-24384,-180530,5760,0,416,0,3244,32,1856,25788,45020,0,34216,6250,6864,0,-11352,0,38052
1987:Q2,-63644,-76500,10116,1492,-2048,-632,5764,0,1188,1268,3084,0,0,2740,-63644,-168773,6004,0,492,0,1328,20,3116,3664,-24388,0,45544,36529,4380,0,-4960,0,33400
1987:Q3,-59944,-70000,11144,1492,-1960,-892,5716,0,1232,1268,4288,0,0,-1088,-59944,-99877,6356,0,328,0,584,-36,3376,148,-29768,0,32824,-1503,1624,0,7168,0,18832
1987:Q4,-103480,-112000,24144,1496,-2148,-908,8348,0,1588,1268,14500,0,0,-15624,-103480,-95416,4880,0,892,0,472,-376,2636,-6644,8416,0,16904,13900,304,0,-19264,0,-30184
1988:Q1,-83028,-101000,15044,668,-2188,-472,13416,0,1936,1092,592,0,0,2928,-83028,-96672,-74268,0,248,0,2900,-4,3096,1036,50000,0,24460,8984,748,0,520,0,-4076
1988:Q2,-116044,-139500,28208,-192,-2008,444,25068,0,2276,1092,1528,0,0,-4752,-116044,-18827,-78460,0,636,0,1988,32,2896,-4288,-6384,0,15576,-29653,2772,0,-3976,0,1644
1988:Q3,-48500,-83000,33728,6820,-2172,-232,24188,0,2332,1092,1700,0,0,772,-48500,25067,-78004,0,1220,0,1840,0,3544,-3308,-21160,20,36092,-24271,4292,0,3508,0,2660
1988:Q4,-166396,-194500,22644,2656,-2188,-272,19804,0,2092,1092,-540,0,0,5460,-166396,-66623,-79672,0,1500,0,1224,-32,5036,-3768,4840,8,15276,-36173,3196,0,528,0,-11736
1989:Q1,-166656,-172300,1956,968,-1648,-792,2504,0,1944,-760,-260,0,0,3688,-166656,-143777,-4536,0,1256,0,4684,4,7524,7744,-37872,44,7408,-1255,-8016,0,-668,0,804
1989:Q2,-77832,-98700,2880,1664,-1608,-364,-108,0,1872,-760,2184,0,0,17988,-77832,-115259,-4892,0,912,0,-1144,4,10992,8560,-25480,36,14104,20643,-832,0,-3200,0,17724
1989:Q3,-100860,-146300,15176,1664,-1644,-680,13180,0,1764,-760,1652,0,0,30264,-100860,-138279,-5372,0,612,0,-1460,0,9668,12928,-21268,48,14004,9047,1712,0,-4200,0,21700
1989:Q4,-51740,-79300,10648,1664,-1460,-700,9520,0,1608,-760,776,0,0,16912,-51740,-65581,-5436,0,1488,0,-1036,0,3548,6172,-51092,52,20680,38781,6008,0,512,0,-5836
1990:Q1,-52016,-69000,16896,2652,-4112,-1428,12716,0,1416,-3216,1124,7744,0,88,-52016,-35495,6048,0,2060,0,-2656,0,-2660,5669,2208,136,-4644,4007,2684,0,-14940,0,-14432
1990:Q2,-30568,-48000,-7088,560,-2644,-936,-10232,0,1176,-3216,460,7744,0,24520,-30568,-52588,6372,0,864,0,-2824,4,-8960,5271,-13232,136,18212,26749,-4892,0,10448,0,-16128
1990:Q3,-69976,-74000,1836,52,-5792,-1780,5900,0,1152,-3216,-2224,7744,0,2188,-69976,-62923,5448,0,4012,0,-3320,-4,-10100,-695,-11672,156,29220,-6738,6560,0,-8552,0,-11368
1990:Q4,-58216,-61000,-36,5332,-2664,-1276,-2828,0,1340,-3216,-968,4244,0,2820,-58216,-118538,5876,0,152,0,-11440,0,-6096,17391,23968,724,47328,11767,-4004,0,-328,0,-25016
1991:Q1,42292,-6000,20968,3588,-2580,-444,3168,0,1468,-1176,776,16168,0,27324,42292,44198,6256,0,-1464,0,5672,-16,-3040,-33197,20820,264,35064,-43689,-5128,0,7588,0,8964
1991:Q2,87348,12000,38268,648,-2552,-248,22100,0,1544,-1176,1900,16052,0,37080,87348,9921,6192,0,1724,0,-2964,0,-980,7611,19860,100,22300,-11368,6936,0,-1128,0,29144
1991:Q3,77008,19000,23452,-3036,-2516,-316,17916,0,1632,-1176,328,10620,0,34556,77008,-13343,6468,0,268,0,-960,32,-160,-963,-11172,660,40304,52934,3792,0,3216,0,-4068
1991:Q4,104844,48000,33180,2480,-2576,644,15116,0,1732,-1176,848,16112,0,23664,104844,41965,6956,0,-356,0,432,60,-604,20097,16084,1204,58680,-23350,1540,0,-192,0,-17672
1992:Q1,119932,46000,43256,2172,-48,-28,24648,0,1172,48,-2624,17916,0,30676,119932,157547,-31624,0,2000,0,-1012,-64,-720,12877,-51104,1484,8432,54624,1352,0,-8828,0,-25032
1992:Q2,90276,36000,41440,4612,-1524,-236,21716,0,-52,48,3104,13772,0,12836,90276,-6491,-31976,0,1712,0,316,0,-572,6840,75356,1140,20896,36075,2912,0,2196,0,-18128
1992:Q3,87056,12000,38472,2876,-1932,2224,16460,0,1360,48,584,16852,0,36584,87056,107109,-32732,0,828,0,-2212,4,-324,3055,-15404,1000,2624,61452,-2024,0,-4284,0,-32036
1992:Q4,112348,14000,48860,7696,-388,480,17840,0,5416,48,2696,15072,0,49488,112348,-3857,-34136,0,-448,0,2792,-36,0,6204,-5068,1224,23440,110489,-2312,0,8384,0,5672
1993:Q1,91416,8200,49880,2464,2684,1612,23696,524,6416,2372,1052,9060,0,33336,91416,-247861,46220,0,396,0,2028,0,432,-383,138060,1596,62580,70604,3712,524,2636,0,10872
1993:Q2,131680,23200,53748,1476,11092,252,23696,576,8112,2372,-360,6532,0,54732,131680,-79003,46100,0,1480,0,1148,616,916,5082,22628,1380,-2728,121445,3712,576,13928,0,-5600
1993:Q3,164952,32300,50356,132,332,-4140,23696,24,15472,2372,9456,3012,0,82296,164952,-55253,46960,0,384,0,4936,-556,1028,14325,-38080,1584,24872,152972,3712,24,7024,0,1020
1993:Q4,160984,21500,56344,3568,208,-1072,23696,676,22804,2372,1004,3088,0,83140,160984,-189771,47732,0,1152,0,2084,-60,772,25811,14808,2116,48296,158411,3712,676,8612,0,36632
1994:Q1,83688,-9600,16464,2536,-3140,-836,2364,868,13364,324,2076,-1092,0,76824,83688,-35580,-30700,0,3140,0,-5192,-4,800,16064,-40492,2352,25812,138752,6064,868,-7576,0,9380
1994:Q2,61360,-2000,13192,60,-3000,-952,2364,-1064,15288,324,2460,-2288,0,50168,61360,-106668,-30596,0,2012,0,-3452,0,804,16365,70272,1484,33104,105595,6064,-1064,-6516,0,-26044
1994:Q3,-17008,-50000,5020,2256,-2840,-2128,2364,-348,12136,324,700,-7444,0,27972,-17008,-180875,-31864,0,-580,0,-1632,0,804,12003,42768,1588,8768,134220,6064,-348,-336,0,-7588
1994:Q4,-84768,-118000,-4208,2216,-5204,-3068,2364,432,3696,324,4516,-9484,0,37440,-84768,-74689,-31628,0,1752,0,-2312,0,804,10900,-94128,1392,36584,86718,6064,432,1008,0,-27664
1995:Q1,-17372,-43600,7332,572,-3012,-2668,7892,-64,3416,-620,4472,-2656,0,18896,-17372,28828,-2640,0,-2220,0,-216,8,4328,-9959,-64288,1504,-18200,69175,-620,-64,1068,0,-24076
1995:Q2,3884,-54920,7488,4912,-2284,-6216,7892,564,10604,-620,572,-7936,0,51316,3884,-49834,-2872,0,-1644,0,2984,16,-1452,-19429,-78068,2536,24636,114071,-620,564,1000,0,11996
1995:Q3,27628,-76400,2440,2152,-2104,-540,7892,312,6572,-620,-1184,-10040,0,101588,27628,-100608,-3080,0,30876,0,6524,-24,-2252,-10362,-105492,2936,34200,162355,-620,312,4720,0,8144
1995:Q4,38044,-58400,6608,2784,-1380,-4800,7892,952,9944,-620,-120,-8044,0,89836,38044,1175,-3244,0,22524,0,1744,20,-4128,-15014,-118760,3580,32024,67443,-620,952,24172,0,26176
1996:Q1,35740,-60900,-21420,3208,-11856,-8860,300,988,7332,-436,1728,-13824,0,118060,35740,-82127,26628,0,11876,0,3728,0,-16472,-1568,-111136,4128,-8088,243727,-2640,988,-32348,0,-956
1996:Q2,109932,13900,-4888,3224,-924,-1124,300,600,9860,-436,-2356,-14032,0,100920,109932,-120674,27664,0,18796,0,656,0,1432,8567,-115660,4972,-8996,271971,-2640,600,11996,0,11248
1996:Q3,-78440,-112500,-13624,2884,-2668,-3072,300,572,11976,-436,896,-24076,0,47684,-78440,-310908,28352,0,14928,0,1988,-8,2732,7062,-74604,3576,91956,192878,-2640,572,-13952,0,-20372
1996:Q4,16456,-29800,-18472,3292,-3840,-22180,300,2200,20068,-436,168,-18044,0,64728,16456,-175943,30556,0,13516,0,3260,-8,-15968,-9493,-63044,4156,-2220,204620,-2640,2200,26536,0,928
1997:Q1,-34948,-55800,-55300,636,-20692,-2332,-11148,1252,24180,-688,6904,-53412,0,76152,-34948,-153658,79296,0,10572,0,568,0,2716,1816,-157688,3704,2588,162514,-10016,1252,3104,0,18284
1997:Q2,-5936,-58700,-21200,3548,-7324,2144,-11148,1632,25944,-1940,256,-34312,0,73964,-5936,-177270,92704,0,10476,0,-172,0,660,4032,-138844,4360,-18208,149886,-10016,1632,-5704,0,80528
1997:Q3,-16904,-91500,-1668,1772,-7748,-2316,-11148,4148,33788,-2088,4248,-22324,0,76264,-16904,-394495,99212,0,19460,0,-572,-12,2744,6989,-143584,4840,20680,266181,-10016,4148,13064,0,94456
1997:Q4,-92540,-103500,7032,6748,-19232,-13372,-11148,6728,46156,-760,5488,-13576,0,3928,-92540,-322773,101636,0,29160,0,3216,0,4224,10906,-171108,4748,32696,197203,-10016,6728,-956,0,21796
1998:Q1,-21712,-86700,37380,424,6940,-3612,-6808,2296,35896,2220,11892,-11868,0,27608,-21712,-432253,127624,0,8780,0,2836,0,-4728,2838,-21444,4108,-55792,229116,-11740,2296,18488,0,108160
1998:Q2,-5504,-71232,12988,5524,-6640,2336,-6808,3440,27404,1388,2912,-16568,0,52740,-5504,-336467,131340,0,21000,0,2864,0,-11512,7693,-46916,5744,-31164,210958,-11740,3440,12908,0,36348
1998:Q3,-277240,-259360,-12856,2540,-8968,-4396,-6808,6120,7032,3564,-236,-11704,0,-5024,-277240,-297470,117808,0,7668,0,4588,0,6916,12075,-93548,1784,-18424,51867,-11740,6120,-10704,0,-54180
1998:Q4,-127248,-444856,-12516,6760,-10224,-13152,-6808,12240,9016,3392,6288,-20028,0,330124,-127248,-414329,142388,0,-60784,0,1004,0,-12088,4899,41568,4332,-7220,187039,-11740,12240,-44540,0,29984
1999:Q1,-45428,-27680,2112,1936,-6756,-4504,13280,1220,5832,2964,4564,-16424,0,-19860,-45428,-379223,453012,0,-13424,0,3648,0,3208,23768,-280476,4256,-48660,125855,5460,1220,23896,0,32032
1999:Q2,25564,-306800,48104,868,-9016,-3160,22520,10260,6228,3440,16248,716,0,284260,25564,-555562,483416,0,-31896,0,-4016,0,-5112,25438,-198836,5128,20908,134268,7520,10260,10312,0,123736
1999:Q3,-47632,-104752,-64492,-92,-7056,-6828,-49392,5664,12280,4452,4772,-28292,0,121612,-47632,-556016,451720,0,24308,0,2956,0,-5360,31086,-215104,3716,22024,199510,-62648,5664,-27064,0,77576
1999:Q4,90424,-2240,21432,12680,-8288,-9488,-5768,31504,1876,4956,5152,-11192,0,71232,90424,-832027,517416,0,-65516,0,2608,0,388,28839,-12148,4624,-18908,233920,-8144,31504,23848,0,184020
2000:Q1,156968,108176,-26372,412,-13144,-6180,2500,2088,2584,1832,11784,-28248,0,75164,156968,-524477,-166948,0,-16728,0,2300,0,-8756,-5180,161340,8308,-27904,461490,-2968,2088,20628,0,253776
2000:Q2,29472,-202520,43096,4936,-1512,12864,476,46312,2624,-2748,-1740,-18116,0,188896,29472,-173192,-162048,0,11804,0,-496,0,-11220,-613,-13020,4992,28480,136841,4744,46312,14684,0,142204
2000:Q3,27024,-42924,3632,4308,-964,-4936,-13992,14076,460,824,10584,-6728,0,66316,27024,-483899,-160032,0,-3988,0,2840,0,-15816,1916,14024,5056,176656,233000,-7292,14076,28076,0,222408
2000:Q4,-146600,-335548,92468,7876,-2376,-4756,-11004,107168,2976,-1268,6920,-13068,0,96480,-146600,-422303,-147084,0,32776,0,-1824,0,40972,-18511,95172,2572,-130656,102022,5744,107168,17236,0,170116
2001:Q1,112508,-19400,45724,4904,-1832,-6780,-4844,57880,4404,2040,1504,-11552,0,86184,112508,-292471,-209016,0,40544,0,3128,0,7344,9367,-17728,-3280,178732,116496,2100,57880,43008,0,176404
2001:Q2,168632,-59100,4904,5884,-2216,-5040,-3948,11312,3820,3120,5308,-13336,0,222828,168632,-161239,-220564,0,-27928,0,2808,0,4180,5695,172592,3180,53516,164288,-3832,11312,23840,0,140784
2001:Q3,-61852,-109400,3992,2860,-6580,-10908,2376,27932,7664,8,3152,-22512,0,43556,-61852,-507776,-187512,0,48112,0,8016,0,8332,15118,152148,-4560,212304,115829,2872,27932,-34832,0,82164
2001:Q4,170808,-4600,91500,19024,12556,19240,14172,26928,8480,1292,3632,-13824,0,83908,170808,-2582,-206812,0,-45380,0,-368,0,11172,-42677,111272,2376,15892,135259,-6244,26928,42052,0,129920
2002:Q1,42856,-10576,61428,5180,16244,-7420,13632,24040,13008,-3672,4992,-4576,0,-7996,42856,-250846,-2268,0,-11536,0,-2732,0,2176,23754,-31608,5472,81104,107632,-984,24040,2504,0,96148
2002:Q2,169724,25428,68268,8080,-1372,-9152,15656,65224,11128,-1480,2948,-22764,0,76028,169724,-138167,-1956,0,34504,0,1916,0,5100,17305,-142808,2092,95664,116862,13296,65224,34480,0,66212
2002:Q3,-93900,-81264,38664,4224,4376,-9200,22188,43196,3592,-2316,-2208,-25188,0,-51300,-93900,-623473,-1612,0,45804,0,1928,0,2336,-1801,-36008,1132,556424,-121861,22364,28208,100,0,32560
2002:Q4,148372,8392,88896,4692,5524,-180,20396,48748,5824,6516,5588,-8212,0,51084,148372,304270,-1736,0,-29140,0,4280,0,19604,20039,-51424,35040,-306344,49592,2628,48816,1704,0,51044
2003:Q1,125528,-40692,32144,6104,-1096,-6480,31108,6048,2256,-524,2068,-7340,0,134076,125528,-401620,-104880,0,10924,0,2328,0,-3216,6833,294252,36816,366216,-64661,5132,7196,-18400,0,-11392
2003:Q2,191228,-13752,130160,12072,18348,-3724,61336,14988,16312,1324,9988,-484,0,74820,191228,697395,-120496,0,-3400,0,2536,0,-1092,7628,-31128,10724,-642704,144025,3644,14572,36440,0,73084
2003:Q3,218036,236,62612,10596,-3256,-6160,59356,-24056,18100,-312,17528,-9184,0,155188,218036,233925,-123152,0,-3400,0,4972,0,4296,2631,-142372,-9684,-17052,338343,17012,-25628,-14864,0,-46992
2003:Q4,204592,-8220,104888,7524,2524,576,22568,66256,16568,6340,4040,-21508,0,107924,204592,431832,-137488,0,-3400,0,-4404,0,2552,-25080,-137480,13204,-335204,256868,6892,64212,13560,0,58528
2004:Q1,183120,-3208,118796,4772,1620,-4260,61152,30084,25752,1936,3320,-5580,0,67532,183120,-24802,7256,0,-3400,0,2884,0,-6804,10813,31184,11904,-211952,258076,52124,24956,42740,0,-11860
2004:Q2,182608,-67292,88896,3364,-5676,-32716,36180,60768,13840,1568,21976,-10408,0,161004,182608,-223487,7352,0,-3400,0,-3508,0,4552,14152,-58928,2364,222136,128523,13624,57224,13248,0,8756
2004:Q3,77356,-128800,134500,8888,-4628,-18268,20220,27052,21624,4492,12676,62444,0,71656,77356,-211073,7184,0,-3400,0,-412,0,3432,10944,95660,5232,-55940,194173,20664,24804,-19776,0,5864
2004:Q4,-84284,-282920,159816,5436,-7192,-13920,11692,107592,24652,29068,2376,112,0,38820,-84284,-901059,7808,0,-3400,0,-4652,0,-708,-19205,5132,13204,312068,190748,88,97984,32440,0,185268
2005:Q1,78216,-172124,65984,11360,-3644,-13792,43836,40620,10712,4184,2076,-29368,0,184356,78216,-152220,-181068,0,-3400,0,-2648,0,5064,16308,-63732,5632,139052,146448,33200,23956,35612,0,76012
2005:Q2,-21744,-234888,93052,9048,-4992,-5032,26588,40704,20104,4100,80,2452,0,120092,-21744,-25968,-182716,0,-3400,0,3472,0,8388,296,-56464,2884,6688,139692,22908,37128,-23956,0,49304
2005:Q3,-123416,-362520,33424,11096,-4376,-5604,16048,14584,23704,4372,8032,-34432,0,205680,-123416,28632,-188464,0,-3400,0,-2980,0,4080,12113,-38820,8496,-247472,178311,16804,5508,-11812,0,115588
2005:Q4,35524,-335136,134052,2168,1624,-7440,-4280,131016,9856,4080,15936,-18908,0,236608,35524,-166660,-191452,0,-3400,0,-1296,0,11500,2011,-61120,7256,-30308,162906,444,121864,92516,0,91264
2006:Q1,-235312,-443180,38060,5432,-5880,-23120,5968,39828,18224,2292,20704,-25388,0,169808,-235312,-742103,-218148,0,-3400,0,-1140,0,5476,6305,-53860,6864,311120,187285,-4476,27448,3700,0,239616
2006:Q2,-302172,-467908,78304,9204,-6932,-29248,19380,98384,17176,1240,-2596,-28304,0,87432,-302172,-206197,-214000,0,-3400,0,-3808,0,-5000,-3374,-53860,-3096,-55480,66018,2908,79632,15048,0,82436
2006:Q3,-393116,-431436,2112,6844,-10900,-13008,-7608,21392,15624,1252,5068,-16552,0,36208,-393116,-210088,-225060,0,-3400,0,-168,0,1936,9003,-53860,8428,-155252,119281,272,14280,-3656,0,105168
2006:Q4,-120172,-550168,174120,19180,-10380,-14712,16128,136380,37796,-392,-768,-9112,0,255876,-120172,13680,-238948,0,-3400,0,3576,0,-7204,-31683,-53860,9880,-258848,260859,10824,117804,8248,0,48900
2007:Q1,-166044,-438332,67400,5948,-13848,-20820,47700,57368,22076,-1452,18568,-48140,0,204888,-166044,-705779,33996,0,-3400,0,-5532,0,-2372,15154,-10176,-192,-38988,278366,49572,42488,55524,0,125296
2007:Q2,-391664,-598064,69784,7612,-8616,-21564,43136,69464,17360,-4156,6496,-39948,0,136616,-391664,-1128561,35972,0,-3400,0,3080,0,2160,2318,-10176,8228,89976,102971,33620,52644,38532,0,380972
2007:Q3,-201432,-648076,189400,5988,-20392,-29676,18896,192476,9072,35696,9364,-32024,0,257244,-201432,-482640,36532,0,-3400,0,8192,0,8656,9176,-10176,-1836,-69032,79136,13440,166424,-18944,0,63040
2007:Q4,-561724,-906472,352372,10560,-10044,-50476,3748,283128,19796,72056,15620,7984,0,-7624,-561724,-1333308,35132,0,-3400,0,-4,0,-6316,-14668,-10176,6116,79440,-23213,1800,251196,49036,0,406640
2008:Q1,95668,-336396,373595,8648,-5300,-31992,-8900,105015,21056,11548,68756,204764,0,58469,95668,-690639,228468,0,-3400,0,4460,4,17608,34414,28200,-23808,314024,-50457,-6580,70491,-88948,0,261832
2008:Q2,206568,-154448,370592,8032,18776,-10068,-31724,84728,14896,32564,29844,223544,0,-9576,206568,-594002,221092,0,-3400,0,-1984,0,6888,-37103,28200,6844,274428,84225,-8360,49044,52512,0,128184
2008:Q3,53926,-294132,442526,10420,-10936,-8236,-22204,305066,11012,18732,43240,95432,0,-94468,53926,-574337,201464,0,-3400,0,-5580,-4,51484,47011,28200,-15060,176308,-124914,-6896,269510,-46572,0,56712
2008:Q4,733994,-373900,1216519,21316,-1080,7568,-26928,214063,4316,47612,27684,761968,160000,-108626,733994,-921537,156016,1025360,-3400,0,6508,0,83284,20938,28200,4296,261728,-99438,-13120,185659,-55420,0,54920
2009:Q1,260883,-151800,426098,13632,-1448,-6904,-5048,33670,9184,179848,-14412,217576,0,-13415,260883,42309,-81644,363644,-3400,0,17516,0,-18232,-6025,-83980,-2856,291704,-178899,-3468,-72802,-69664,0,66680
2009:Q2,612367,157244,366739,16048,-2160,8468,-3348,160163,55640,100156,21920,5252,4600,88385,612367,978967,-94072,-127876,-3400,0,-16448,0,9532,7943,-83980,13752,-549132,218327,-1212,94171,-12324,0,178120
2009:Q3,462515,83680,280848,9052,-6592,-908,-4712,121916,22916,39488,7780,83684,8224,97987,462515,5141,-108168,53700,-3400,0,-8252,0,9108,-4199,-83980,3700,-42420,256541,-3072,70548,20600,0,296668
2009:Q4,106163,-249208,273544,7824,-10908,-4452,72,150120,9200,57536,-12780,-32048,108980,81827,106163,-155261,-114104,-287088,-3400,100424,32304,0,-12164,28252,-83980,12860,15756,128311,-2328,76460,39572,100424,230124
2010:Q1,-43162,-143948,99060,16388,-23632,-7572,288,27832,10888,58228,5464,1140,10036,1726,-43162,-129504,-52332,-5440,-3400,1240,-3328,0,-45132,51214,38656,8324,-116316,74016,-956,-4740,-75428,1240,218724
2010:Q2,170018,-141732,313031,10844,-3820,-13348,4112,172071,33244,73480,7220,27960,1268,-1281,170018,-412417,-46124,74744,-3400,1268,-8328,0,192,35391,38656,4512,292096,6340,1952,95803,-3984,1268,92048
2010:Q3,66617,-284952,249309,16872,-10032,7844,10772,146645,24400,9072,-4392,46832,1296,102260,66617,-18551,-51068,19676,-3400,1296,-4676,0,21124,38727,38656,-2292,-209448,46600,4744,111653,-34484,1296,106764
2010:Q4,170039,-233180,189323,3540,-13420,-6088,6548,125403,44356,3904,19044,4724,1312,213896,170039,-48508,-56276,7264,-3400,1312,9240,200,3120,50964,38656,13828,-236080,146963,2472,116455,21740,1312,100776
2011:Q1,-44507,-239064,128079,6976,-11080,-8700,6560,101875,64128,7996,6388,14288,-60352,66478,-44507,-33563,24644,61308,-3400,-105540,-9444,-24,2960,18615,-82640,-1232,-161548,145898,5360,67491,29896,-105540,102252
2011:Q2,-254501,-405568,222347,8996,2928,-11520,9680,165119,39788,27468,2264,-22376,0,-71279,-254501,-524174,24548,49584,-3400,0,16740,-176,-9188,11203,-82640,2688,6780,39616,5040,125971,488,0,82420
2011:Q3,-332578,-532352,147170,16084,-20656,-15964,3424,98158,30728,21652,2540,20428,-9224,52603,-332578,-857007,21028,968,-3400,0,3484,12,28080,-7641,-82640,-17864,614344,-80484,4148,35838,-51732,0,60288
2011:Q4,-263198,-353316,110120,-6524,-14044,-9968,4404,105432,15320,49568,-29028,-1152,-3888,-20002,-263198,28473,23376,49296,-3400,0,-6812,0,-8440,62355,-82640,-23004,-175480,-80613,3324,45348,-23056,0,-71924
2012:Q1,22453,-198272,190693,3460,-18120,-11504,1904,234053,59524,14544,-70628,12004,-34544,30032,22453,-35540,-26316,-19760,-3400,0,-39928,0,4404,-14698,-23700,3752,-200,-112639,760,155545,1380,0,132792
2012:Q2,-147520,-396540,144314,1248,-13072,-11884,10320,148590,31080,-4128,-3088,-14752,0,104706,-147520,-173095,-25452,-18076,-3400,0,-2096,0,11688,-4269,-23700,-2576,146516,-68783,4176,78110,5628,0,-72192
2012:Q3,207111,-293712,309740,824,-22228,-7628,15620,226476,62720,-3292,776,36472,0,191083,207111,184335,-26920,-9880,-3400,0,708,0,-2324,3718,-23700,-4156,-225780,-15998,2752,179528,32180,0,116048
2012:Q4,-76300,-311504,145129,2032,-4756,-8644,17696,132453,37056,-976,2544,-32276,0,90076,-76300,-511241,-26648,-5000,-3400,0,-500,0,9676,5241,-23700,-7532,23860,11459,4128,79329,-2776,0,370804
2013:Q1,414105,-153024,324912,-5564,-3568,-6620,29208,248704,64224,-7152,12720,-7040,0,242216,414105,745680,9988,-5160,-3400,0,-2120,0,4776,-20984,-207720,14812,-324616,76505,5160,246724,-91552,0,-33988
2013:Q2,340476,-293988,151885,532,-6380,-9704,23584,112101,63088,4292,-14284,-21344,0,482579,340476,398617,10224,-2776,-3400,0,-3956,0,9628,-7022,-207720,8408,-67404,196232,4148,157433,6104,0,-158040
2013:Q3,-88999,-241076,223123,2600,-9532,-10672,1448,234595,24948,-5480,12736,-27520,0,-71045,-88999,-374294,10704,-10304,-3400,0,1276,0,-1224,-37049,-207720,-7748,-213944,224022,688,224887,-5816,0,310924
2013:Q4,221053,-421096,146167,4724,-10952,-9644,3820,124495,32612,1420,11976,-12284,0,495982,221053,431817,11764,-1120,-3400,0,-1260,0,-2468,19247,-207720,37548,-314340,289518,4420,161435,134032,0,-338420
2014:Q1,-16510,-407644,88555,-6768,-17868,-14308,4120,112423,18856,-8084,2864,-2680,0,302580,-16510,-204976,35560,-552,-3400,0,-2456,0,2264,-39852,-183908,6924,-183988,173748,2620,68891,-87660,0,400276
2014:Q2,419132,-193972,361075,4356,-9416,-11844,1808,287031,46880,2628,9052,30580,0,252028,419132,413667,37228,-1080,-3400,0,-700,0,-9168,-33662,-183908,-976,-99180,66499,2028,241983,31584,0,-41784
2014:Q3,380464,-321808,224308,2740,-22244,-17576,9868,220836,30360,-1276,2932,-1332,0,477965,380464,-130064,37460,-4236,-3400,0,1560,0,3356,-7081,-183908,6500,95204,115218,9244,195392,40444,0,204776
2014:Q4,733309,-284360,323738,1180,-17892,-16044,3944,343062,34736,-144,2788,-27892,0,693931,733309,871028,39104,-680,-3400,0,4292,0,15932,-19360,-183908,-17048,-157852,21103,3360,256734,10164,0,-106160
2015:Q1,595444,-467852,362276,12092,-19392,-22476,3396,289748,53944,-7640,3628,48976,0,701020,595444,393625,-43024,-440,-3400,0,-1756,0,-460,-19369,-29276,5296,60412,102160,1420,195544,-109620,0,44332
2015:Q2,60871,-409616,234347,2092,-20532,-3708,3588,226751,33056,-3244,-5668,2012,0,236139,60871,-101349,-42924,584,-3400,0,3096,0,-3196,-12820,-29276,-5128,31964,154648,2672,224631,7848,0,-166480
2015:Q3,-548507,-517596,131686,2104,-24824,-7544,2320,198834,8112,-1432,4516,-50400,0,-162597,-548507,-898694,-39948,-200,-3400,0,3264,0,10492,99999,-29276,460,250764,66566,1664,113582,-33060,0,-90720
2015:Q4,-221811,-418844,183907,10928,-23380,-6276,-1868,208635,13256,6572,2436,-26396,0,13126,-221811,499314,-42524,-40,-3400,0,3444,0,-12784,39890,-29276,-476,-252680,-91762,-696,160655,61304,0,-552780
2016:Q1,-592015,-509948,159454,-34592,-23828,-7804,1264,213322,28632,-1756,64,-15848,0,-241521,-592015,139773,64388,0,-3400,0,-29488,0,13216,-24335,-113496,-10748,52608,-111735,-112,45422,-122352,0,-491756
2016:Q2,180419,-547656,185376,4684,-19424,-5944,132,187764,41580,1612,-1008,-24020,0,542699,180419,629547,65612,-120,-3400,0,-1880,0,-14632,-21128,-113496,-8716,-127428,-148196,-212,102140,6984,0,-184656
2016:Q3,-253789,-602632,395948,3148,-14884,-4436,4124,396876,41608,10392,3844,-44724,0,-47106,-253789,-557211,67780,-80,-3400,0,824,-12,-14244,-24510,-113496,-9168,-158148,-167245,420,280340,44220,0,400140
2016:Q4,-209111,-323168,281157,6912,-17580,-6824,-2200,338253,17676,2512,-8112,-49480,0,-167100,-209111,93663,69988,-40,-3400,0,2776,0,27184,-28392,-113496,6100,-140968,-19555,136,316301,49660,0,-469068
2017:Q1,277015,-357752,551303,-7856,-21372,-17172,2868,615039,46696,-4800,3024,-65124,0,83464,277015,123410,-85108,4,-3400,0,-3784,0,21328,-4914,-53116,3036,-141108,-227552,376,467983,-65980,0,245840
2017:Q2,496260,-221856,486108,2456,-16724,-13344,-1820,518412,43272,8488,3124,-57756,0,232008,496260,336904,-87292,-520,-3400,0,144,0,16036,4673,-53116,4804,8268,-82345,-3288,375540,58052,0,-78200
2017:Q3,135382,-478428,320324,3000,-6704,-15100,1504,371112,57060,1484,17764,-109796,0,293486,135382,-234144,-90748,-40,-3400,0,-4876,0,-1936,-5505,-53116,-6024,-21504,-104694,1684,241128,12388,0,406168
2017:Q4,24416,-244168,317781,13732,-6344,-19024,160,379297,20152,-1600,13208,-81800,0,-49198,24416,294381,-96304,0,-3400,0,548,0,3704,-17882,-53116,24088,-93176,-119933,-960,302173,-109536,0,-106172
2018:Q1,546077,-489752,288563,-27792,-4788,-18084,-220,328899,28396,13136,-11812,-19172,0,747266,546077,-143879,-39856,15956,-3400,0,11612,0,26172,-33873,-80000,-1168,15448,-96402,-68,250619,44616,0,580300
2018:Q2,-1053151,-900600,216768,3764,-9420,960,7556,300124,9340,7304,-2360,-100500,0,-369319,-1053151,-546314,-41024,4,-3400,0,-1876,0,5100,-36556,-80000,-5212,-97404,-162541,-1612,177080,-4444,0,-254952
2018:Q3,68861,-319524,226514,2672,-12060,-6000,-920,367522,33152,-7392,-1532,-148928,0,161871,68861,452378,-43980,-80,-3400,0,-4560,0,38228,-50466,-80000,-5964,-179024,-125241,192,264214,44460,0,-237896
2018:Q4,-553610,-761220,62227,444,-12408,-24324,1056,247631,15104,4756,6652,-176684,0,145382,-553610,-467294,-37832,0,-3400,0,4916,0,10912,-56841,-80000,-74212,-68044,-99219,-156,125535,-164212,0,356236
2019:Q1,-680800,-696932,135510,-6756,-3940,-23428,5652,264330,32712,-10800,8720,-130980,0,-119379,-680800,328676,9644,0,-3400,0,2440,0,-10148,-2988,-168808,-60,298856,-225787,544,125530,-34416,0,-1000884
2019:Q2,-74654,-186352,323551,1308,-6068,-16612,6868,339559,50728,4088,63476,-119796,0,-211853,-74654,-17909,10008,0,-3400,0,1936,0,-5536,6713,-168808,-9916,-511972,-196577,5324,174355,61128,0,580000
2019:Q3,-448287,-449036,206628,6904,-7136,-17144,6424,349552,33664,-5516,4100,-164220,0,-205879,-448287,-275511,10128,0,-3400,0,-2660,0,25372,7765,-168808,-14424,190264,-201893,-16,173336,-24712,0,-163728
2019:Q4,-442610,-499436,173171,3948,-14508,-10688,4584,336771,29584,-4436,12124,-184208,0,-116345,-442610,194489,10992,0,-3400,0,1468,0,-16852,-6803,-168808,4496,-72032,-252391,4680,190375,-91640,0,-237184
2020:Q1,931636,-385136,280814,-9488,-14128,-22500,11272,371402,24592,27584,31496,-139416,0,1035957,931636,353934,-109884,0,-3400,0,4560,0,7284,5841,-173536,-48832,55348,-361246,7720,279610,53304,0,860932
2020:Q2,189473,-59872,627514,2980,2404,1784,-652,616690,26688,-38156,-21716,37492,0,-378168,189473,604125,-131808,0,-3400,0,1388,0,-72380,-14623,-61788,18936,-176712,-330038,32,185810,18244,31896,119792
2020:Q3,881807,48236,465455,4932,-1212,-8236,-192,454179,18588,-10208,744,6860,0,368116,881807,970760,-142976,0,-3400,0,2260,0,-39840,-7766,-76760,-23432,125344,-666422,24,197059,37664,2576,506716
2020:Q4,290408,-273640,622805,9140,-904,-31752,520,561261,17656,-7172,51864,22192,0,-58757,290408,-95113,-159688,0,-3400,0,3584,0,15884,20882,-111528,-43052,-125268,-568226,-172,374325,-82140,632,1063688
2021:Q1,1244251,-109068,1050164,-1384,-2388,-23432,26996,1075860,31276,-3532,4032,-57264,0,303155,1244251,726147,-136088,-40,-3400,0,4016,0,1272,-13750,-6784,17508,-164684,-589474,16728,926712,154572,-1076,312592
2021:Q2,894747,-514584,1011751,6404,-5360,-20516,15552,1076395,43064,-1732,1828,-103884,0,397580,894747,1155451,-136088,0,-3400,0,3840,0,7048,-53463,-96256,12708,-270128,-198712,7512,802835,-111724,-29780,-195096
2021:Q3,196507,-868180,584040,15332,-12644,-29704,11620,719424,43764,-5064,-3220,-155468,0,480647,196507,22068,-136088,0,-3400,0,-2364,0,748,-25063,-98260,-16992,-337192,-102702,1252,532072,-104044,-4248,470720
2021:Q4,-630305,-1007044,731694,-10900,-12512,-27644,12884,870230,38592,-4080,-12000,-122876,0,-354955,-630305,222556,-136088,-40,-3400,0,7728,0,932,-28683,-74356,14624,-258716,-377636,4960,670322,-104000,0,-568508
