date,Banks in U.S.-affiliated areas; consumption of fixed capital, nonresidential structures, equipment, and intellectual property products, current cost basis (gross saving),Banks in U.S.-affiliated areas; gross fixed investment, nonresidential structures, equipment, and intellectual property products,Banks in U.S.-affiliated areas; total financial assets,Banks in U.S.-affiliated areas; depository institution reserves; asset,Banks in U.S.-affiliated areas; debt securities; asset,Banks in U.S.-affiliated areas; Treasury securities; asset,Banks in U.S.-affiliated areas; agency- and GSE-backed securities; asset,Banks in U.S.-affiliated areas; municipal securities; asset,Banks in U.S.-affiliated areas; corporate and foreign bonds; asset,Banks in U.S.-affiliated areas; loans; asset,Banks in U.S.-affiliated areas; depository institution loans n.e.c.; asset,Banks in U.S.-affiliated areas; one-to-four-family residential mortgages; asset,Banks in U.S.-affiliated areas; commercial mortgages; asset,Banks in U.S.-affiliated areas; unidentified miscellaneous assets,Banks in U.S.-affiliated areas; total liabilities,Banks in U.S.-affiliated areas; net interbank transactions; liability,Banks in U.S.-affiliated areas; checkable deposits; liability,Banks in U.S.-affiliated areas; total time and savings deposits; liability,Banks in U.S.-affiliated areas; unidentified miscellaneous liabilities,Banks in U.S.-affiliated areas; sector discrepancy,Banks in U.S.-affiliated areas; uninsured checkable and time and savings deposits; liability
1945:Q4,ND,ND,ND,ND,ND,ND,ND,ND,ND,ND,ND,ND,ND,ND,ND,ND,ND,ND,ND,ND,ND
1946:Q1,ND,ND,ND,ND,ND,ND,ND,ND,ND,ND,ND,ND,ND,ND,ND,ND,ND,ND,ND,ND,ND
1946:Q2,ND,ND,ND,ND,ND,ND,ND,ND,ND,ND,ND,ND,ND,ND,ND,ND,ND,ND,ND,ND,ND
1946:Q3,ND,ND,ND,ND,ND,ND,ND,ND,ND,ND,ND,ND,ND,ND,ND,ND,ND,ND,ND,ND,ND
1946:Q4,0,0,5,0,-52,-65,0,-2,15,13,0,8,5,44,5,21,-16,0,0,0,ND
1947:Q1,ND,ND,ND,ND,ND,ND,ND,ND,ND,ND,ND,ND,ND,ND,ND,ND,ND,ND,ND,ND,ND
1947:Q2,ND,ND,ND,ND,ND,ND,ND,ND,ND,ND,ND,ND,ND,ND,ND,ND,ND,ND,ND,ND,ND
1947:Q3,ND,ND,ND,ND,ND,ND,ND,ND,ND,ND,ND,ND,ND,ND,ND,ND,ND,ND,ND,ND,ND
1947:Q4,0,0,-35,0,-105,-96,0,2,-11,17,0,11,6,53,-35,2,-37,0,0,0,ND
1948:Q1,ND,ND,ND,ND,ND,ND,ND,ND,ND,ND,ND,ND,ND,ND,ND,ND,ND,ND,ND,ND,ND
1948:Q2,ND,ND,ND,ND,ND,ND,ND,ND,ND,ND,ND,ND,ND,ND,ND,ND,ND,ND,ND,ND,ND
1948:Q3,ND,ND,ND,ND,ND,ND,ND,ND,ND,ND,ND,ND,ND,ND,ND,ND,ND,ND,ND,ND,ND
1948:Q4,0,0,-60,0,-60,-73,0,2,11,40,0,26,14,-40,-59,9,-69,0,1,1,ND
1949:Q1,ND,ND,ND,ND,ND,ND,ND,ND,ND,ND,ND,ND,ND,ND,ND,ND,ND,ND,ND,ND,ND
1949:Q2,ND,ND,ND,ND,ND,ND,ND,ND,ND,ND,ND,ND,ND,ND,ND,ND,ND,ND,ND,ND,ND
1949:Q3,ND,ND,ND,ND,ND,ND,ND,ND,ND,ND,ND,ND,ND,ND,ND,ND,ND,ND,ND,ND,ND
1949:Q4,0,0,-9,0,-32,-44,0,0,12,9,0,15,-6,14,-9,8,-17,0,0,0,ND
1950:Q1,ND,ND,ND,ND,ND,ND,ND,ND,ND,ND,ND,ND,ND,ND,ND,ND,ND,ND,ND,ND,ND
1950:Q2,ND,ND,ND,ND,ND,ND,ND,ND,ND,ND,ND,ND,ND,ND,ND,ND,ND,ND,ND,ND,ND
1950:Q3,ND,ND,ND,ND,ND,ND,ND,ND,ND,ND,ND,ND,ND,ND,ND,ND,ND,ND,ND,ND,ND
1950:Q4,0,1,52,0,-13,-27,0,20,-6,21,0,22,-1,44,41,5,47,0,-11,-12,ND
1951:Q1,ND,ND,ND,ND,ND,ND,ND,ND,ND,ND,ND,ND,ND,ND,ND,ND,ND,ND,ND,ND,ND
1951:Q2,ND,ND,ND,ND,ND,ND,ND,ND,ND,ND,ND,ND,ND,ND,ND,ND,ND,ND,ND,ND,ND
1951:Q3,ND,ND,ND,ND,ND,ND,ND,ND,ND,ND,ND,ND,ND,ND,ND,ND,ND,ND,ND,ND,ND
1951:Q4,0,0,-13,0,-44,-42,0,5,-7,28,0,25,3,3,-14,-37,24,0,-1,-1,ND
1952:Q1,0,0,6,0,1,0,0,1,0,3,0,2,1,2,6,-2,8,0,0,0,ND
1952:Q2,0,0,10,0,7,7,0,0,0,1,0,0,1,2,10,1,9,0,0,0,ND
1952:Q3,0,0,11,0,8,8,0,0,0,1,0,0,1,2,12,2,9,0,1,1,ND
1952:Q4,0,0,8,0,5,4,0,1,0,0,0,-1,1,3,8,3,5,0,0,0,ND
1953:Q1,0,0,2,0,2,0,0,1,1,1,0,0,1,-1,2,0,2,0,0,0,ND
1953:Q2,0,0,-2,0,0,-2,0,1,1,2,0,1,1,-4,-3,-1,-1,0,-1,-1,ND
1953:Q3,0,0,-1,0,-1,-3,0,1,1,1,0,1,0,-1,-1,-1,0,0,0,0,ND
1953:Q4,0,0,0,0,-1,-3,0,1,1,0,0,0,0,1,0,-1,1,0,0,0,ND
1954:Q1,0,0,7,0,3,2,0,1,0,0,0,0,0,4,7,0,7,0,0,0,ND
1954:Q2,0,0,11,0,7,5,0,2,0,0,0,0,0,4,10,1,10,0,-1,-1,ND
1954:Q3,0,0,13,0,7,5,0,2,0,0,0,0,0,6,14,1,12,0,1,1,ND
1954:Q4,0,0,14,0,0,2,0,1,-3,2,0,1,1,12,14,4,10,0,0,0,ND
1955:Q1,0,1,8,0,-1,-2,0,1,0,7,0,4,3,2,8,-1,9,0,0,0,ND
1955:Q2,0,1,6,0,-5,-6,0,0,1,11,0,7,4,0,7,-1,7,0,1,1,ND
1955:Q3,0,1,7,0,-5,-6,0,0,1,11,0,7,4,1,8,-2,9,0,1,1,ND
1955:Q4,0,1,10,0,-3,-4,0,0,1,9,0,6,3,4,10,-3,13,0,0,0,ND
1956:Q1,0,1,12,0,3,1,0,1,1,6,0,4,2,3,11,-4,16,0,-1,-1,ND
1956:Q2,0,1,14,0,7,5,0,1,1,4,0,3,1,3,15,-5,19,0,1,1,ND
1956:Q3,0,1,16,0,8,5,0,2,1,3,0,2,1,5,15,-6,22,0,-1,-1,ND
1956:Q4,0,1,20,0,7,4,0,2,1,5,0,2,3,8,20,-6,26,0,0,0,ND
1957:Q1,0,1,24,0,5,3,0,2,0,5,0,1,4,14,24,-7,31,0,0,0,ND
1957:Q2,0,1,28,0,3,2,0,2,-1,5,0,0,5,20,28,-8,36,0,0,0,ND
1957:Q3,0,1,29,0,3,2,0,2,-1,5,0,0,5,21,29,-8,37,0,0,0,ND
1957:Q4,0,1,29,0,1,3,0,2,-4,5,0,1,4,23,28,-5,34,0,-1,-1,ND
1958:Q1,0,1,28,0,8,5,0,2,1,10,0,6,4,10,27,-6,34,0,-1,-1,ND
1958:Q2,0,1,30,0,12,7,0,2,3,13,0,9,4,5,30,-6,36,0,0,0,ND
1958:Q3,0,1,27,0,11,6,0,2,3,13,0,9,4,3,27,-4,31,0,0,0,ND
1958:Q4,0,1,17,0,4,1,0,2,1,7,0,4,3,6,16,-1,18,0,-1,-1,ND
1959:Q1,0,1,6,0,-1,-1,0,0,0,2,0,1,1,5,6,3,3,0,0,0,ND
1959:Q2,0,1,-5,0,-7,-6,0,0,-1,-2,0,-2,0,4,-4,9,-14,0,1,1,ND
1959:Q3,0,1,-6,0,-7,-6,0,0,-1,-3,0,-3,0,4,-6,9,-15,0,0,0,ND
1959:Q4,0,1,5,0,-11,-6,0,-2,-3,-3,0,-3,0,19,4,8,-3,0,-1,-1,ND
1960:Q1,0,1,10,0,3,2,0,1,0,1,0,0,1,6,8,-1,11,0,-2,-2,ND
1960:Q2,0,1,15,0,7,6,0,1,0,2,0,1,1,6,13,-4,19,0,-2,-2,ND
1960:Q3,0,1,18,0,8,7,0,1,0,3,0,2,1,7,17,-6,24,0,-1,-1,ND
1960:Q4,0,1,17,0,1,5,0,0,-4,2,0,2,0,14,15,-6,23,0,-2,-2,ND
1961:Q1,0,1,20,0,4,3,0,1,0,5,0,3,2,11,18,-8,28,0,-2,-2,ND
1961:Q2,0,1,23,0,2,2,0,1,-1,5,0,3,2,16,22,-10,33,0,-1,-1,ND
1961:Q3,0,1,24,0,1,1,0,1,-1,7,0,5,2,16,23,-10,34,0,-1,-1,ND
1961:Q4,0,1,24,0,-4,0,0,0,-4,10,0,7,3,18,24,-8,32,0,0,0,ND
1962:Q1,0,1,25,0,2,2,0,0,0,15,0,10,5,8,23,-5,30,0,-2,-2,ND
1962:Q2,0,1,25,0,2,2,0,0,0,19,0,13,6,4,23,-3,28,0,-2,-2,ND
1962:Q3,0,1,28,0,3,3,0,0,0,19,0,13,6,6,27,-2,30,0,-1,-1,ND
1962:Q4,0,1,33,0,4,5,0,-1,0,15,0,11,4,14,33,-2,35,0,0,0,ND
1963:Q1,0,1,37,0,14,8,0,4,2,12,0,10,2,11,35,-3,40,0,-2,-2,ND
1963:Q2,0,1,43,0,23,12,0,7,4,9,0,9,0,11,42,-2,45,0,-1,-1,ND
1963:Q3,0,1,44,0,21,11,0,7,3,8,0,8,0,15,44,-2,46,0,0,0,ND
1963:Q4,0,1,38,0,9,5,0,3,1,13,0,9,4,16,38,-3,41,0,0,0,ND
1964:Q1,0,1,37,0,-1,0,0,1,-2,15,0,10,5,23,32,-3,40,0,-5,-5,ND
1964:Q2,0,1,36,0,-9,-4,0,0,-5,18,0,11,7,27,30,-3,39,0,-6,-6,ND
1964:Q3,0,1,34,0,-10,-5,0,0,-5,19,0,12,7,25,33,-3,37,0,-1,-1,ND
1964:Q4,0,1,30,0,-11,-4,0,-1,-6,18,0,13,5,23,27,-1,31,0,-3,-3,ND
1965:Q1,0,1,23,0,1,-1,0,2,0,18,0,16,2,4,20,0,23,0,-3,-4,ND
1965:Q2,0,1,15,0,4,0,0,2,2,19,0,19,0,-8,12,3,12,0,-3,-4,ND
1965:Q3,0,1,18,0,6,0,0,3,3,19,0,19,0,-7,16,2,16,0,-2,-3,ND
1965:Q4,0,1,38,0,7,0,0,5,2,17,0,15,2,14,34,2,36,0,-4,-5,ND
1966:Q1,0,1,50,0,15,4,0,7,4,16,0,11,5,19,49,-5,55,0,-1,-2,ND
1966:Q2,0,1,64,0,21,6,0,10,5,14,0,7,7,29,64,-9,73,0,0,-1,ND
1966:Q3,0,1,68,0,22,7,0,10,5,14,0,6,8,32,67,-10,78,0,-1,-2,ND
1966:Q4,0,1,62,0,15,5,0,7,3,15,0,9,6,32,60,-8,70,0,-2,-3,ND
1967:Q1,0,1,62,0,22,9,0,5,8,15,0,14,1,25,61,-11,73,0,-1,-2,ND
1967:Q2,0,1,65,0,22,11,0,3,8,16,0,18,-2,27,64,-13,78,0,-1,-2,ND
1967:Q3,1,1,62,0,22,11,0,2,9,16,0,18,-2,24,62,-14,76,0,0,-1,ND
1967:Q4,1,1,55,0,21,10,0,1,10,14,0,13,1,20,55,-12,67,0,0,-1,ND
1968:Q1,1,1,50,0,13,6,0,2,5,5,0,11,-6,32,51,-5,55,0,1,1,ND
1968:Q2,1,1,15,0,8,3,0,2,3,6,0,8,-2,1,16,-6,21,0,1,1,ND
1968:Q3,1,1,40,0,7,3,0,2,2,6,0,7,-1,27,40,-6,46,0,0,-1,ND
1968:Q4,1,1,124,0,34,4,0,29,1,6,0,9,-3,84,123,-6,130,0,-1,-2,ND
1969:Q1,1,2,228,0,15,6,0,8,1,31,0,8,23,182,199,-8,25,211,-29,-30,ND
1969:Q2,1,2,359,0,14,6,0,8,0,45,0,8,37,300,319,-9,40,328,-40,-41,ND
1969:Q3,1,2,336,0,15,7,0,8,0,49,0,8,41,272,333,-9,40,305,-3,-4,ND
1969:Q4,1,2,157,0,18,9,0,7,2,43,0,8,35,96,154,-9,26,140,-3,-4,ND
1970:Q1,1,1,154,0,11,7,0,6,-2,30,0,72,-42,113,150,-21,122,53,-4,-5,ND
1970:Q2,1,1,93,0,5,6,0,3,-4,23,0,15,8,65,89,-29,86,36,-4,-4,ND
1970:Q3,1,2,67,0,8,7,0,5,-4,21,0,15,6,38,62,-30,67,30,-5,-6,ND
1970:Q4,1,2,77,0,13,9,0,9,-5,24,0,18,6,40,73,-23,70,30,-4,-5,ND
1971:Q1,1,2,-64,0,86,30,0,56,0,26,0,21,5,-176,-73,-21,-30,-13,-9,-10,ND
1971:Q2,1,2,-71,0,38,25,0,13,0,54,0,74,-20,-163,-79,-35,-25,-11,-8,-9,ND
1971:Q3,1,2,305,0,45,69,0,-25,1,27,0,6,21,233,295,-64,258,111,-10,-11,ND
1971:Q4,1,2,212,0,10,37,0,-27,0,25,0,6,19,177,201,-7,154,65,-11,-12,ND
1972:Q1,1,2,-157,0,16,-39,0,54,1,2,0,4,-2,-175,-164,-47,-77,-33,-7,-8,ND
1972:Q2,1,2,-169,0,-3,-31,0,27,1,-23,0,15,-38,-143,-177,-62,-75,-32,-8,-9,ND
1972:Q3,1,2,288,0,137,140,0,-4,1,77,0,5,72,74,282,-53,239,102,-6,-7,ND
1972:Q4,1,2,335,0,128,135,0,-8,1,-47,0,-2,-45,254,329,-7,239,103,-6,-7,ND
1973:Q1,1,2,37,0,-77,-85,0,3,5,-4,0,-42,38,118,35,-5,29,13,-2,-3,ND
1973:Q2,1,2,-132,0,-77,-85,0,3,5,-5,0,-41,36,-50,-135,-6,-88,-38,-3,-4,ND
1973:Q3,1,3,171,0,75,48,0,27,0,60,0,48,12,36,157,-138,216,93,-14,-16,ND
1973:Q4,1,3,111,0,76,49,0,27,0,61,0,49,12,-26,98,-137,174,74,-13,-14,ND
1974:Q1,1,4,78,0,-34,-125,0,90,1,56,0,-17,73,56,77,119,-29,-12,-1,-3,ND
1974:Q2,1,4,76,0,67,-24,0,91,0,56,0,-18,74,-47,74,120,-30,-14,-2,-4,ND
1974:Q3,2,4,137,0,45,-21,0,66,0,234,0,88,146,-142,138,55,57,25,1,-1,ND
1974:Q4,2,4,-42,0,-89,-54,0,-35,0,130,0,1,129,-83,-40,-112,49,21,2,0,ND
1975:Q1,2,5,242,0,51,29,0,25,-3,25,0,-36,61,166,237,-8,175,75,-5,-8,ND
1975:Q2,2,5,246,0,35,20,0,12,3,30,0,15,15,181,239,-8,178,76,-7,-10,ND
1975:Q3,2,5,228,0,54,13,0,38,3,60,0,8,52,114,246,-47,192,83,18,16,ND
1975:Q4,3,5,232,0,49,9,0,37,3,61,0,7,54,122,249,-49,197,84,17,15,ND
1976:Q1,2,5,-1,0,120,-42,0,143,19,24,0,50,-26,-145,61,24,-18,-7,62,60,ND
1976:Q2,2,5,-20,0,80,-29,0,82,27,22,0,49,-27,-122,32,11,-21,-10,52,50,ND
1976:Q3,3,5,280,0,173,64,0,98,11,-4,0,16,-20,111,282,64,151,65,2,-1,ND
1976:Q4,3,5,275,0,217,84,0,121,12,-3,0,14,-17,61,276,56,153,66,1,-2,ND
1977:Q1,3,5,79,0,45,56,0,-61,50,2,0,36,-34,32,101,-156,-12,247,22,20,ND
1977:Q2,3,5,47,0,74,71,0,-58,61,2,0,36,-34,-29,65,-193,-60,300,18,16,ND
1977:Q3,3,5,100,0,56,39,0,18,-1,39,0,-51,90,5,50,-79,-66,245,-50,-53,ND
1977:Q4,3,5,99,0,58,42,0,19,-3,37,0,-33,70,4,29,-80,-35,214,-70,-73,ND
1978:Q1,3,6,290,0,118,-2,0,100,20,-107,0,53,-160,279,288,-80,-19,389,-2,-5,ND
1978:Q2,3,6,401,0,113,0,0,92,21,-110,0,66,-176,398,399,-82,-30,513,-2,-6,ND
1978:Q3,3,7,325,0,99,-35,0,64,70,14,0,14,0,212,309,-75,8,392,-16,-20,ND
1978:Q4,3,7,279,0,99,-36,0,64,71,15,0,15,0,165,262,-89,95,273,-17,-21,ND
1979:Q1,3,7,222,0,-184,-29,0,-159,4,16,0,15,1,390,215,-95,203,114,-7,-11,ND
1979:Q2,3,7,235,0,-147,-37,0,-116,6,20,0,15,5,362,228,-82,327,-10,-7,-11,ND
1979:Q3,4,8,398,0,122,55,0,16,51,21,0,15,6,255,390,-335,330,403,-8,-12,ND
1979:Q4,4,8,424,0,117,54,0,15,48,24,0,15,9,283,416,-351,211,564,-8,-12,ND
1980:Q1,4,9,501,0,86,21,0,-33,98,21,66,20,-65,394,493,-90,108,182,293,-13,ND
1980:Q2,4,9,703,0,172,29,0,-12,155,142,97,20,25,389,694,-90,21,98,665,-14,ND
1980:Q3,4,9,745,0,151,28,0,-17,140,167,116,20,31,427,736,-90,-8,141,693,-14,ND
1980:Q4,4,9,742,0,22,20,0,-53,55,170,121,20,29,550,735,-89,17,316,491,-12,ND
1981:Q1,4,9,952,0,-100,16,0,-80,-36,250,139,20,91,802,942,46,32,523,341,-15,ND
1981:Q2,4,10,1033,0,-217,17,0,-113,-121,280,117,20,143,970,1023,-21,32,759,253,-15,ND
1981:Q3,4,10,888,0,-249,8,0,-115,-142,340,189,20,131,797,877,-58,31,740,164,-17,ND
1981:Q4,5,10,514,0,-200,-11,0,-92,-97,430,355,20,55,284,504,-67,28,462,81,-16,ND
1982:Q1,5,10,47,0,-80,19,0,-31,-68,547,539,-32,40,-420,36,-99,41,193,-99,-17,ND
1982:Q2,5,10,-514,0,-23,22,0,7,-52,691,746,-63,8,-1182,-525,-146,69,-79,-369,-16,ND
1982:Q3,5,10,-471,0,4,28,0,19,-43,697,777,-70,-10,-1172,-482,-149,37,-100,-270,-16,ND
1982:Q4,5,10,174,0,-1,31,0,5,-37,565,638,-55,-18,-390,162,-106,-56,124,200,-17,ND
1983:Q1,5,8,480,0,10,46,0,1,-37,454,526,-15,-57,16,467,-70,-156,349,344,-17,ND
1983:Q2,5,8,1235,0,30,62,0,1,-33,364,458,10,-104,841,1221,-33,-265,562,957,-18,ND
1983:Q3,5,9,1170,0,36,59,0,1,-24,329,414,15,-100,805,1157,-33,-282,558,914,-17,ND
1983:Q4,5,9,394,0,24,33,0,-3,-6,353,402,25,-74,17,380,-64,-211,337,318,-18,ND
1984:Q1,5,9,124,0,17,15,0,1,1,347,357,25,-35,-240,109,-99,-160,133,235,-19,ND
1984:Q2,5,9,-631,0,4,-7,0,1,10,312,289,40,-17,-947,-646,-126,-140,-57,-323,-19,ND
1984:Q3,5,9,-721,0,15,-10,0,1,24,335,297,25,13,-1071,-736,-133,-103,-91,-409,-19,ND
1984:Q4,5,9,-45,0,47,2,0,0,45,413,383,35,-5,-505,-61,-117,-51,27,80,-20,ND
1985:Q1,5,10,160,0,86,17,0,16,53,522,487,36,-1,-448,144,-119,13,116,134,-21,ND
1985:Q2,5,10,695,0,118,21,0,-2,99,657,614,18,25,-80,678,-131,79,171,559,-22,ND
1985:Q3,5,10,747,0,134,29,0,-8,113,624,580,12,32,-11,730,-113,107,200,536,-22,ND
1985:Q4,5,10,320,0,133,42,0,-6,97,419,384,14,21,-232,303,-62,95,202,68,-22,ND
1986:Q1,6,11,-47,0,152,99,0,0,53,233,201,10,22,-432,-79,-29,102,239,-391,-37,ND
1986:Q2,6,11,-364,0,185,149,0,0,36,62,37,10,15,-611,-388,-4,127,303,-814,-29,ND
1986:Q3,6,11,-438,0,171,146,0,0,25,-6,-33,10,17,-603,-462,35,117,276,-890,-29,ND
1986:Q4,6,11,-281,0,111,91,0,0,20,25,-6,25,6,-417,-305,92,73,158,-628,-29,ND
1987:Q1,8,14,-207,0,54,30,0,0,24,29,-9,23,15,-290,-202,158,27,28,-415,-1,ND
1987:Q2,8,14,-216,0,-5,-32,0,-2,29,-8,-43,35,0,-203,-206,246,-21,-111,-320,4,ND
1987:Q3,8,14,-125,0,-19,-28,0,0,9,-4,-53,38,11,-102,-116,251,-26,-119,-222,3,ND
1987:Q4,9,14,69,0,4,41,0,2,-39,35,-37,46,26,30,74,180,11,3,-120,0,ND
1988:Q1,10,17,324,0,-55,-183,289,11,-172,173,65,50,58,206,312,166,44,74,28,-19,ND
1988:Q2,10,18,558,0,-113,124,35,19,-291,262,126,50,86,409,545,148,66,130,201,-21,ND
1988:Q3,10,18,651,0,-90,139,42,18,-289,288,135,50,103,453,635,134,80,171,250,-24,ND
1988:Q4,11,18,603,0,60,113,57,7,-117,249,90,50,109,294,584,126,88,196,174,-26,ND
1989:Q1,10,16,555,0,167,96,79,-1,-7,174,7,50,117,214,694,109,117,185,283,132,ND
1989:Q2,10,17,518,0,175,89,104,-10,-8,60,-118,50,128,283,495,97,169,138,91,-30,ND
1989:Q3,10,17,597,0,193,84,101,-11,19,161,-28,50,139,243,573,83,139,250,101,-31,ND
1989:Q4,11,17,796,0,173,81,70,-9,31,474,277,50,147,149,770,71,26,521,152,-32,ND
1990:Q1,8,12,1200,99,917,75,40,0,802,887,674,56,157,-703,1185,138,-92,898,241,-19,ND
1990:Q2,8,12,1499,-28,-725,68,13,5,-811,1400,1165,74,161,852,1486,-29,-216,1379,352,-17,ND
1990:Q3,8,12,1388,15,64,66,6,3,-11,1301,1068,54,179,8,1377,25,-235,1282,305,-15,ND
1990:Q4,9,12,656,12,84,69,19,-7,3,591,385,-3,209,-31,550,92,-155,607,6,-109,ND
1991:Q1,11,13,-110,-4,103,53,11,-17,56,-117,-307,31,159,-92,-76,146,-96,-61,-65,31,ND
1991:Q2,11,13,-845,19,121,17,-16,-30,150,-822,-1009,-45,232,-163,-804,252,-72,-727,-257,39,ND
1991:Q3,11,13,-1029,-37,111,55,15,-29,70,-928,-1088,-47,207,-175,-990,191,-31,-833,-317,37,ND
1991:Q4,11,13,-429,29,74,166,106,-19,-179,-439,-550,18,93,-93,-428,168,21,-382,-235,-1,ND
1992:Q1,12,16,713,17,511,277,213,-8,29,205,49,155,1,-20,683,99,96,-1,489,-34,ND
1992:Q2,12,17,833,35,837,388,333,0,116,244,66,268,-90,-283,803,135,180,299,189,-35,ND
1992:Q3,12,17,747,-50,770,425,337,-10,18,266,56,302,-92,-239,716,63,195,347,111,-36,ND
1992:Q4,12,18,775,0,659,388,223,-31,79,251,-11,256,6,-135,742,167,142,144,289,-39,ND
1993:Q1,18,16,598,-21,557,395,126,-52,88,205,-87,339,-47,-143,479,110,109,-25,285,-118,ND
1993:Q2,18,17,544,-2,419,447,46,-92,18,172,-178,352,-2,-45,424,148,97,-163,342,-119,ND
1993:Q3,19,17,472,30,382,395,16,-77,48,162,-175,302,35,-102,372,112,71,-179,368,-99,ND
1993:Q4,19,18,394,25,332,241,38,-25,78,187,-84,162,109,-150,309,-41,32,-75,393,-84,ND
1994:Q1,24,22,450,27,-133,-373,97,87,56,315,104,125,86,241,362,115,10,267,-30,-87,ND
1994:Q2,24,23,612,-41,100,-200,100,75,125,427,-37,19,445,126,624,-71,68,428,199,14,ND
1994:Q3,24,23,545,-5,-200,-200,100,100,-200,756,456,78,222,-6,464,-135,-36,328,307,-80,ND
1994:Q4,25,24,1621,26,341,145,171,122,-97,1735,1147,411,177,-481,1602,-351,66,528,1359,-18,ND
1995:Q1,24,22,177,-10,184,208,-2,-20,-2,409,279,68,62,-406,123,208,-381,442,-146,-52,ND
1995:Q2,24,23,1673,12,484,501,18,-42,7,813,554,503,-244,364,1607,-244,363,448,1040,-64,ND
1995:Q3,25,23,566,-17,-57,78,42,110,-287,508,443,11,54,132,518,297,-224,472,-27,-46,ND
1995:Q4,25,23,3435,75,871,-543,1196,17,201,987,523,368,96,1502,3192,-351,425,1065,2053,-241,ND
1996:Q1,26,30,238,-93,-357,-337,-28,33,-25,881,516,130,235,-193,213,101,-191,440,-137,-29,ND
1996:Q2,26,31,594,43,-156,208,-289,-12,-63,591,516,235,-160,116,537,-47,249,621,-286,-62,ND
1996:Q3,27,32,543,-51,-291,-603,476,-89,-75,458,329,309,-180,427,472,15,71,-446,832,-77,ND
1996:Q4,27,33,85,69,-480,-527,74,-71,44,72,75,-54,51,424,298,85,359,-298,152,208,ND
1997:Q1,28,38,1588,-76,1422,610,874,-62,0,95,85,-154,164,147,1539,-46,-85,-538,2208,-59,ND
1997:Q2,28,39,858,39,72,100,-72,5,39,381,387,-61,55,366,757,-13,174,-486,1082,-111,ND
1997:Q3,29,40,1463,19,935,496,400,-51,90,522,307,100,115,-13,1368,52,-288,588,1016,-107,ND
1997:Q4,29,41,1591,-13,-173,-1119,846,86,14,436,105,184,147,1341,1469,28,622,434,385,-133,ND
1998:Q1,31,47,1441,9,1054,348,685,66,-45,319,-48,285,82,59,1455,42,126,546,741,-2,ND
1998:Q2,32,48,1602,5,298,-225,558,-133,98,967,540,384,43,332,1337,-183,217,497,806,-281,ND
1998:Q3,32,48,1266,-26,75,-596,495,10,166,651,244,230,177,566,1262,108,81,613,460,-20,ND
1998:Q4,33,50,4845,31,2273,-189,2165,6,291,407,127,159,121,2134,4759,-580,779,284,4276,-103,ND
1999:Q1,31,45,-1109,-12,-443,-568,391,111,-377,-647,-508,-519,380,-7,-807,372,-658,-1215,694,289,ND
1999:Q2,32,46,2704,-19,941,18,1078,21,-176,1371,411,591,369,411,2683,330,520,554,1279,-35,ND
1999:Q3,33,47,1853,18,1039,-364,1509,-49,-57,615,87,267,261,181,1755,-374,-298,690,1737,-112,ND
1999:Q4,34,47,-39,-1,624,167,350,1,106,945,545,260,140,-1607,-75,-597,436,1602,-1516,-49,ND
2000:Q1,34,43,995,-5,-74,-310,210,121,-95,1412,947,360,105,-338,875,326,-344,199,694,-129,ND
2000:Q2,35,44,1790,41,278,-132,410,-10,10,1064,188,551,325,407,1690,-121,5,1242,564,-110,ND
2000:Q3,35,45,3431,-78,2013,-140,1815,10,328,1060,391,387,282,436,3290,584,-66,1136,1636,-151,ND
2000:Q4,35,45,-1623,47,1513,-420,1857,13,63,-568,-416,-259,107,-2615,-1888,-244,306,242,-2192,-275,ND
2001:Q1,37,48,-515,-77,-1652,-648,-1420,-339,755,741,127,-2032,2646,473,-802,-234,-16,-302,-250,-299,ND
2001:Q2,37,47,1778,17,-346,-121,83,-4,-304,1391,318,443,630,716,1655,161,351,2206,-1063,-133,ND
2001:Q3,37,47,1780,-28,904,378,337,-25,214,509,157,133,219,395,1453,-827,0,1232,1048,-337,ND
2001:Q4,38,45,12770,2,3316,-248,3473,142,-51,5157,3927,525,705,4295,12992,-249,2762,5974,4505,215,ND
2002:Q1,38,46,2678,38,1709,832,1038,-18,-143,-68,-271,23,180,999,2690,1125,-301,1121,745,4,654
2002:Q2,39,46,1762,-35,737,-885,1453,-5,174,486,140,432,-86,574,1635,-1078,2043,1662,-992,-134,264
2002:Q3,39,45,734,8,-2,-57,283,34,-262,994,46,531,417,-266,384,28,-1096,-104,1556,-356,-195
2002:Q4,40,44,-9866,23,1546,433,1167,-3,-51,-4090,-4261,494,-323,-7345,-10100,246,-1773,-6554,-2019,-239,623
2003:Q1,39,46,1263,-26,-1013,131,-875,38,-307,842,-187,910,119,1460,1050,-591,441,-343,1543,-220,-353
2003:Q2,40,47,2829,70,2841,351,1596,6,888,1027,206,541,280,-1109,2601,124,1172,46,1259,-235,-282
2003:Q3,40,48,4271,-58,3694,365,3319,95,-85,1163,-40,427,776,-528,4087,540,-672,1241,2978,-192,326
2003:Q4,41,49,80,37,621,143,665,-48,-139,1416,358,645,413,-1994,-229,-34,573,1594,-2362,-318,403
2004:Q1,41,50,3325,2,1522,316,974,46,186,1451,490,559,402,350,2914,-714,660,120,2848,-421,778
2004:Q2,41,52,3840,-22,2286,904,1608,25,-251,2338,554,1095,689,-762,4017,432,378,884,2323,166,235
2004:Q3,42,54,5149,18,745,-483,1788,-382,-178,1880,28,879,973,2506,4706,-335,134,1750,3157,-455,352
2004:Q4,43,55,2542,-5,1085,619,290,86,90,2607,719,856,1032,-1145,2804,-427,410,373,2448,249,182
2005:Q1,44,51,3451,152,591,198,591,13,-211,2414,235,4778,-2599,294,3349,37,7,2954,351,-109,523
2005:Q2,45,52,3127,-78,1255,-537,1566,4,222,2333,1698,-73,708,-383,2732,-256,818,2975,-805,-402,469
2005:Q3,45,54,1580,-16,-198,-162,199,-36,-199,1569,-360,189,1740,225,1668,504,-1200,2558,-194,80,74
2005:Q4,46,55,2235,93,-759,600,-1206,186,-339,2949,4054,-4145,3040,-48,2188,327,192,1342,327,-56,-723
2006:Q1,47,62,1811,-41,-93,99,-106,133,-219,1128,482,-541,1187,817,1953,306,323,1924,-600,128,193
2006:Q2,48,63,339,55,-1857,-308,-1216,109,-442,-197,-3365,2356,812,2338,505,122,-169,371,181,150,-342
2006:Q3,48,65,-3242,-94,-1385,-428,-1226,273,-4,570,1448,-1083,205,-2333,-3621,77,-863,-71,-2764,-396,-1460
2006:Q4,49,66,41,100,-2225,389,-3206,315,277,2349,1141,190,1018,-183,55,-352,1383,254,-1230,-4,557
2007:Q1,17,21,-1305,-111,-530,-540,0,39,-29,-1100,-925,-535,360,436,-1571,99,-883,126,-913,-270,-739
2007:Q2,17,21,2038,-19,-251,14,-130,-243,108,22,-1077,759,340,2286,2268,539,437,1615,-323,226,839
2007:Q3,18,22,-240,23,-1804,-950,-1427,252,321,1636,558,355,723,-95,-462,-741,-261,2439,-1899,-226,1473
2007:Q4,18,22,-941,-52,-1153,-377,-1111,638,-303,-3226,-2776,3707,-4157,3490,-7762,252,2411,-1981,-8444,-6826,-1446
2008:Q1,38,47,610,45,-841,-429,-604,-2,194,715,21,538,156,691,-301,-1,-416,-527,643,-921,10080
2008:Q2,38,48,2539,27,2021,-198,2094,177,-52,-275,-366,11,80,766,2280,-42,525,1296,501,-269,172
2008:Q3,39,48,-1059,30,-547,-15,-419,64,-177,135,-169,322,-18,-677,-1241,115,-284,2675,-3747,-191,293
2008:Q4,39,46,-3274,1639,-2696,-2,-3021,258,69,-450,-1165,508,207,-1767,-3007,1042,-911,-1279,-1859,260,-11143
2009:Q1,36,40,-2047,727,-1785,-343,-1580,456,-318,76,5,116,-45,-1065,-2758,-351,340,-2875,128,-715,13
2009:Q2,36,38,-1383,-692,1295,-79,682,-591,1283,-1040,-1104,-79,143,-946,-1356,325,636,-1322,-995,25,1
2009:Q3,36,37,-143,-534,221,-79,-1677,1110,867,1223,1103,12,108,-1053,5728,-50,178,-311,5911,5870,-3662
2009:Q4,36,38,-3204,1045,-1881,-193,-1320,-31,-337,-887,-314,-331,-242,-1481,-3098,-338,290,-1297,-1753,105,-9
2010:Q1,27,24,-3957,-540,-2652,408,-2101,-380,-579,-1698,-990,-369,-339,933,-3345,-226,164,-491,-2792,616,3503
2010:Q2,27,25,-4723,1014,-3799,380,-2205,-1097,-877,-7753,-2686,-1438,-3629,5815,-5220,-499,527,-9160,3912,-495,-1399
2010:Q3,27,25,-3647,474,-2660,-166,-3214,732,-12,-275,131,-359,-47,-1186,-3532,602,167,252,-4553,117,182
2010:Q4,27,25,-3013,-1512,-352,-56,-161,-185,50,-73,196,-329,60,-1076,-2422,418,-327,-949,-1564,593,-695
2011:Q1,26,23,-865,559,-285,1,-5869,297,5286,-999,-20,-1346,367,-140,-735,-223,555,159,-1226,134,1508
2011:Q2,27,23,-1117,203,-1390,524,-935,-335,-644,-1003,-83,-555,-365,1073,-1113,-87,983,-406,-1603,8,405
2011:Q3,27,25,3657,439,-1648,-652,-640,346,-702,127,677,-286,-264,4739,2827,-24,-117,-30,2998,-828,958
2011:Q4,27,25,-5366,-809,-192,96,-525,588,-351,514,476,-171,209,-4879,-4920,-499,1372,-452,-5341,448,-370
2012:Q1,28,26,-173,304,17,-401,310,-14,122,-690,39,-441,-288,196,-377,647,384,-988,-420,-203,-553
2012:Q2,28,27,2801,76,-859,456,-375,-664,-276,-445,71,-253,-263,4029,2982,-53,2679,1709,-1353,182,1296
2012:Q3,29,27,-2915,872,-844,-363,-853,-37,409,-66,515,-165,-416,-2877,-2738,131,-1728,-1708,567,179,-495
2012:Q4,29,28,0,-266,-1015,-495,-1361,266,575,3348,584,2883,-119,-2067,200,65,967,606,-1438,202,-98
2013:Q1,29,26,260,74,357,-32,-165,85,469,-509,49,-66,-492,338,443,249,196,578,-580,187,1109
2013:Q2,30,25,15,-32,-30,-105,-210,60,225,-538,314,-861,9,615,-614,-444,857,-407,-620,-624,1299
2013:Q3,30,25,2191,-279,550,199,-224,480,95,-1624,108,-9,-1723,3544,3013,-14,1418,2124,-515,827,1183
2013:Q4,30,26,408,62,724,528,-74,91,179,829,-47,-131,1007,-1207,-1178,331,337,-739,-1107,-1582,-348
2014:Q1,29,26,-2503,894,287,138,-116,-248,513,-604,-156,-549,101,-3080,-2379,139,-871,-1374,-273,127,-639
2014:Q2,30,26,2669,419,-1476,-490,10,-756,-240,-1290,-1085,-52,-153,5016,2831,37,1306,1417,71,165,364
2014:Q3,30,27,-3435,-477,-189,438,2,-144,-485,-1541,-708,-676,-157,-1228,-3562,145,-815,-926,-1966,-124,-136
2014:Q4,30,27,10852,83,-303,88,-63,50,-378,-586,-204,-158,-224,11658,10786,-50,5793,5112,-69,-63,2752
2015:Q1,30,35,-5801,391,-134,127,-265,-14,18,-4352,-1561,-1009,-1782,-1706,-5626,-8,-580,-3740,-1298,171,-413
2015:Q2,30,35,5958,528,680,386,361,-195,128,-849,-135,-198,-516,5599,5610,49,2799,2444,318,-353,1693
2015:Q3,30,35,-2292,-739,-21,344,-3,-284,-78,-640,-408,-190,-42,-892,-2435,8,-408,-1085,-950,-148,-162
2015:Q4,31,35,-1234,-367,587,217,11,-127,486,-241,-28,-226,13,-1213,-1247,-39,-350,-678,-180,-17,-344
2016:Q1,33,39,5280,639,-445,20,-320,-232,87,-763,-769,-158,164,5849,5673,-9,3368,2618,-304,387,2064
2016:Q2,34,40,-3291,156,504,307,-41,-52,290,-674,-302,-220,-152,-3277,-3073,27,-958,-1991,-151,212,-33
2016:Q3,34,40,-180,1429,-256,-152,-16,-123,35,-354,-232,-143,21,-999,-243,95,1050,-867,-521,-69,1620
2016:Q4,34,41,5288,-1368,1609,881,80,6,642,-372,-134,-176,-62,5419,4679,-149,2278,2755,-205,-616,597
2017:Q1,33,39,420,788,839,759,6,-54,128,-594,-240,-219,-135,-613,443,19,1161,-406,-331,16,1369
2017:Q2,33,40,649,1046,57,322,-165,-72,-28,-95,184,-168,-111,-359,701,82,1101,-861,379,45,681
2017:Q3,33,41,-7989,1215,-735,-381,56,-348,-62,-460,-542,-113,195,-8009,-8109,-465,-3814,-3598,-232,-127,-1136
2017:Q4,34,41,3067,86,1427,1202,95,-2,132,988,167,809,12,566,3002,490,1832,221,459,-73,211
2018:Q1,36,48,2702,1635,1489,1259,235,15,-20,-602,-63,-362,-177,180,2157,-99,1467,1110,-321,-557,1823
2018:Q2,37,49,3021,1345,689,484,267,-9,-53,-193,203,-270,-126,1180,2882,-211,2846,257,-10,-151,1591
2018:Q3,37,50,-2130,-3953,2732,2977,-184,-69,8,-311,103,-299,-115,-598,-2355,-42,-666,-1036,-611,-237,944
2018:Q4,38,50,-101,-763,165,579,-396,-18,0,-138,232,-267,-103,635,30,37,-129,53,69,119,-441
2019:Q1,40,66,-1312,539,992,892,62,34,4,723,1132,-305,-104,-3566,-671,52,116,-814,-25,615,383
2019:Q2,41,68,2395,-1530,7536,2847,40,-21,4670,1404,1677,-164,-109,-5015,2985,-145,2337,797,-4,564,2212
2019:Q3,42,68,4802,2227,1866,-642,-631,-76,3215,-1022,-462,-246,-314,1731,5133,-56,3401,1778,10,305,2735
2019:Q4,43,68,-2391,-2892,2786,2789,218,1,-222,2411,2679,-208,-60,-4696,-1809,-140,-1034,-391,-244,557,-1015
2020:Q1,43,65,770,3621,-871,-3304,-1070,24,3479,1907,2005,-164,66,-3887,2282,-339,834,1683,104,1490,720
2020:Q2,44,61,8967,5343,4023,3044,1993,-25,-989,2129,1646,373,110,-2528,9459,-32,7845,1198,448,475,5986
2020:Q3,44,63,3153,2634,749,-2338,3299,-157,-55,-1435,-1541,342,-236,1205,3823,462,2064,710,587,651,3500
2020:Q4,45,65,-646,-1305,2240,-1038,2849,-924,1353,-1697,-1546,-232,81,116,-981,184,263,-525,-903,-355,264
2021:Q1,45,67,11685,-179,4233,2306,1924,1,2,-1177,-699,-346,-132,8808,9711,-22,5775,4503,-545,-1996,3492
2021:Q2,47,69,6204,8684,-1982,-6,422,-1,-2397,-920,-352,-449,-119,422,7266,-26,6785,814,-307,1040,7229
2021:Q3,48,70,-8010,-801,5129,2936,70,-11,2134,-1393,-1340,-354,301,-10945,-8444,-7,-3416,-4963,-58,-456,-937
2021:Q4,50,71,-4270,-530,504,1304,-510,0,-290,-904,-499,-358,-47,-3340,-4536,66,-1859,-2538,-205,-287,-1353
