date,All domestic sectors; structures, equipment, and intellectual property products, current cost basis,All domestic sectors; gross fixed investment, structures, current cost basis,All domestic sectors; gross fixed investment, equipment, current cost basis,All domestic sectors; nonresidential intellectual property products, current cost basis,All domestic sectors; nonresidential software, current cost basis,All domestic sectors; nonresidential research and development, current cost basis,Private domestic sectors; nonresidential entertainment, literary, and artistic originals, current cost basis,Nonfinancial corporate business; miscellaneous adjustments, adjustment to gross investment in nonresidential structures, equipment, and intellectual property products,All domestic sectors; structures, equipment, and intellectual property products, current cost basis,Households and nonprofit organizations; structures, equipment, and intellectual property products, current cost basis (NIPA basis),Nonfinancial corporate business; structures, equipment, and intellectual property products, current cost basis (includes used car premium and REITs residential structures),Nonfinancial noncorporate business; structures, equipment, and intellectual property products, current cost basis (NIPA basis),Federal government; nonfinancial assets (does not include land),State and local governments; net fixed investment (NIPA basis),Domestic financial sectors; capital formation, net (IMA),Monetary authority; nonresidential structures, equipment, and intellectual property products, current cost basis,Private depository institutions; nonresidential structures, equipment, and intellectual property products, current cost basis,U.S.-chartered depository institutions; nonresidential structures, equipment, and intellectual property products, current cost basis,Foreign banking offices in the U.S.; nonresidential structures, equipment, and intellectual property products, current cost basis,Banks in U.S.-affiliated areas; nonresidential structures, equipment, and intellectual property products, current cost basis,Credit unions; nonresidential structures, equipment, and intellectual property products, current cost basis,Property-casualty insurance companies; nonresidential structures, equipment, and intellectual property products, current cost basis,Life insurance companies; nonresidential structures, equipment, and intellectual property products, current cost basis,Private pension funds; nonresidential structures, equipment, and intellectual property products, current cost basis,State and local government employee retirement funds; nonresidential structures, equipment, and intellectual property products, current cost basis,Government-sponsored enterprises; nonresidential structures, equipment, and intellectual property products, current cost basis,Issuers of asset-backed securities; consumer leases,Finance companies; nonresidential structures, equipment, and intellectual property products excluding securitized equipment, current cost basis,Real estate investment trusts; nonresidential structures, equipment, and intellectual property products, current cost basis,Security brokers and dealers; nonresidential structures, equipment, and intellectual property products, current cost basis,Holding companies; nonresidential structures, equipment, and intellectual property products, current cost basis,Eqtuity real estate investment trusts; residential structures, current cost basis,Households and nonprofit organizations; consumer durable goods, current cost basis
1945:Q4,ND,ND,ND,ND,ND,ND,ND,ND,ND,ND,ND,ND,ND,ND,ND,ND,ND,ND,ND,ND,ND,ND,ND,ND,ND,ND,ND,ND,ND,ND,ND,ND,ND
1946:Q1,ND,ND,ND,ND,ND,ND,ND,ND,ND,ND,ND,ND,ND,ND,ND,ND,ND,ND,ND,ND,ND,ND,ND,ND,ND,ND,ND,ND,ND,ND,ND,ND,ND
1946:Q2,ND,ND,ND,ND,ND,ND,ND,ND,ND,ND,ND,ND,ND,ND,ND,ND,ND,ND,ND,ND,ND,ND,ND,ND,ND,ND,ND,ND,ND,ND,ND,ND,ND
1946:Q3,ND,ND,ND,ND,ND,ND,ND,ND,ND,ND,ND,ND,ND,ND,ND,ND,ND,ND,ND,ND,ND,ND,ND,ND,ND,ND,ND,ND,ND,ND,ND,ND,ND
1946:Q4,6056,7742,-3193,1189,0,826,363,398,6056,5091,5600,1926,-6873,58,254,1,39,38,1,0,0,16,14,1,0,0,0,15,2,7,133,0,5135
1947:Q1,ND,ND,ND,ND,ND,ND,ND,ND,ND,ND,ND,ND,ND,ND,ND,ND,ND,ND,ND,ND,ND,ND,ND,ND,ND,ND,ND,ND,ND,ND,ND,ND,ND
1947:Q2,ND,ND,ND,ND,ND,ND,ND,ND,ND,ND,ND,ND,ND,ND,ND,ND,ND,ND,ND,ND,ND,ND,ND,ND,ND,ND,ND,ND,ND,ND,ND,ND,ND
1947:Q3,ND,ND,ND,ND,ND,ND,ND,ND,ND,ND,ND,ND,ND,ND,ND,ND,ND,ND,ND,ND,ND,ND,ND,ND,ND,ND,ND,ND,ND,ND,ND,ND,ND
1947:Q4,14246,12009,776,970,0,742,228,467,14246,8171,7811,3714,-6716,1015,251,1,57,57,0,0,0,18,15,-1,0,1,0,0,1,9,111,0,7784
1948:Q1,ND,ND,ND,ND,ND,ND,ND,ND,ND,ND,ND,ND,ND,ND,ND,ND,ND,ND,ND,ND,ND,ND,ND,ND,ND,ND,ND,ND,ND,ND,ND,ND,ND
1948:Q2,ND,ND,ND,ND,ND,ND,ND,ND,ND,ND,ND,ND,ND,ND,ND,ND,ND,ND,ND,ND,ND,ND,ND,ND,ND,ND,ND,ND,ND,ND,ND,ND,ND
1948:Q3,ND,ND,ND,ND,ND,ND,ND,ND,ND,ND,ND,ND,ND,ND,ND,ND,ND,ND,ND,ND,ND,ND,ND,ND,ND,ND,ND,ND,ND,ND,ND,ND,ND
1948:Q4,21844,17148,3524,966,0,819,147,186,21844,11071,7962,4551,-3957,1932,285,-1,53,52,0,0,1,19,16,0,0,0,0,-1,9,5,135,0,7588
1949:Q1,ND,ND,ND,ND,ND,ND,ND,ND,ND,ND,ND,ND,ND,ND,ND,ND,ND,ND,ND,ND,ND,ND,ND,ND,ND,ND,ND,ND,ND,ND,ND,ND,ND
1949:Q2,ND,ND,ND,ND,ND,ND,ND,ND,ND,ND,ND,ND,ND,ND,ND,ND,ND,ND,ND,ND,ND,ND,ND,ND,ND,ND,ND,ND,ND,ND,ND,ND,ND
1949:Q3,ND,ND,ND,ND,ND,ND,ND,ND,ND,ND,ND,ND,ND,ND,ND,ND,ND,ND,ND,ND,ND,ND,ND,ND,ND,ND,ND,ND,ND,ND,ND,ND,ND
1949:Q4,20823,17263,2624,875,0,640,235,66,20823,10112,5248,3563,-1600,3221,279,-1,62,60,1,0,1,22,17,0,0,0,0,1,4,12,108,0,8536
1950:Q1,ND,ND,ND,ND,ND,ND,ND,ND,ND,ND,ND,ND,ND,ND,ND,ND,ND,ND,ND,ND,ND,ND,ND,ND,ND,ND,ND,ND,ND,ND,ND,ND,ND
1950:Q2,ND,ND,ND,ND,ND,ND,ND,ND,ND,ND,ND,ND,ND,ND,ND,ND,ND,ND,ND,ND,ND,ND,ND,ND,ND,ND,ND,ND,ND,ND,ND,ND,ND
1950:Q3,ND,ND,ND,ND,ND,ND,ND,ND,ND,ND,ND,ND,ND,ND,ND,ND,ND,ND,ND,ND,ND,ND,ND,ND,ND,ND,ND,ND,ND,ND,ND,ND,ND
1950:Q4,28824,24054,3675,1035,0,829,206,34,28824,15388,6086,4614,-1348,3744,340,5,81,77,1,1,2,33,22,1,1,0,0,-2,16,19,106,0,11863
1951:Q1,ND,ND,ND,ND,ND,ND,ND,ND,ND,ND,ND,ND,ND,ND,ND,ND,ND,ND,ND,ND,ND,ND,ND,ND,ND,ND,ND,ND,ND,ND,ND,ND,ND
1951:Q2,ND,ND,ND,ND,ND,ND,ND,ND,ND,ND,ND,ND,ND,ND,ND,ND,ND,ND,ND,ND,ND,ND,ND,ND,ND,ND,ND,ND,ND,ND,ND,ND,ND
1951:Q3,ND,ND,ND,ND,ND,ND,ND,ND,ND,ND,ND,ND,ND,ND,ND,ND,ND,ND,ND,ND,ND,ND,ND,ND,ND,ND,ND,ND,ND,ND,ND,ND,ND
1951:Q4,34704,24529,9133,950,0,880,70,-11,34704,13406,8112,3169,5185,4417,415,5,59,57,1,0,1,26,16,1,1,0,0,83,14,1,138,0,7241
1952:Q1,9136,5856,2962,311,0,292,19,-14,9136,3178,2234,615,2199,831,79,1,5,5,0,0,0,4,4,0,0,0,0,27,2,-1,23,0,1562
1952:Q2,9700,6383,2950,360,0,330,30,-14,9700,3265,2381,577,2170,1227,80,1,5,5,0,0,0,5,4,0,0,0,0,27,2,-1,23,0,1466
1952:Q3,9150,6647,2089,408,0,369,40,-14,9150,3239,1879,310,2274,1393,56,1,-3,-3,0,0,0,2,2,0,0,0,0,24,1,-3,17,0,1062
1952:Q4,9789,6715,2603,465,0,417,48,-14,9789,3426,2283,544,2314,1150,72,1,2,2,0,0,0,4,3,0,0,0,0,26,1,-2,21,0,1914
1953:Q1,10050,6530,3021,477,0,422,54,-6,10050,3479,2516,654,2440,834,128,2,40,39,1,0,1,6,2,1,0,0,0,9,4,2,47,0,2525
1953:Q2,10687,7011,3137,517,0,453,64,-6,10687,3492,2530,698,2515,1323,129,2,41,39,1,0,1,5,2,1,0,0,0,9,4,2,48,0,2324
1953:Q3,10865,7102,3195,546,0,484,61,-6,10865,3363,2625,757,2405,1580,136,2,43,41,1,0,1,6,3,0,0,0,0,10,4,2,50,0,2117
1953:Q4,10041,6897,2561,561,0,503,58,-6,10041,3298,2475,713,2062,1365,128,2,39,37,1,0,1,5,2,0,0,0,0,9,4,2,49,0,1856
1954:Q1,9310,6537,2156,549,0,492,57,70,9310,3379,2327,496,1912,1071,127,1,30,28,1,0,1,7,4,0,0,0,0,10,4,1,54,0,1439
1954:Q2,9833,7308,1905,551,0,496,55,70,9833,3640,2219,537,1660,1656,122,1,28,27,1,0,1,6,4,0,0,0,0,10,4,1,53,0,1454
1954:Q3,10238,7954,1658,557,0,493,64,70,10238,3945,2235,673,1284,1976,125,1,29,28,1,0,1,7,4,0,0,0,0,11,4,1,53,0,1405
1954:Q4,10043,7884,1525,565,0,492,73,70,10043,4218,2113,773,1185,1631,123,1,28,27,1,0,1,7,4,0,0,0,0,10,4,1,52,0,1842
1955:Q1,9904,7874,1373,555,0,455,100,111,9904,4609,2125,827,941,1226,177,1,52,49,1,0,1,11,7,1,0,0,0,16,11,3,62,0,2251
1955:Q2,11169,8587,1872,607,0,499,109,111,11169,4724,2385,1079,935,1849,198,1,59,56,2,0,2,13,8,1,0,0,0,19,12,4,67,0,2682
1955:Q3,11739,8918,2050,669,0,559,110,111,11739,4640,2753,1182,816,2130,218,1,67,63,2,0,2,14,9,1,0,0,0,22,13,5,73,0,2967
1955:Q4,11423,8417,2140,763,0,658,105,111,11423,4397,3155,1077,784,1779,231,2,71,67,2,0,2,15,9,1,0,0,0,23,13,5,78,0,2560
1956:Q1,10764,7968,1867,843,0,756,88,86,10764,4244,3267,930,766,1350,207,2,31,29,1,0,1,16,13,1,0,0,0,14,10,0,106,0,1577
1956:Q2,11671,8816,1824,945,0,868,77,86,11671,4282,3503,776,861,2039,211,3,31,29,1,0,1,16,13,1,0,0,0,13,10,0,109,0,1501
1956:Q3,12348,9251,1987,1025,0,946,79,86,12348,4177,3746,701,1122,2384,219,3,33,31,1,0,1,17,13,1,0,0,0,14,11,0,113,0,1375
1956:Q4,11972,8755,2046,1084,0,997,87,86,11972,4069,3745,633,1327,1981,218,3,32,30,1,0,1,17,13,1,0,0,0,14,11,0,113,0,1619
1957:Q1,11350,8081,2159,1043,0,955,88,67,11350,3926,3793,698,1226,1506,201,4,55,51,1,0,2,14,11,1,0,0,0,12,7,1,82,0,2125
1957:Q2,11694,8646,1916,1066,0,967,99,67,11694,3806,3719,616,1072,2284,196,4,53,50,1,0,2,13,11,1,0,0,0,11,7,1,81,0,1874
1957:Q3,12441,9062,2235,1080,0,973,107,67,12441,3764,3811,693,1295,2678,200,4,55,51,1,0,2,13,11,1,0,0,0,11,7,1,82,0,1620
1957:Q4,11555,8498,1924,1068,0,969,99,67,11555,3711,3436,716,1269,2237,185,4,49,46,1,0,1,12,10,1,0,0,0,10,6,0,77,0,1461
1958:Q1,9640,7669,1010,1020,0,936,84,-59,9640,3388,2432,687,1244,1721,169,2,46,43,1,0,2,8,8,0,0,0,0,14,6,-3,72,0,455
1958:Q2,10005,8274,774,1014,0,925,89,-59,10005,3343,1978,695,1293,2551,146,2,38,36,1,0,1,6,6,0,0,0,0,11,5,-4,65,0,86
1958:Q3,10608,8995,639,1033,0,942,90,-59,10608,3613,1771,790,1381,2919,135,2,34,32,1,0,1,6,6,0,0,0,0,10,4,-4,61,0,277
1958:Q4,11228,9190,1019,1078,0,965,113,-59,11228,4094,1993,1024,1597,2375,147,2,38,36,1,0,1,7,7,0,0,0,0,12,5,-4,64,0,556
1959:Q1,11895,9113,1617,1062,2,932,129,103,11895,4720,2339,1053,1855,1770,158,2,42,40,1,0,1,15,13,1,0,0,0,17,11,-1,58,0,1645
1959:Q2,13404,10396,1809,1096,1,958,138,103,13404,4935,2550,1206,1912,2629,173,2,47,45,1,0,2,16,14,1,0,0,0,19,12,-1,63,0,1871
1959:Q3,14036,10715,2124,1094,3,962,129,103,14036,4836,2792,1230,2008,2981,190,2,53,50,1,0,2,18,15,1,0,0,0,21,12,0,68,0,1979
1959:Q4,12837,9623,2003,1109,7,986,115,103,12837,4648,2825,1092,1706,2376,191,2,53,50,1,0,2,19,16,1,0,0,0,21,12,0,68,0,1394
1960:Q1,12796,9376,2234,1070,17,998,55,118,12796,4898,3277,1005,1647,1754,216,2,65,61,2,0,2,13,12,1,0,0,0,18,8,3,95,0,1398
1960:Q2,13078,9703,2134,1125,31,1061,33,118,13078,4399,3373,957,1567,2549,233,2,64,60,2,0,2,14,13,1,0,0,0,19,8,4,98,0,1543
1960:Q3,13114,9860,1926,1212,39,1089,85,118,13114,4162,3135,898,1802,2891,227,2,58,54,2,0,2,14,13,1,0,0,0,17,8,4,96,0,1330
1960:Q4,12360,9490,1492,1261,44,1104,113,118,12360,4098,3015,927,1714,2387,220,2,51,47,1,0,2,12,12,1,0,0,0,16,8,3,98,0,977
1961:Q1,11915,8966,1608,1254,33,1084,138,86,11915,4012,2788,949,2108,1856,202,1,47,44,1,0,2,13,12,1,0,0,0,-6,9,4,108,0,363
1961:Q2,13040,9805,1805,1343,32,1141,170,86,13040,3998,2923,1066,2060,2786,207,1,53,50,1,0,2,13,13,1,0,0,0,-6,9,5,107,0,604
1961:Q3,13956,10467,2003,1400,33,1187,180,86,13956,4217,2936,1205,2182,3206,211,1,59,55,1,0,2,13,13,1,0,0,0,-6,9,5,107,0,832
1961:Q4,13993,10105,2370,1431,38,1228,166,86,13993,4360,3155,1369,2261,2616,231,1,74,70,2,0,2,14,14,1,0,0,0,-5,10,6,109,0,1247
1962:Q1,13683,9549,2724,1366,30,1212,124,46,13683,4427,3264,1476,2304,1959,253,1,88,83,2,0,3,11,11,1,0,1,0,11,8,7,106,0,1476
1962:Q2,15096,10936,2700,1418,33,1275,110,46,15096,4561,3479,1627,2277,2882,270,1,95,89,2,0,3,12,12,1,0,1,0,12,8,7,112,0,1712
1962:Q3,15766,11419,2832,1472,38,1330,104,46,15766,4500,3530,1681,2450,3337,269,1,88,82,2,0,3,12,12,1,0,1,0,12,9,8,115,0,1732
1962:Q4,14830,10641,2574,1571,49,1407,115,46,14830,4414,3408,1680,2299,2783,247,1,69,64,2,0,3,13,12,1,0,1,0,11,8,8,111,0,2073
1963:Q1,14053,9999,2308,1661,46,1488,127,84,14053,4553,3375,1764,1954,2189,218,0,76,72,2,0,2,8,7,1,0,0,0,-11,9,9,108,0,2130
1963:Q2,16092,11938,2261,1808,66,1592,151,84,16092,4910,3643,1979,2033,3306,221,0,65,61,2,0,3,10,9,1,0,0,0,-11,9,10,117,0,2319
1963:Q3,17252,12598,2636,1935,112,1677,147,84,17252,4922,3876,2072,2366,3779,238,0,74,70,2,0,2,11,10,1,0,0,0,-11,10,11,120,0,2362
1963:Q4,16688,11786,2853,1965,98,1725,142,84,16688,5124,4121,2214,1962,2990,276,0,102,97,2,0,3,12,11,1,0,0,0,-10,10,12,126,0,2456
1964:Q1,16534,11577,3001,1903,84,1727,92,51,16534,5404,4270,2347,2006,2177,330,0,85,79,2,0,4,29,24,1,0,1,0,25,12,17,125,0,2817
1964:Q2,17965,12951,3039,1923,82,1759,81,51,17965,5159,4487,2298,1996,3649,377,0,122,115,3,0,4,29,24,1,0,1,0,26,13,18,131,0,2995
1964:Q3,18837,13645,3190,1950,79,1784,87,51,18837,5087,4769,2292,2010,4266,414,0,149,142,3,0,4,30,24,1,0,1,0,28,13,18,136,0,3284
1964:Q4,17997,12641,3328,1975,75,1806,94,51,17997,5138,4975,2278,1902,3272,432,0,162,155,3,0,4,31,25,1,0,1,0,28,14,19,138,0,2660
1965:Q1,17798,11904,3804,2020,58,1835,127,69,17798,5256,5716,2381,1648,2333,465,1,158,152,3,1,4,34,29,2,0,1,0,43,20,24,144,0,3923
1965:Q2,19793,13948,3669,2109,82,1879,148,69,19793,5358,6151,2416,1593,3801,474,1,148,141,3,1,4,36,31,2,0,1,0,45,21,25,155,0,3686
1965:Q3,21408,14910,4220,2210,101,1938,171,69,21408,5397,6625,2451,1765,4693,478,1,135,128,3,1,4,39,33,1,0,1,0,47,22,27,161,0,3956
1965:Q4,21257,14474,4382,2333,121,2030,182,69,21257,5427,7240,2518,1679,3911,483,1,112,105,3,1,4,42,37,1,0,1,0,49,23,29,174,0,4361
1966:Q1,21300,13612,5060,2444,114,2119,212,182,21300,5452,7830,2583,2110,2847,478,1,156,149,3,1,4,32,25,2,0,1,0,46,21,19,164,0,5008
1966:Q2,22462,14546,5188,2545,137,2193,215,182,22462,5108,8143,2471,1963,4309,469,1,137,130,3,1,4,34,27,2,0,1,0,48,21,20,167,0,4144
1966:Q3,23306,14977,5521,2625,163,2255,207,182,23306,4812,8254,2331,2478,4968,463,1,124,118,2,1,4,35,27,2,0,1,0,47,21,20,170,0,4467
1966:Q4,21742,13126,5759,2674,188,2287,199,182,21742,4260,8184,2082,2489,4264,464,1,126,119,3,1,4,36,28,2,0,1,0,47,21,21,167,0,4234
1967:Q1,19860,11878,5165,2616,156,2281,179,201,19860,4082,7713,1868,2504,3233,458,2,60,54,3,1,4,42,32,2,0,1,0,97,24,25,160,0,3693
1967:Q2,21683,13967,4931,2584,151,2278,155,201,21683,4717,7523,1952,2180,4832,480,2,90,83,3,1,4,41,32,2,1,1,0,97,24,25,153,0,4307
1967:Q3,22760,15036,4936,2587,140,2279,168,201,22760,5010,7361,1982,2530,5365,512,2,131,124,3,1,3,39,30,1,0,1,0,95,23,24,149,0,4072
1967:Q4,22644,14773,5058,2611,142,2281,188,201,22644,5430,7655,2180,2268,4525,585,2,193,187,3,1,3,40,31,2,0,1,0,98,24,24,152,0,3931
1968:Q1,22013,14097,5108,2575,120,2269,187,235,22013,5448,8094,2340,1919,3531,683,2,140,130,4,1,5,41,32,3,1,1,0,208,26,41,175,3,4831
1968:Q2,23496,16042,4589,2632,131,2287,213,235,23496,5500,7744,2384,1860,5298,710,2,180,171,4,1,5,40,31,3,1,1,0,205,25,40,168,6,5004
1968:Q3,24202,16618,4704,2648,144,2293,210,235,24202,5494,7860,2517,1700,5891,741,2,206,197,4,1,5,40,32,2,0,1,0,208,25,41,167,7,5695
1968:Q4,24045,16276,4885,2651,157,2297,197,235,24045,5779,8362,2841,1485,4808,771,2,209,199,4,1,5,43,33,2,0,1,0,217,27,43,176,11,5339
1969:Q1,24343,15859,5695,2565,149,2248,168,232,24343,6075,8701,3171,1810,3825,762,2,279,269,4,1,6,42,31,3,1,1,0,112,30,48,197,16,5318
1969:Q2,25305,17480,5036,2565,189,2224,152,232,25305,5979,8777,3294,1176,5340,739,2,246,235,4,1,6,44,32,4,1,1,0,113,30,50,201,0,5049
1969:Q3,26130,18073,5316,2516,243,2177,97,232,26130,5867,9151,3441,1274,5656,741,2,218,207,4,1,6,47,34,3,0,1,0,117,32,53,214,3,4705
1969:Q4,23260,15969,4628,2439,291,2081,67,232,23260,5321,8944,3281,649,4352,714,2,189,178,4,1,6,47,35,3,0,1,0,116,32,55,214,6,4428
1970:Q1,22182,14847,4737,2188,281,1884,24,412,22182,5224,8668,3268,951,3380,691,3,149,141,3,1,5,54,41,3,1,2,0,96,33,65,226,0,3872
1970:Q2,22834,16044,4373,2009,303,1728,-23,412,22834,4950,8497,3177,766,4747,697,3,152,144,3,0,4,55,41,3,1,2,0,95,32,66,227,1,3964
1970:Q3,23595,17141,4190,1854,295,1613,-53,412,23595,5088,8305,3248,515,5715,725,3,188,180,3,1,4,54,41,3,1,2,0,95,33,65,223,8,3923
1970:Q4,22403,16982,3337,1674,263,1483,-72,412,22403,5770,7359,3403,595,4548,728,3,232,225,3,1,4,48,37,3,0,2,0,87,30,60,208,4,2502
1971:Q1,21551,16817,2679,1571,197,1422,-49,485,21551,6399,7390,3676,-271,3538,820,8,249,236,4,1,8,49,41,4,1,2,0,55,42,69,284,3,4536
1971:Q2,24538,19745,2767,1541,210,1390,-59,485,24538,7433,7562,4115,-355,4899,884,8,299,287,5,1,8,51,42,4,1,1,0,56,42,72,290,6,4741
1971:Q3,26097,21243,2822,1548,225,1373,-49,485,26097,8034,7528,4307,-80,5415,893,8,304,292,4,1,7,51,43,4,1,1,0,55,43,73,292,6,4946
1971:Q4,25965,21172,2679,1629,255,1401,-26,485,25965,8578,7896,4531,-559,4631,888,9,280,267,5,1,8,54,45,4,1,2,0,56,44,77,300,9,5639
1972:Q1,27270,21332,3749,1767,239,1487,42,428,27270,9466,8771,4976,-287,3475,870,5,256,245,4,1,7,37,32,4,0,2,0,35,66,74,343,12,5878
1972:Q2,29509,22853,4402,1832,251,1518,63,428,29509,9704,9085,5073,232,4566,849,5,225,213,4,1,7,37,32,4,0,2,0,36,67,75,348,23,6181
1972:Q3,29907,23770,3946,1770,259,1472,39,428,29907,9903,9234,5159,-558,5312,858,5,223,212,4,1,7,38,33,4,0,2,0,36,68,77,351,16,6570
1972:Q4,32032,24429,5427,1754,244,1504,6,428,32032,10780,10156,5699,-241,4675,963,6,291,279,5,1,7,40,34,4,0,2,0,41,71,80,369,23,7468
1973:Q1,33746,24430,7215,1861,247,1590,24,376,33746,11442,10933,6164,378,3718,1111,7,307,287,7,1,11,63,59,4,0,4,0,125,65,87,371,19,9240
1973:Q2,35333,25401,7880,1812,270,1549,-7,376,35333,11021,11812,6141,164,4928,1267,7,411,390,7,1,12,67,63,4,0,4,0,134,69,93,395,24,8507
1973:Q3,35401,26126,7317,1717,295,1464,-42,376,35401,10752,12168,5987,-520,5633,1381,7,497,476,8,2,13,69,65,5,0,4,0,136,71,95,409,3,7733
1973:Q4,33525,24501,7109,1673,325,1414,-66,376,33525,10141,12244,5531,-725,4870,1464,7,576,555,7,1,13,70,66,5,0,4,0,135,71,97,408,-5,6570
1974:Q1,31942,22552,7402,1662,307,1315,40,339,31942,9281,12343,4849,-199,4131,1538,8,540,512,9,2,17,83,79,2,0,6,0,197,41,84,481,19,5629
1974:Q2,33872,24417,7519,1609,314,1280,16,339,33872,8934,12622,4376,183,6127,1631,8,615,587,9,2,17,84,80,2,0,5,0,200,41,84,489,11,6050
1974:Q3,34085,24077,8186,1495,365,1152,-22,339,34085,8907,12714,3995,109,6648,1714,8,680,651,10,2,17,86,82,2,1,6,0,204,41,87,487,12,6521
1974:Q4,29909,20705,7512,1366,431,1013,-78,339,29909,7550,12088,3102,190,5241,1738,8,694,666,10,2,17,88,85,2,1,6,0,201,40,90,488,-13,3164
1975:Q1,24197,17475,4979,1409,488,987,-66,329,24197,7159,9858,2368,-53,3244,1621,12,631,597,13,3,19,119,114,1,0,5,0,177,4,81,454,4,3635
1975:Q2,25425,19616,4151,1324,465,949,-90,329,25425,7741,8726,2112,-308,5583,1571,12,637,604,12,3,18,112,109,1,0,4,0,169,1,74,424,9,4209
1975:Q3,29789,22914,5197,1344,416,995,-68,329,29789,8761,8656,2152,659,7973,1588,12,671,639,12,3,18,108,105,1,0,4,0,170,-1,69,415,-6,5887
1975:Q4,29991,22612,5536,1508,394,1111,4,329,29991,9609,8961,2228,811,6774,1608,12,697,664,12,3,18,105,103,1,0,4,0,171,-2,66,411,8,6854
1976:Q1,29592,21893,5339,1838,340,1314,184,511,29592,11066,9819,2563,715,3783,1647,11,772,733,17,3,20,98,98,1,1,2,0,178,-6,71,397,-6,7910
1976:Q2,33375,25320,5413,2120,386,1447,287,511,33375,11841,10372,2690,640,6189,1644,11,747,707,17,3,20,101,101,1,1,2,0,181,-7,74,402,-8,7805
1976:Q3,35677,26506,6354,2294,422,1498,375,511,35677,11698,11209,2677,909,7533,1651,12,717,676,18,3,21,105,105,0,0,2,0,187,-7,77,414,-5,8078
1976:Q4,36883,27068,6901,2393,454,1519,420,511,36883,14036,11898,3162,819,5343,1626,12,662,619,19,3,22,108,108,0,0,3,0,192,-7,81,422,1,8687
1977:Q1,37181,25387,8574,2539,377,1657,506,692,37181,15052,13461,3526,927,2562,1653,10,696,651,22,2,22,102,101,1,0,2,0,200,24,93,393,-25,9389
1977:Q2,44953,32480,9224,2568,342,1730,497,692,44953,17760,14538,4211,1147,5617,1681,10,686,638,23,3,22,104,103,1,0,2,0,210,26,94,412,-35,9761
1977:Q3,47896,34843,9755,2618,300,1830,488,692,47896,18117,15382,4441,1107,7102,1748,11,727,677,24,3,23,104,103,0,-1,3,0,218,27,94,423,-27,10156
1977:Q4,47591,33151,11130,2630,283,1913,434,692,47591,18164,16724,4784,754,5242,1923,12,848,795,25,3,25,107,106,0,-1,3,0,233,28,99,444,-24,10796
1978:Q1,45384,30736,10888,2849,364,2107,379,940,45384,18569,16784,5067,627,2262,2075,7,868,791,41,3,33,140,136,1,0,3,0,265,26,106,492,-13,9014
1978:Q2,57295,39540,13847,2996,433,2214,350,940,57295,20210,20523,6446,1136,6450,2531,9,1110,1020,48,4,38,163,158,1,0,3,0,306,34,124,588,-14,12248
1978:Q3,63544,44965,14403,3266,515,2367,384,940,63544,20626,22046,7350,1564,9174,2785,9,1253,1159,50,4,40,177,171,2,0,3,0,320,37,132,640,-14,11212
1978:Q4,64735,44701,15586,3537,607,2470,461,940,64735,20544,23546,8350,1747,7526,3023,10,1380,1282,53,4,41,191,184,1,0,3,0,337,40,142,688,-20,11340
1979:Q1,61058,39226,17017,4000,638,2663,700,823,61058,19513,24694,9269,1389,2984,3210,6,1182,1055,79,4,45,262,243,3,1,2,0,329,13,293,837,-14,10728
1979:Q2,65339,44269,16052,4203,715,2749,739,823,65339,19129,24494,9702,1575,7126,3313,6,1262,1136,77,4,45,268,249,3,1,2,0,321,12,297,848,-13,9182
1979:Q3,72349,49769,17417,4348,785,2861,702,823,72349,19142,26392,10233,2381,10543,3659,6,1479,1347,81,4,47,286,266,3,1,2,0,334,13,313,908,-13,9967
1979:Q4,69137,48038,15835,4450,865,3038,547,823,69137,18207,26461,9640,1805,9144,3881,6,1674,1545,80,4,46,294,274,3,1,2,0,324,11,318,924,-14,8460
1980:Q1,64201,42442,16102,4530,808,3156,566,1144,64201,16477,27526,8489,2523,4930,4257,13,1602,1410,129,5,58,291,266,4,1,2,0,391,25,398,1219,-14,7685
1980:Q2,56563,39205,11801,4428,862,3174,392,1144,56563,11372,24129,6012,2371,8564,4115,11,1642,1468,117,5,53,275,252,3,1,2,0,342,18,378,1143,-15,1409
1980:Q3,60173,42895,11656,4494,944,3294,256,1144,60173,12203,24263,6310,2424,10682,4292,12,1774,1597,119,5,54,281,258,4,1,2,0,344,18,389,1161,-15,3496
1980:Q4,63012,44965,12175,4744,1026,3523,195,1144,63012,14630,25187,7691,2538,8462,4504,12,1871,1689,122,5,55,295,271,4,1,2,0,353,18,405,1220,-14,5119
1981:Q1,61046,41247,13147,5324,954,3654,717,1338,61046,14076,26411,8815,2611,4450,4683,19,1817,1626,129,5,56,323,291,4,1,2,0,306,15,467,1388,-11,6575
1981:Q2,66005,45347,13728,5604,991,3758,855,1338,66005,13398,27661,9470,3221,7362,4893,19,1884,1688,133,5,58,340,307,5,1,2,0,315,15,484,1471,-11,4576
1981:Q3,68291,46471,14631,5862,1079,3968,815,1338,68291,11663,28986,9337,3444,9715,5147,20,2003,1799,138,6,60,356,321,5,1,2,0,326,15,504,1542,-10,6101
1981:Q4,66189,45124,13445,6293,1220,4090,984,1338,66189,9756,30909,8778,3626,7612,5509,21,2162,1955,141,6,61,383,345,6,2,2,0,328,15,524,1670,-10,1683
1982:Q1,55967,37633,10314,6018,1186,3993,839,1984,55967,9045,28450,7177,3007,2855,5433,23,1709,1500,139,6,65,413,370,7,1,5,0,276,48,684,1857,-9,3885
1982:Q2,55188,38811,8306,6070,1221,4082,767,1984,55188,8749,25248,5672,3815,6429,5275,21,1791,1599,128,5,60,388,348,6,1,4,0,231,40,655,1744,-7,3903
1982:Q3,53516,38990,6295,6230,1176,4296,758,1984,53516,8894,22161,4423,3631,9274,5133,19,1936,1759,118,5,55,357,320,6,1,3,0,191,33,622,1595,-7,3970
1982:Q4,51257,37422,5492,6340,1103,4450,788,1984,51257,10698,20168,3909,4118,7242,5121,18,2147,1983,109,5,51,332,298,5,1,3,0,157,26,589,1489,-11,6408
1983:Q1,49611,36546,4882,6078,1027,4327,724,1974,49611,14724,18161,4087,4640,2900,5098,10,1192,1052,91,4,46,373,334,9,2,22,0,782,53,809,1476,-14,8078
1983:Q2,57457,41487,7245,6620,1250,4541,829,1974,57457,17928,18478,4647,4839,6259,5306,10,1425,1284,91,4,47,368,329,8,1,22,0,807,51,833,1408,-17,12085
1983:Q3,69502,49768,10186,7442,1573,4908,961,1974,69502,21125,21266,5777,5564,9982,5789,11,1677,1528,97,4,49,390,349,8,1,24,0,859,55,893,1472,-18,14263
1983:Q4,75239,49002,15646,8486,1801,5583,1102,1974,75239,22899,25747,7002,6169,6973,6449,13,1978,1810,109,4,56,422,378,8,1,26,0,956,61,972,1577,-16,17191
1984:Q1,75934,49049,16777,8326,1596,5568,1163,1697,75934,23955,27791,7858,5975,3639,6716,8,1643,1477,106,4,57,468,418,13,3,40,0,1227,72,1060,1745,-7,19278
1984:Q2,86985,56828,19192,9184,1812,6117,1255,1697,86985,24766,31447,9033,6392,8086,7262,8,1833,1654,114,4,61,501,448,14,3,43,0,1303,79,1128,1873,0,20543
1984:Q3,93088,61758,19785,9763,2080,6399,1285,1697,93088,24387,33366,9739,5753,12203,7641,9,1988,1804,117,4,63,522,466,14,3,44,0,1342,82,1179,1946,1,19319
1984:Q4,93464,59211,22399,10072,2345,6473,1254,1697,93464,24417,34332,10497,6892,9363,7963,9,2154,1968,119,4,63,535,477,15,3,45,0,1375,83,1221,1978,-3,20930
1985:Q1,89711,56596,21338,10394,2118,7245,1031,1350,89711,24230,34055,11094,7278,4868,8187,21,1808,1587,141,5,75,734,651,20,3,62,0,1364,57,1344,2072,-1,22547
1985:Q2,97576,62657,22691,10845,2233,7580,1032,1350,97576,24245,34100,11529,8527,10693,8483,21,2092,1873,140,5,75,734,651,19,3,62,0,1376,55,1353,2057,1,22264
1985:Q3,100906,66704,21738,11081,2169,7837,1075,1350,100906,24760,31724,11358,10149,14471,8445,20,2365,2158,132,5,70,705,626,19,3,59,0,1310,48,1298,1949,4,26347
1985:Q4,99371,64265,22398,11325,2245,7884,1196,1350,99371,25879,32724,11670,9604,10559,8935,20,2827,2619,133,5,71,714,633,19,3,60,0,1326,47,1314,1965,29,22120
1986:Q1,93300,61091,18373,10890,1970,7637,1283,2985,93300,27704,30639,11294,8240,6452,8971,23,1973,1749,142,5,77,773,686,23,4,77,0,1726,122,1673,1993,1,22557
1986:Q2,98957,65547,19558,10906,2063,7405,1438,2985,98957,30353,27673,11188,8913,12005,8825,21,2232,2022,133,5,73,714,634,21,4,73,0,1706,110,1594,1790,-29,24958
1986:Q3,103718,69250,20596,10925,2047,7382,1497,2985,103718,31420,25518,10998,10872,16125,8785,20,2354,2155,126,5,69,683,606,20,4,71,0,1658,103,1540,1676,-34,32290
1986:Q4,99393,65067,20310,11069,2110,7464,1496,2985,99393,32167,25200,11230,10273,11483,9039,19,2395,2198,125,5,68,683,606,20,4,70,0,1658,102,1543,1660,143,28870
1987:Q1,89175,59684,17121,10569,1893,7390,1286,1792,89175,32531,20789,10803,9567,6887,8598,22,1862,1661,124,6,72,679,612,22,5,44,0,1345,133,1681,1631,-52,22221
1987:Q2,97382,66238,18564,10778,2093,7488,1197,1792,97382,33344,21162,11072,10905,12249,8650,22,1907,1705,125,6,73,688,620,22,5,45,0,1362,135,1715,1642,-31,25461
1987:Q3,103849,71771,19345,10932,2300,7499,1133,1792,103849,33614,22819,11165,11296,16369,8587,23,2156,1949,127,6,74,715,645,23,5,46,0,1383,139,1773,1703,-3,28774
1987:Q4,98876,69281,16596,11196,2501,7570,1126,1792,98876,34231,22770,10718,10568,12719,7870,22,2513,2316,121,5,71,717,647,24,5,44,0,1315,139,1771,1681,83,24443
1988:Q1,89772,59895,17531,10394,2231,6957,1207,1966,89772,34108,20367,10858,7545,7289,9605,16,3306,3048,159,7,92,707,658,22,6,38,0,1456,135,1622,1640,-47,27425
1988:Q2,99516,68842,18283,10438,2419,7002,1018,1966,99516,34856,23202,11140,7477,13974,8867,16,2400,2136,162,8,94,727,677,23,6,39,0,1490,138,1667,1684,-33,26698
1988:Q3,102106,71514,18043,10597,2685,6992,920,1966,102106,34765,23638,10773,6952,17520,8457,16,2054,1795,159,8,92,721,672,23,7,38,0,1478,135,1669,1647,-32,24106
1988:Q4,100991,68327,19422,11290,2978,7016,1296,1966,100991,35238,25151,10659,7100,13960,8883,16,2398,2137,160,7,93,729,681,23,7,38,0,1504,135,1703,1651,14,25822
1989:Q1,95164,62027,19724,10870,2950,6760,1159,2540,95164,34855,25817,10900,6143,8281,9169,20,1982,1713,165,7,98,925,862,24,6,39,0,1946,157,1524,1685,-46,24685
1989:Q2,100851,66503,20450,11355,3467,6669,1219,2540,100851,33283,25874,10410,6181,14643,10460,20,3172,2902,165,7,99,936,872,24,7,39,0,1984,157,1565,1685,-47,24513
1989:Q3,108603,71474,22579,12005,4025,6664,1316,2540,108603,33058,28903,10336,6690,18946,10670,21,3047,2767,171,7,102,982,913,25,7,41,0,2049,164,1651,1771,-13,25973
1989:Q4,99565,66460,17927,12634,4427,6831,1377,2540,99565,31514,29045,8829,5335,15576,9266,20,1923,1663,159,6,95,964,899,25,7,38,0,1929,158,1611,1692,-14,21172
1990:Q1,97269,63640,19978,11920,3725,6920,1275,1724,97269,32185,31448,7667,6221,10403,9345,21,2651,2490,99,4,58,1073,1014,21,9,30,0,1738,324,1037,1429,-11,26210
1990:Q2,97652,67207,16443,12271,3773,7185,1313,1724,97652,30020,30242,5826,6775,16573,8216,19,1889,1744,90,4,52,1045,990,21,9,28,90,1503,316,969,1338,-11,20213
1990:Q3,98433,67345,17438,11918,3346,7181,1392,1724,98433,27561,31362,4498,6206,20784,8022,19,1786,1642,89,4,52,1036,982,20,9,28,88,1504,316,930,1305,-12,17827
1990:Q4,87387,58100,15553,12002,3689,6883,1430,1724,87387,24751,29295,2934,5510,17763,7135,18,1204,1071,82,3,48,996,948,19,8,25,94,1439,298,893,1193,-13,13699
1991:Q1,71756,47142,11402,10740,3022,6518,1200,2466,71756,22438,27232,1473,4266,10306,6040,24,1302,1205,60,3,34,894,914,15,8,18,107,791,296,737,934,-22,10257
1991:Q2,78723,54643,10177,11431,3047,7138,1246,2466,78723,24141,25620,1167,5504,16826,5464,23,998,911,54,3,31,862,892,14,8,16,352,480,283,691,847,-23,9676
1991:Q3,81056,57608,9811,11167,2936,6893,1338,2466,81056,26079,23408,456,3923,21795,5396,22,1226,1148,49,2,28,818,854,13,7,15,188,622,258,645,729,4,11009
1991:Q4,74905,53380,7187,11866,3100,7364,1402,2466,74905,27077,23088,-279,3010,17527,4483,21,468,397,44,2,25,797,840,13,7,14,-150,933,247,625,670,-32,8421
1992:Q1,70570,50182,6459,10548,2924,6274,1351,3369,70570,29855,22548,-837,3109,11746,4149,28,1405,1242,103,4,56,966,994,12,10,3,-162,286,342,-577,845,-53,12689
1992:Q2,83706,58626,11007,10692,3022,6228,1442,3369,83706,32281,26301,-764,3550,17384,4954,30,1902,1719,115,5,63,1013,1038,12,10,5,145,84,346,-554,925,-83,13028
1992:Q3,89038,62349,12721,10589,3229,5896,1464,3369,89038,32224,28057,-510,3289,21192,4785,31,1583,1391,121,5,66,1044,1064,12,10,6,-274,539,352,-550,969,-61,14542
1992:Q4,89238,60514,14385,10959,3559,5845,1555,3369,89238,34193,30463,498,3177,15309,5598,33,2123,1917,129,6,71,1096,1112,13,11,7,169,161,362,-534,1048,2353,16146
1993:Q1,80740,52701,16604,9807,2998,5217,1592,1671,80740,33732,30467,1607,1615,7990,5328,105,-379,-338,-26,-2,-14,642,690,13,14,56,-87,2568,294,918,497,313,14585
1993:Q2,91300,60861,19015,9796,3087,5070,1639,1671,91300,34390,30647,2632,1278,15726,6628,108,707,742,-22,-1,-12,661,707,13,14,59,-35,2643,292,950,511,203,18544
1993:Q3,98762,69960,17772,9401,3187,4542,1673,1671,98762,36860,30841,3214,397,21834,5616,109,-319,-280,-24,-2,-13,666,708,13,14,59,-270,2888,294,951,506,1735,19071
1993:Q4,103594,69996,22813,9156,3128,4304,1724,1671,103594,40120,35191,4127,362,17392,6403,116,-55,-32,-14,-1,-8,717,754,14,15,64,405,2430,311,1035,598,1658,21566
1994:Q1,95457,61547,23288,8515,2785,3984,1746,2113,95457,41795,35696,3651,-1815,9021,7109,121,537,580,-28,-2,-15,1011,997,12,9,58,-268,3615,267,378,373,1655,21451
1994:Q2,107101,72976,23429,8590,2755,4019,1817,2113,107101,44289,36885,4180,-1524,16501,6769,122,67,111,-28,-2,-15,1043,1026,13,9,58,26,3331,283,387,405,2008,22482
1994:Q3,115446,78607,25677,9057,2789,4362,1906,2113,115446,42914,38598,4414,-215,23123,6613,125,-227,-182,-28,-2,-15,1056,1042,13,10,60,108,3341,283,396,405,2114,23207
1994:Q4,113262,72972,29077,9107,2620,4459,2028,2113,113262,41317,43455,5358,-1416,17395,7152,134,-214,-185,-18,-1,-10,1114,1095,14,10,64,417,3301,296,449,474,213,26519
1995:Q1,110812,65991,34651,8916,2287,4491,2138,1261,110812,38997,49280,6828,-818,9981,6545,244,136,194,-36,-2,-20,996,956,15,10,39,-142,2938,409,381,564,106,22621
1995:Q2,116394,72598,33041,9501,2415,4763,2322,1261,116394,36082,49594,7120,-1033,18565,6066,245,-359,-298,-39,-2,-21,1004,966,15,11,38,437,2330,422,379,580,682,22037
1995:Q3,123511,81206,30647,10403,2728,5187,2488,1261,123511,38044,48996,7747,-1661,24245,6141,245,-280,-212,-42,-2,-24,1011,976,16,11,38,148,2591,427,376,584,237,24379
1995:Q4,120906,76783,31971,10898,2970,5431,2497,1261,120906,39539,50351,7822,-2308,19063,6440,251,-235,-172,-40,-2,-22,1050,1013,16,11,40,862,1994,427,399,611,371,25497
1996:Q1,120516,71999,36413,11700,2895,6164,2641,393,120516,41972,52437,7686,160,10848,7413,224,682,571,68,4,39,306,350,14,10,61,-137,4330,419,447,710,424,25942
1996:Q2,135630,85805,36603,12819,3338,6644,2837,393,135630,45798,54284,7966,-527,19702,8407,231,1307,1182,77,5,44,342,385,14,10,63,4242,114,433,483,785,700,27964
1996:Q3,146789,92974,39559,13854,3821,7073,2960,393,146789,46631,58023,8174,-1274,25971,9263,243,1579,1432,90,6,52,393,435,15,10,67,-127,4772,450,538,889,883,27703
1996:Q4,142974,89691,37979,14901,4654,7473,2775,393,142974,46022,60859,8507,-2226,21109,8703,251,592,430,100,6,57,444,483,16,11,70,1304,3451,483,583,1015,1157,28616
1997:Q1,135995,81203,37258,16016,5521,7793,2703,1574,135995,46692,62445,9100,-3965,12903,8820,243,2006,1729,169,10,98,483,493,16,11,42,-359,3859,614,650,763,1878,31530
1997:Q2,149216,90925,39942,16831,6221,7862,2749,1574,149216,48023,64436,9672,-2767,21501,8352,251,1237,950,175,10,102,511,520,16,11,44,832,2832,617,676,806,1975,27820
1997:Q3,167482,101803,46308,17854,6947,8192,2716,1574,167482,49892,70273,10702,-1637,28664,9588,270,1637,1309,201,12,117,593,595,17,11,48,802,3225,660,762,968,2550,33133
1997:Q4,159260,96471,42756,18515,7832,7833,2850,1574,159260,51698,66713,10347,-2214,22549,10168,266,2348,2029,195,11,113,590,590,17,12,47,830,3080,668,751,969,3749,35097
1998:Q1,155641,88165,47269,17975,6625,8316,3033,2235,155641,54512,68275,10462,-3411,13984,11820,229,994,564,258,16,156,999,861,20,13,50,-316,5709,828,1370,1064,2856,34529
1998:Q2,175308,105668,48383,19024,7314,8786,2924,2235,175308,58419,69854,11466,-2111,23647,14033,238,2784,2334,271,16,163,1048,904,22,14,52,357,5141,881,1432,1161,2392,40471
1998:Q3,188513,117239,48419,20623,8271,9478,2875,2235,188513,61385,70963,11586,-520,31823,13277,238,2059,1616,267,16,161,1057,911,22,14,52,3279,2168,883,1437,1159,2965,42504
1998:Q4,187755,112421,51091,22011,9288,9783,2940,2235,187755,63824,72438,12698,-1690,24709,15776,244,4131,3673,275,17,166,1105,949,22,14,54,-1513,7184,892,1487,1208,1598,50104
1999:Q1,182411,104253,54772,20242,7584,9746,2913,3116,182411,63789,75473,13750,-2772,16832,15342,353,3172,2765,242,14,151,1114,884,19,14,40,-607,6933,868,1595,957,1135,48163
1999:Q2,199232,115685,56932,23472,10132,10586,2754,3116,199232,65157,78795,14695,-623,26034,15175,358,2663,2251,245,14,153,1172,927,18,14,41,-720,7188,866,1646,1003,-1451,54607
1999:Q3,211006,123460,58702,25699,11505,11363,2832,3116,211006,65512,81609,15416,-405,33870,15005,363,2252,1838,246,14,154,1212,957,18,14,42,-778,7347,870,1685,1026,128,55988
1999:Q4,203136,119181,54013,26798,11823,12030,2945,3116,203136,65808,79699,15776,507,28313,13034,355,825,442,228,13,142,1172,924,18,14,41,-813,7038,871,1643,949,429,54645
2000:Q1,200874,113136,57569,25325,9518,12598,3210,4905,200874,67289,85155,16928,-2332,20470,13365,121,2723,2429,173,9,112,1039,856,14,16,39,-897,6276,840,2041,297,494,68083
2000:Q2,217429,125387,61058,26141,10178,12609,3354,4905,217429,67537,91892,17472,-1103,29076,12556,129,1360,1043,187,10,120,1095,893,15,17,41,-967,6596,888,2133,357,192,60505
2000:Q3,224459,133969,58815,26830,9917,13645,3269,4905,224459,66978,93502,17216,-1713,36362,12114,131,957,639,188,10,121,1084,892,16,18,41,-704,6260,924,2145,350,542,59758
2000:Q4,218724,128556,56828,28495,10910,14401,3185,4905,218724,68209,93402,16412,-584,28960,12326,130,1222,905,187,10,121,1101,907,16,18,41,-606,6034,934,2158,372,1008,58339
2001:Q1,198741,115526,51645,25822,9005,13985,2833,5658,198741,68804,84310,15298,-2060,20615,11774,9,1850,1483,213,12,144,1216,841,15,14,35,45,4645,944,2023,137,-87,57543
2001:Q2,203703,133972,40418,23567,7446,13694,2427,5658,203703,70300,74451,14394,163,34165,10231,-1,1622,1307,182,10,123,1075,734,15,14,31,1017,2932,941,1876,-26,-407,53284
2001:Q3,200321,140631,32691,21253,6008,12957,2288,5658,200321,71515,68611,14047,-139,37413,8875,-5,980,687,169,10,115,995,672,15,14,30,-606,4132,954,1799,-104,-821,52415
2001:Q4,182735,127827,30242,18919,4244,12372,2303,5658,182735,71141,56569,13335,1431,32493,7766,-18,875,652,129,7,87,851,558,13,12,25,-194,3482,846,1621,-305,3803,67435
2002:Q1,134199,90232,19653,18052,3743,11777,2531,6245,134199,74888,46357,-17939,753,23134,7006,-89,145,-115,146,8,105,675,232,4,4,42,-343,4548,409,760,619,1193,61025
2002:Q2,189951,136874,28516,18298,3660,11933,2705,6245,189951,78091,39547,27151,3876,33728,7557,-94,1225,1001,126,7,91,623,190,4,4,39,-293,4271,368,687,535,558,59280
2002:Q3,195909,147938,23057,18651,4039,11679,2933,6245,195909,78108,35396,27795,5315,42014,7281,-98,1363,1169,109,6,79,590,158,2,2,37,-229,4023,331,627,475,822,62457
2002:Q4,176086,124833,28068,16921,1899,12010,3013,6245,176086,80703,32417,19129,5391,33304,5141,-106,265,120,82,5,59,434,41,2,2,33,-218,3607,318,509,256,511,56116
2003:Q1,130482,89237,17093,17426,2567,11642,3217,6702,130482,83898,34038,-18600,4189,22914,4044,-67,665,444,121,7,93,1191,48,3,3,22,441,1296,418,288,-264,-334,52783
2003:Q2,199916,144534,30217,18439,2705,12118,3616,6702,199916,85506,40353,29788,6018,34041,4210,-66,369,122,135,7,105,1244,76,3,4,24,-224,2224,440,332,-215,-105,59045
2003:Q3,221083,170414,23994,19950,4219,12147,3584,6702,221083,93232,42199,29673,6403,43674,5901,-64,1523,1251,149,8,115,1370,140,3,4,26,-214,2393,440,389,-108,-1042,64835
2003:Q4,206623,145345,34433,20118,4575,12098,3445,6702,206623,98871,43612,17468,6304,33546,6822,-64,2228,1944,156,9,120,1409,156,3,4,27,-207,2488,450,410,-82,232,63505
2004:Q1,157434,105140,26265,20236,5173,11776,3287,5841,157434,101984,38212,-17661,5131,22950,6818,-14,724,380,183,10,152,566,191,29,32,44,-199,3553,2082,624,-812,1872,64536
2004:Q2,234538,171116,38008,19621,4779,11704,3138,5841,234538,108683,42264,32521,6758,35541,8770,-13,2075,1700,199,11,165,594,209,29,33,47,-190,3963,2152,670,-799,985,61701
2004:Q3,254424,193089,34478,21065,6076,11829,3160,5841,254424,111259,47432,35005,8383,42620,9725,-9,2308,1889,223,12,184,702,278,31,34,52,-183,4214,2259,753,-714,381,63055
2004:Q4,235169,161510,46808,21059,5927,11756,3376,5841,235169,114228,52189,18994,7661,32442,9656,-8,1852,1411,234,13,195,724,289,32,36,54,-174,4448,2334,787,-717,820,66293
2005:Q1,186221,118946,37204,24383,6126,14227,4030,5707,186221,118412,56969,-25356,6598,21422,8176,-70,2300,2081,113,7,99,21,-33,21,29,55,-168,4954,1800,441,-1172,821,63607
2005:Q2,273959,191091,52050,25131,6990,14024,4117,5707,273959,122658,60090,39573,8036,35430,8172,-69,1722,1475,128,7,113,94,19,22,30,58,-162,5217,1847,500,-1107,729,67029
2005:Q3,293157,215566,47100,24802,6782,13943,4078,5707,293157,127225,64018,41262,8927,43669,8056,-68,1017,738,144,8,127,141,53,22,31,62,-155,5546,1919,553,-1066,300,66865
2005:Q4,266133,182000,56091,22354,5843,12515,3996,5707,266133,128192,64174,25865,7917,32864,7120,-69,65,-227,151,9,133,120,29,24,33,64,-150,5528,2030,553,-1106,127,55953
2006:Q1,219078,136299,53135,23920,5911,13935,4074,5759,219078,128797,72623,-20964,8260,22845,7517,-5,2274,1798,231,15,231,-57,-101,9,19,55,-143,4826,966,1029,-1354,254,63613
2006:Q2,294844,200745,63998,24375,6002,14549,3824,5759,294844,119982,75871,43753,9414,39023,6802,-3,1357,845,248,16,248,-30,-82,9,21,59,-137,4837,1043,1073,-1344,458,59464
2006:Q3,291375,204728,54213,26711,6456,16712,3543,5759,291375,109277,78889,40342,8124,47195,7548,-1,1868,1328,262,17,261,3,-54,10,23,62,-134,4886,1095,1121,-1329,1961,59391
2006:Q4,253440,158495,60347,28874,7057,18390,3427,5759,253440,100986,78803,20790,8558,35150,9153,1,3283,2722,272,18,271,40,-23,10,23,64,-133,4900,1131,1164,-1306,-323,58727
2007:Q1,190863,109928,46591,28375,8012,17008,3355,6181,190863,92409,80554,-24581,7529,23909,11044,27,1489,1183,157,4,145,294,63,16,46,90,-129,5105,1927,2223,-105,907,60061
2007:Q2,271173,174972,61790,28442,7707,17668,3068,6181,271173,84718,85229,39227,10254,40619,11126,31,1281,944,174,4,159,301,67,17,50,96,-124,5167,2063,2278,-100,179,58993
2007:Q3,274040,185285,54734,28054,8008,17308,2738,6181,274040,74460,86869,40272,10027,50819,11594,35,1629,1265,188,4,173,324,79,18,54,102,-119,5021,2197,2327,-73,-10263,57772
2007:Q4,242200,141922,64394,29914,8799,18724,2392,6181,242200,62593,87980,31520,9423,39137,11547,38,1517,1136,196,5,180,354,101,19,57,106,-115,4847,2287,2376,-37,466,56505
2008:Q1,167556,88939,44694,29303,9081,17968,2255,4621,167556,51743,88375,-15275,8539,24938,9236,-40,4399,4044,146,10,199,351,5,27,50,-5,-111,456,1780,1316,1010,-132,47402
2008:Q2,225555,139632,51246,30057,9454,18840,1763,4621,225555,46515,87155,31357,11838,41635,7056,-41,2569,2218,145,10,197,336,-9,27,52,-7,-107,120,1817,1303,995,161,41026
2008:Q3,220276,149079,39154,27425,9403,16767,1255,4621,220276,40874,79107,30198,12456,52682,4961,-44,1135,805,136,9,185,285,-52,28,52,-14,-104,-310,1819,1244,922,-82,29629
2008:Q4,164221,107603,27112,24886,7755,16161,969,4621,164221,29903,62986,21206,12998,37491,-363,-51,-2051,-2303,104,7,142,90,-193,26,50,-35,-99,-1488,1756,1009,622,-933,7225
2009:Q1,53604,46632,-15935,16354,4834,10965,555,6539,53604,20140,34437,-29791,9905,23248,-4335,-18,-805,-956,64,4,83,104,-137,21,31,-365,-96,-6736,1017,2236,412,23,6808
2009:Q2,95903,78574,-9348,20124,6158,13371,596,6539,95903,14423,21288,10247,12779,41073,-3907,-23,387,305,35,2,45,46,-177,19,26,-378,-93,-6917,841,2043,318,-451,4836
2009:Q3,111932,90188,-7031,22221,7212,14252,757,6539,111932,18045,17638,14688,13503,51727,-3670,-23,499,433,28,2,37,79,-153,19,24,-377,-89,-6772,726,2022,376,-351,14199
2009:Q4,90428,54188,3238,26448,9065,16451,932,6539,90428,17452,17376,10116,12795,35113,-2423,-22,1462,1400,26,2,34,149,-104,19,21,-380,-87,-6674,629,2069,496,-101,9750
2010:Q1,24857,5310,-2627,20223,6956,12100,1167,1938,24857,14813,18281,-35536,11490,18134,-2326,-58,173,352,-76,-4,-99,-523,-523,27,27,-121,-83,-1534,363,489,-565,324,9106
2010:Q2,107630,61746,24517,19416,5573,11914,1930,1938,107630,19087,29671,11065,14219,35607,-2018,-55,-472,-334,-59,-3,-76,-481,-490,28,30,-91,-80,-939,427,593,-487,158,14454
2010:Q3,119018,67079,28652,21337,6321,12737,2279,1938,119018,12119,38641,7736,14350,47616,-1444,-50,-949,-846,-44,-2,-56,-386,-420,29,31,-63,-77,-413,450,734,-329,1306,16984
2010:Q4,113629,44870,43145,23663,7019,14308,2336,1938,113629,13948,44685,10418,13450,32487,-1359,-48,-1431,-1352,-34,-2,-44,-320,-369,30,32,-46,0,-308,483,828,-211,71,23137
2011:Q1,46881,-1012,23541,22716,7307,13511,1898,1636,46881,13470,41786,-33741,10192,15818,-645,-76,-1044,-814,-111,-4,-115,-293,-298,31,24,40,0,728,79,131,35,-136,23962
2011:Q2,116665,51551,39270,24209,8889,13837,1483,1636,116665,15287,49157,10359,10734,31536,-407,-75,-1371,-1167,-98,-4,-102,-214,-244,32,26,58,0,817,136,230,197,1050,20960
2011:Q3,143659,72082,44022,25919,10755,13876,1289,1636,143659,17525,61847,9558,10828,42461,1440,-72,-833,-680,-74,-2,-77,-85,-157,35,30,91,0,1373,202,401,455,1846,20566
2011:Q4,141249,54013,57949,27651,12253,14118,1280,1636,141249,19637,68906,12315,8974,28921,2496,-70,-418,-291,-62,-2,-64,-6,-104,37,32,108,0,1557,242,499,617,2313,24351
2012:Q1,95447,23868,41771,25470,10916,12710,1845,4333,95447,25426,75169,-28861,6409,12409,4895,-30,-312,-215,-48,-2,-48,303,133,71,66,200,0,3654,427,-311,695,576,32493
2012:Q2,165979,75902,59944,25795,11951,12143,1700,4333,165979,26525,81093,17600,7162,28395,5205,-28,-566,-488,-39,-1,-38,360,169,73,69,215,0,3911,463,-267,808,1114,29378
2012:Q3,168426,90104,49117,24867,11309,11976,1582,4333,168426,27957,77920,12508,7392,37767,4882,-31,-430,-330,-50,-2,-50,300,126,72,67,205,0,3762,442,-327,696,1016,30443
2012:Q4,165724,67149,67847,26391,12758,12179,1455,4333,165724,32850,78052,21226,4688,23191,5718,-31,56,153,-48,-2,-48,340,152,74,68,210,0,3978,424,-307,754,956,34673
2013:Q1,101239,22609,45501,28119,12298,14151,1670,5013,101239,36595,77924,-29224,1023,8382,6539,-67,-470,-253,-92,-4,-122,674,329,-25,-47,283,0,5264,573,153,-128,11508,38433
2013:Q2,174120,85527,59007,24578,8878,14143,1557,5013,174120,38915,78244,26180,910,25075,4797,-72,-1229,-977,-106,-5,-141,504,217,-26,-49,265,0,4978,584,24,-399,-16,36048
2013:Q3,187408,110241,46341,25816,9745,14720,1351,5013,187408,40343,83282,20765,1904,36360,4754,-70,-1385,-1142,-103,-5,-136,560,256,-27,-49,276,0,4829,628,61,-326,-1262,36182
2013:Q4,177899,81247,67082,24560,9234,14281,1045,5013,177899,38319,87342,25061,-66,22165,5079,-71,-1622,-1388,-99,-4,-131,584,271,-27,-50,288,0,5256,662,89,-300,3864,36373
2014:Q1,106464,37525,39878,23289,8851,12842,1596,5781,106464,36552,91216,-30283,-3184,6541,5623,-44,-1235,-1041,-83,-3,-108,230,106,-18,-39,254,0,6205,679,254,-768,-538,38017
2014:Q2,202470,106076,65724,24898,9505,13648,1745,5781,202470,40240,100597,30425,-1191,25147,7253,-43,-324,-154,-73,-3,-94,297,155,-17,-38,271,0,6570,745,321,-683,4517,45636
2014:Q3,221258,127945,61596,25944,9998,14145,1801,5781,221258,42589,106178,28678,-750,37058,7504,-42,-711,-554,-67,-3,-87,343,187,-18,-39,282,0,6983,774,369,-626,923,47722
2014:Q4,217562,107993,75769,28028,9464,16729,1835,5781,217562,46886,106590,33705,-1294,23687,7989,-43,273,441,-72,-3,-94,304,168,-18,-39,281,0,6644,791,334,-705,1402,49012
2015:Q1,132344,58009,40047,24733,8406,14408,1920,9568,132344,49979,102106,-33086,-2969,8356,7957,-40,-1673,-1935,96,5,161,953,596,0,-24,174,0,6763,1117,911,-818,2284,50403
2015:Q2,226146,129524,61656,25411,8188,15129,2095,9568,226146,53946,99415,34339,-1186,29412,10219,-41,639,380,96,5,160,947,593,-1,-25,173,0,6740,1120,907,-833,1287,54645
2015:Q3,238700,147214,55178,26754,8272,16299,2183,9568,238700,57795,96614,30419,-244,42136,11980,-42,2463,2213,92,5,153,918,576,-1,-25,171,0,6842,1070,882,-874,-3689,53361
2015:Q4,214404,107563,68029,29256,9380,17533,2344,9568,214404,59491,89690,28906,-484,24673,12127,-45,3439,3221,81,4,134,867,543,0,-25,164,0,6335,979,818,-946,286,51476
2016:Q1,139528,62864,33848,31262,10059,18807,2396,11551,139528,64285,82605,-32852,-978,13089,13379,-28,2752,2384,123,6,240,768,607,22,6,93,0,6101,1379,1609,70,-931,57880
2016:Q2,226627,132006,48557,34511,10988,21027,2496,11551,226627,64177,82682,36815,-348,31223,12079,-29,2057,1700,119,6,233,765,615,22,5,92,0,5509,1393,1611,40,1584,56677
2016:Q3,235342,151128,36235,36427,12444,21319,2664,11551,235342,63894,85160,31903,-73,42392,12066,-29,2174,1808,122,6,239,807,641,22,6,94,0,5165,1446,1661,80,620,58081
2016:Q4,220156,123749,47224,37629,13667,21264,2699,11551,220156,66765,85530,29285,-533,28037,11072,-29,1294,923,123,7,241,840,660,23,6,95,0,4919,1468,1693,104,3125,58158
2017:Q1,148409,76682,25158,35444,12963,19682,2799,11092,148409,71098,90123,-34554,-1131,13387,9486,-18,2897,2401,212,7,277,441,378,19,18,21,0,1549,1835,2042,303,-2135,56248
2017:Q2,247710,152171,49100,35314,14246,18336,2733,11092,247710,70885,94414,39226,1011,33499,8675,-17,1692,1172,223,7,290,496,405,20,19,23,0,1685,1857,2111,385,36,54431
2017:Q3,255003,165049,41231,37599,15162,19700,2738,11092,255003,70300,92262,37094,1234,45165,8947,-17,1880,1360,223,7,291,527,434,21,20,23,0,1692,1803,2134,431,-1780,57594
2017:Q4,250991,136952,62799,40115,16100,21234,2782,11092,250991,74560,98252,35109,3035,30084,9951,-16,2212,1661,236,8,308,581,476,22,20,25,0,2060,1837,2220,514,14,66447
2018:Q1,174205,87878,36690,39511,15307,21232,2972,10076,174205,74522,107741,-34044,1614,14072,10300,-39,2686,1818,348,12,508,595,475,-35,-44,27,0,2605,1599,2451,-20,18,65905
2018:Q2,281529,166415,60547,44440,17639,23788,3014,10076,281529,74699,115492,41935,2672,35885,10846,-37,2909,2004,363,12,529,681,544,-35,-44,29,0,2516,1637,2566,81,634,67846
2018:Q3,286508,177784,53863,44735,17847,23882,3006,10076,286508,72734,115670,36061,4112,46878,11053,-39,3221,2324,360,12,525,659,528,-35,-45,28,0,2545,1611,2544,36,17,65965
2018:Q4,265998,130564,77102,48206,18665,26549,2992,10076,265998,70917,115278,34838,6257,25748,12961,-39,4909,4008,362,12,528,676,552,-36,-46,28,0,2760,1561,2548,49,-368,63144
2019:Q1,181360,79856,45944,44951,14403,27502,3047,10603,181360,71055,116299,-36223,3092,12868,14268,-30,6304,4505,849,26,924,1039,892,-14,-27,10,0,1546,1155,3227,167,984,60724
2019:Q2,293746,163695,71606,47838,15165,29697,2976,10603,293746,70037,123421,43403,5063,36696,15126,-31,7235,5401,865,27,943,1048,907,-14,-28,11,0,1314,1219,3319,147,548,65470
2019:Q3,305305,190067,54906,49725,16438,30358,2930,10603,305305,71760,121933,40728,6738,48882,15263,-32,7891,6048,869,26,948,1052,909,-15,-28,10,0,725,1262,3374,114,1115,66824
2019:Q4,276630,150985,63999,51039,17268,30887,2884,10603,276630,73904,112017,36032,9346,30360,14972,-34,8298,6494,851,26,927,1028,892,-15,-29,8,0,263,1200,3303,59,1259,65891
2020:Q1,179700,105220,16890,46336,16054,27789,2494,11252,179700,80089,100704,-34410,5977,16455,10885,-19,8012,6222,859,22,909,1110,939,-7,-20,-28,0,-4151,1515,3396,138,775,49732
2020:Q2,191847,136494,4877,39223,13681,24298,1244,11252,191847,54492,62357,27314,9165,38470,50,-31,1367,-8,659,17,698,708,645,-10,-26,-37,0,-5795,1051,2611,-431,-1026,43978
2020:Q3,258462,176510,25090,45608,14700,30828,80,11252,258462,87351,64785,38329,10326,50080,7591,-28,7156,5644,725,19,768,869,778,-9,-26,-36,0,-4722,1027,2784,-203,-224,110114
2020:Q4,273018,154273,56485,51006,16495,34345,166,11252,273018,102712,76842,39553,11339,33384,9188,-26,7864,6269,765,20,810,988,882,-9,-26,-34,0,-4301,1001,2905,-56,79,100141
2021:Q1,195016,100668,27685,55410,19794,35534,82,11252,195016,108446,94750,-40756,7457,14486,10633,-21,7762,6011,840,22,889,1238,1066,-7,-24,-32,0,-3877,1068,3204,257,-299,152500
2021:Q2,304020,181237,51947,59585,21721,37448,417,11252,304020,100119,104652,46092,10116,33378,9664,-23,6908,5125,855,23,905,1279,1102,-7,-25,-34,0,-4126,1060,3267,265,2005,174571
2021:Q3,308033,196474,40528,59782,21199,37400,1183,11252,308033,98509,103603,45059,10990,44398,5474,-27,3982,2260,826,22,875,1149,1008,-9,-28,-37,0,-4780,1025,3154,37,755,130689
2021:Q4,286655,156832,57536,61037,19810,39030,2197,11252,286655,103450,105384,39059,11165,24670,2928,-31,2229,526,817,21,864,1040,943,-10,-30,-40,0,-5160,1034,3109,-155,2383,131824
