date,Private defined contribution pension funds; total financial assets,Private defined contribution pension funds; checkable deposits and currency; asset,Private defined contribution pension funds; total time and savings deposits; asset,Private defined contribution pension funds, including 403(b) plans; money market fund shares; asset,Private defined contribution pension funds; security repurchase agreements; asset,Private defined contribution pension funds; debt securities; asset,Private defined contribution pension funds; commercial paper; asset,Private defined contribution pension funds; Treasury securities; asset,Private defined contribution pension funds; agency- and GSE-backed securities; asset,Private defined contribution pension funds; corporate and foreign bonds; asset,Private defined contribution pension funds; total mortgages; asset,Private defined contribution pension funds; corporate equities; asset,Private defined contribution pension funds, including 403(b) plans; mutual fund shares; asset,Private defined contribution pension funds; total miscellaneous assets,Private defined contribution pension funds; unallocated insurance contracts; asset,Private defined contribution pension funds; pension fund contributions receivable; asset,Private defined contribution pension funds; unidentified miscellaneous assets,Private defined contribution pension funds; total financial assets
1945:Q4,795,0,0,0,0,873,0,513,0,360,0,0,0,-78,0,0,-78,795
1946:Q1,ND,ND,ND,ND,ND,ND,ND,ND,ND,ND,ND,ND,ND,ND,ND,ND,ND,ND
1946:Q2,ND,ND,ND,ND,ND,ND,ND,ND,ND,ND,ND,ND,ND,ND,ND,ND,ND,ND
1946:Q3,ND,ND,ND,ND,ND,ND,ND,ND,ND,ND,ND,ND,ND,ND,ND,ND,ND,ND
1946:Q4,792,0,0,0,0,925,0,525,0,400,0,0,0,-133,0,0,-133,792
1947:Q1,ND,ND,ND,ND,ND,ND,ND,ND,ND,ND,ND,ND,ND,ND,ND,ND,ND,ND
1947:Q2,ND,ND,ND,ND,ND,ND,ND,ND,ND,ND,ND,ND,ND,ND,ND,ND,ND,ND
1947:Q3,ND,ND,ND,ND,ND,ND,ND,ND,ND,ND,ND,ND,ND,ND,ND,ND,ND,ND
1947:Q4,965,0,0,0,0,978,0,538,0,440,0,0,0,-13,0,0,-13,965
1948:Q1,ND,ND,ND,ND,ND,ND,ND,ND,ND,ND,ND,ND,ND,ND,ND,ND,ND,ND
1948:Q2,ND,ND,ND,ND,ND,ND,ND,ND,ND,ND,ND,ND,ND,ND,ND,ND,ND,ND
1948:Q3,ND,ND,ND,ND,ND,ND,ND,ND,ND,ND,ND,ND,ND,ND,ND,ND,ND,ND
1948:Q4,1136,0,0,0,0,1030,0,550,0,480,0,0,0,106,0,0,106,1136
1949:Q1,ND,ND,ND,ND,ND,ND,ND,ND,ND,ND,ND,ND,ND,ND,ND,ND,ND,ND
1949:Q2,ND,ND,ND,ND,ND,ND,ND,ND,ND,ND,ND,ND,ND,ND,ND,ND,ND,ND
1949:Q3,ND,ND,ND,ND,ND,ND,ND,ND,ND,ND,ND,ND,ND,ND,ND,ND,ND,ND
1949:Q4,1283,0,0,0,0,1095,0,575,0,520,0,0,0,188,0,0,188,1283
1950:Q1,ND,ND,ND,ND,ND,ND,ND,ND,ND,ND,ND,ND,ND,ND,ND,ND,ND,ND
1950:Q2,ND,ND,ND,ND,ND,ND,ND,ND,ND,ND,ND,ND,ND,ND,ND,ND,ND,ND
1950:Q3,ND,ND,ND,ND,ND,ND,ND,ND,ND,ND,ND,ND,ND,ND,ND,ND,ND,ND
1950:Q4,1399,0,0,0,0,1152,0,586,0,566,0,0,0,247,0,0,247,1399
1951:Q1,ND,ND,ND,ND,ND,ND,ND,ND,ND,ND,ND,ND,ND,ND,ND,ND,ND,ND
1951:Q2,ND,ND,ND,ND,ND,ND,ND,ND,ND,ND,ND,ND,ND,ND,ND,ND,ND,ND
1951:Q3,ND,ND,ND,ND,ND,ND,ND,ND,ND,ND,ND,ND,ND,ND,ND,ND,ND,ND
1951:Q4,1848,0,0,0,0,1308,0,611,0,697,0,275,0,265,0,0,265,1848
1952:Q1,2182,0,172,0,0,1359,0,622,0,737,0,289,0,362,0,0,362,2182
1952:Q2,2277,0,179,0,0,1407,0,621,0,786,0,312,0,379,0,0,379,2277
1952:Q3,2362,0,186,0,0,1462,0,617,0,845,0,320,0,394,0,0,394,2362
1952:Q4,2495,0,193,0,0,1530,0,620,0,910,0,369,0,403,0,0,403,2495
1953:Q1,2593,0,201,0,0,1600,0,628,0,972,0,383,0,409,0,0,409,2593
1953:Q2,2699,0,209,0,0,1672,0,642,0,1030,0,408,0,410,0,0,410,2699
1953:Q3,2799,0,217,0,0,1737,0,655,0,1082,0,434,0,411,0,0,411,2799
1953:Q4,2906,0,225,0,0,1792,0,659,4,1129,0,478,0,411,0,0,411,2906
1954:Q1,3018,0,234,0,0,1848,0,663,3,1182,0,521,0,415,0,0,415,3018
1954:Q2,3106,0,243,0,0,1906,0,661,3,1242,0,537,0,420,0,0,420,3106
1954:Q3,3215,0,252,0,0,1973,0,662,2,1309,0,564,0,426,0,0,426,3215
1954:Q4,3381,0,261,0,0,2051,0,669,1,1381,0,631,0,438,0,0,438,3381
1955:Q1,3568,0,271,0,0,2130,0,684,2,1444,0,710,0,457,0,0,457,3568
1955:Q2,3872,0,282,0,0,2207,0,710,2,1495,0,904,0,479,0,0,479,3872
1955:Q3,4161,0,293,0,0,2273,0,734,3,1536,0,1089,0,506,0,0,506,4161
1955:Q4,4377,0,304,0,0,2318,0,743,4,1571,0,1217,0,538,0,0,538,4377
1956:Q1,4614,0,315,0,0,2365,0,737,7,1621,0,1363,0,571,0,0,571,4614
1956:Q2,4715,0,328,0,0,2423,0,724,8,1691,0,1348,0,616,0,0,616,4715
1956:Q3,4840,0,340,0,0,2497,0,704,9,1784,0,1342,0,661,0,0,661,4840
1956:Q4,5051,0,353,0,0,2593,0,688,10,1895,0,1413,0,692,0,0,692,5051
1957:Q1,5177,0,367,0,0,2687,0,669,14,2004,0,1403,0,720,0,0,720,5177
1957:Q2,5477,0,381,0,0,2772,0,651,16,2105,0,1590,0,734,0,0,734,5477
1957:Q3,5524,0,396,0,0,2844,0,634,18,2192,0,1528,0,756,0,0,756,5524
1957:Q4,5595,0,411,0,0,2907,0,615,25,2267,0,1498,0,779,0,0,779,5595
1958:Q1,5806,0,427,0,0,2974,0,603,31,2340,0,1612,0,793,0,0,793,5806
1958:Q2,6086,0,443,0,0,3046,0,608,24,2414,0,1796,0,801,0,0,801,6086
1958:Q3,6428,0,460,0,0,3124,0,608,25,2491,0,2037,0,807,0,0,807,6428
1958:Q4,6816,0,478,0,0,3206,0,613,25,2568,0,2312,0,820,0,0,820,6816
1959:Q1,7029,0,496,0,0,3260,0,619,30,2611,0,2427,0,846,0,0,846,7029
1959:Q2,7386,0,515,0,0,3342,0,631,38,2673,0,2656,0,873,0,0,873,7386
1959:Q3,7547,0,535,0,0,3417,0,647,41,2729,0,2684,0,911,0,0,911,7547
1959:Q4,7917,0,556,0,0,3514,0,655,42,2817,0,2905,0,942,0,0,942,7917
1960:Q1,7971,0,577,0,0,3577,0,634,59,2884,0,2826,0,991,0,0,991,7971
1960:Q2,8288,0,599,0,0,3630,0,614,67,2949,0,3024,0,1035,0,0,1035,8288
1960:Q3,8332,0,622,0,0,3698,0,602,66,3030,0,2921,0,1091,0,0,1091,8332
1960:Q4,8875,0,646,0,0,3802,0,601,61,3140,0,3309,0,1118,0,0,1118,8875
1961:Q1,9452,0,671,0,0,3828,0,602,59,3167,0,3816,0,1137,0,0,1137,9452
1961:Q2,9689,0,697,0,0,3908,0,607,55,3246,0,3919,0,1165,0,0,1165,9689
1961:Q3,10009,0,723,0,0,3963,0,608,57,3298,0,4132,0,1191,0,0,1191,10009
1961:Q4,10580,0,751,0,0,4045,0,606,63,3376,0,4571,0,1213,0,0,1213,10580
1962:Q1,10735,0,780,0,0,4101,0,605,73,3423,0,4573,0,1281,0,0,1281,10735
1962:Q2,9985,0,810,0,0,4195,0,615,78,3502,0,3569,0,1411,0,0,1411,9985
1962:Q3,10416,0,841,0,0,4237,0,631,77,3529,0,3850,0,1488,0,0,1488,10416
1962:Q4,11124,0,873,0,0,4341,0,650,71,3620,0,4377,0,1533,0,0,1533,11124
1963:Q1,11595,0,907,0,0,4419,0,657,73,3689,0,4702,0,1567,0,0,1567,11595
1963:Q2,12017,0,942,0,0,4506,0,664,73,3769,0,4990,0,1579,0,0,1579,12017
1963:Q3,12430,0,978,0,0,4596,0,660,83,3853,0,5254,0,1602,0,0,1602,12430
1963:Q4,12884,0,1016,0,0,4663,0,670,81,3912,0,5534,0,1671,0,0,1671,12884
1964:Q1,13539,0,1055,0,0,4763,0,718,85,3960,0,5938,0,1783,0,0,1783,13539
1964:Q2,14101,0,1095,0,0,4826,0,666,82,4078,0,6227,0,1953,0,0,1953,14101
1964:Q3,14679,0,1137,0,0,4883,0,665,79,4139,0,6528,0,2131,0,0,2131,14679
1964:Q4,15216,0,1181,0,0,5025,0,679,105,4241,0,6741,0,2269,0,0,2269,15216
1965:Q1,15730,0,1226,0,0,5140,0,727,88,4325,0,6991,0,2373,0,0,2373,15730
1965:Q2,15833,0,1273,0,0,5183,0,677,89,4417,0,6914,0,2463,0,0,2463,15833
1965:Q3,16754,0,1322,0,0,5198,0,614,95,4489,0,7722,0,2512,0,0,2512,16754
1965:Q4,17404,0,1373,0,0,5276,0,635,100,4541,0,8151,0,2604,0,0,2604,17404
1966:Q1,17780,0,1426,0,0,5470,0,620,102,4748,0,8153,0,2731,0,0,2731,17780
1966:Q2,17877,0,1481,0,0,5530,0,594,104,4832,0,7974,0,2892,0,0,2892,17877
1966:Q3,17567,0,1537,0,0,5609,0,588,97,4924,0,7342,0,3079,0,0,3079,17567
1966:Q4,18433,0,1606,0,0,5720,0,576,98,5046,0,7894,0,3213,0,0,3213,18433
1967:Q1,19853,0,1663,0,0,5761,0,537,95,5129,0,9099,0,3330,0,0,3330,19853
1967:Q2,20347,0,1731,0,0,5747,0,500,86,5161,0,9364,0,3505,0,0,3505,20347
1967:Q3,21374,0,1800,0,0,5816,0,492,79,5245,0,10104,0,3654,0,0,3654,21374
1967:Q4,21766,0,1887,0,0,5842,0,497,74,5271,0,10221,0,3816,0,0,3816,21766
1968:Q1,21571,0,1944,0,0,5978,0,552,78,5348,0,9656,0,3993,0,0,3993,21571
1968:Q2,23265,0,2022,0,0,5979,0,545,83,5351,0,11195,0,4069,0,0,4069,23265
1968:Q3,24076,0,2108,0,0,6015,0,530,88,5397,0,11774,0,4179,0,0,4179,24076
1968:Q4,24859,0,2200,0,0,6077,0,590,87,5400,0,12291,0,4291,0,0,4291,24859
1969:Q1,24925,0,2256,0,0,6077,0,615,95,5367,0,12163,0,4429,0,0,4429,24925
1969:Q2,25141,0,2369,0,0,6033,0,548,103,5382,0,12185,0,4554,0,0,4554,25141
1969:Q3,25239,0,2453,0,0,6151,0,540,121,5490,0,11951,0,4684,0,0,4684,25239
1969:Q4,25838,0,2552,0,0,6202,0,546,133,5523,0,12285,0,4799,0,0,4799,25838
1970:Q1,29172,0,2654,0,0,6247,0,520,127,5600,0,15335,0,4936,0,0,4936,29172
1970:Q2,26733,0,2757,0,0,6267,0,496,145,5626,0,12530,0,5179,0,0,5179,26733
1970:Q3,29539,0,2867,0,0,6465,0,538,201,5726,0,14978,0,5229,0,0,5229,29539
1970:Q4,31671,0,2968,0,0,6619,0,531,199,5889,0,16772,0,5312,0,0,5312,31671
1971:Q1,34173,0,3086,0,0,6483,0,565,167,5751,0,19215,0,5389,0,0,5389,34173
1971:Q2,34760,0,3180,0,0,6301,0,500,130,5671,0,19734,0,5545,0,0,5545,34760
1971:Q3,36033,0,3306,0,0,6219,0,511,130,5578,0,20825,0,5683,0,0,5683,36033
1971:Q4,37783,0,3417,0,0,6387,0,531,133,5723,0,22163,0,5816,0,0,5816,37783
1972:Q1,40782,0,3531,0,0,6644,123,635,188,5698,0,24058,0,6549,0,0,6549,40782
1972:Q2,42780,0,3676,0,0,7071,318,613,265,5875,0,24271,0,7762,0,0,7762,42780
1972:Q3,45363,0,3833,0,0,7690,529,656,383,6122,0,24841,0,8999,0,0,8999,45363
1972:Q4,48946,0,4000,0,0,8125,702,845,457,6121,0,26954,0,9867,0,0,9867,48946
1973:Q1,48987,0,4179,0,0,8656,842,931,571,6312,0,25565,0,10587,0,0,10587,48987
1973:Q2,48318,0,4339,0,0,8978,953,1003,613,6409,0,23900,0,11101,0,0,11101,48318
1973:Q3,51655,0,4550,0,0,9498,1071,1178,653,6596,0,26195,0,11412,0,0,11412,51655
1973:Q4,49968,0,4713,0,0,9826,1232,1345,702,6547,0,23389,0,12040,0,0,12040,49968
1974:Q1,51937,0,4909,0,0,10203,1422,1527,715,6539,0,24216,0,12609,0,0,12609,51937
1974:Q2,51201,0,5110,0,0,10653,1628,1728,718,6579,0,22141,0,13297,0,0,13297,51201
1974:Q3,47498,0,5326,0,0,11448,1868,2059,772,6749,0,16570,0,14154,0,0,14154,47498
1974:Q4,51377,0,5620,0,0,12250,2161,2140,947,7002,0,18689,0,14818,0,0,14818,51377
1975:Q1,60510,0,5873,0,0,13389,2532,2406,1028,7423,0,25731,0,15517,0,0,15517,60510
1975:Q2,68666,0,6181,0,0,14439,3003,2629,1078,7729,0,30802,0,17244,0,0,17244,68666
1975:Q3,69713,0,6501,0,0,15475,3379,2974,1096,8026,0,27970,0,19767,0,0,19767,69713
1975:Q4,74612,0,6793,0,0,16309,3626,3099,1202,8382,0,30240,0,21270,0,0,21270,74612
1976:Q1,80177,0,7095,0,0,17158,3957,3403,1309,8489,0,34626,0,21298,0,0,21298,80177
1976:Q2,79871,0,7354,0,0,17954,4176,3803,1391,8584,0,34596,0,19967,0,0,19967,79871
1976:Q3,81529,0,7565,0,0,18111,4302,4093,1433,8283,0,34586,0,21267,0,0,21267,81529
1976:Q4,84341,0,7820,0,0,18285,4381,4519,1336,8049,0,35140,0,23096,0,0,23096,84341
1977:Q1,86109,0,8131,0,0,18505,4455,4468,1559,8023,0,33238,0,26235,0,0,26235,86109
1977:Q2,88655,0,8476,23,0,19425,4509,4989,1678,8249,0,34491,0,26240,0,0,26240,88655
1977:Q3,91112,0,8846,53,0,19751,4524,5020,1894,8313,0,33733,0,28729,0,0,28729,91112
1977:Q4,92766,0,9233,94,0,20633,4526,5327,1870,8910,0,34611,0,28195,0,0,28195,92766
1978:Q1,95970,0,9678,150,0,20844,4540,5369,1864,9071,0,34181,0,31117,0,0,31117,95970
1978:Q2,100779,0,10147,212,0,21826,4534,5546,1853,9893,0,38367,0,30227,0,0,30227,100779
1978:Q3,108275,0,10579,272,0,22287,4469,5272,2194,10352,0,43231,0,31906,0,0,31906,108275
1978:Q4,110620,0,11120,359,0,22767,4465,5795,1910,10597,0,42086,0,34288,0,0,34288,110620
1979:Q1,120260,0,11622,500,0,23553,4637,5932,2177,10807,0,48762,0,35823,0,0,35823,120260
1979:Q2,124579,0,12068,688,0,25048,4999,6232,2361,11456,0,49791,0,36984,0,0,36984,124579
1979:Q3,130780,0,12556,913,0,26743,5558,6442,2641,12102,0,53555,0,37013,0,0,37013,130780
1979:Q4,136320,0,13110,1182,0,28158,6158,6499,2763,12738,0,52631,3013,38226,0,0,38226,136320
1980:Q1,133006,0,13550,1500,0,29895,6648,6801,2935,13511,0,45560,3158,39343,0,0,39343,133006
1980:Q2,143351,0,13959,1845,0,31917,7068,7347,3306,14196,0,52160,3308,40162,0,0,40162,143351
1980:Q3,152923,0,14344,2195,0,33708,7460,7642,3618,14988,0,57506,3697,41473,0,0,41473,152923
1980:Q4,158812,0,14959,2633,0,35447,7812,8054,4036,15545,0,61036,4035,40702,0,0,40702,158812
1981:Q1,161211,0,15474,3244,0,36855,8114,8338,4467,15936,0,61535,4239,39864,0,0,39864,161211
1981:Q2,163291,0,15852,4134,0,38554,8715,8636,5044,16159,0,60011,4273,40467,0,0,40467,163291
1981:Q3,162215,0,16431,5413,0,40076,9291,8689,5657,16439,0,54936,3883,41476,0,0,41476,162215
1981:Q4,169597,0,17144,6564,0,42583,9802,11671,4444,16666,0,59259,4226,39821,0,0,39821,169597
1982:Q1,173171,0,18605,7030,0,45367,8790,14009,5258,17310,0,61371,3998,36800,0,0,36800,173171
1982:Q2,177923,0,20226,6030,0,47609,8243,15510,6068,17788,0,62821,4022,37215,0,0,37215,177923
1982:Q3,194838,0,21689,5071,0,49138,7120,16976,6533,18509,0,73377,4512,41051,0,0,41051,194838
1982:Q4,202201,0,23226,4688,0,50958,6081,18793,7039,19045,0,76841,5405,41083,0,0,41083,202201
1983:Q1,219579,0,25141,4877,0,52783,5697,19932,7310,19844,0,86991,6054,43733,0,0,43733,219579
1983:Q2,241933,0,27753,5228,0,54592,6121,20763,7577,20131,0,98556,6779,49025,0,0,49025,241933
1983:Q3,243541,0,27834,5602,0,58205,6799,22276,8134,20996,0,96146,6869,48885,0,0,48885,243541
1983:Q4,246783,0,28610,5929,0,60377,6899,23333,8556,21589,0,94877,6980,50010,0,0,50010,246783
1984:Q1,251991,0,28279,6191,0,62085,7832,23756,8646,21851,0,100500,7016,47920,0,0,47920,251991
1984:Q2,244787,0,28209,6388,0,61250,8845,23031,8451,20923,0,95511,6758,46671,0,0,46671,244787
1984:Q3,265048,0,30491,6770,0,65224,8868,24691,9108,22557,0,105279,7398,49886,0,0,49886,265048
1984:Q4,278883,0,31972,6938,0,69441,7844,27101,9816,24680,0,111753,7619,51160,0,0,51160,278883
1985:Q1,313158,0,34402,7429,0,69602,7732,28038,10189,23643,0,138787,8293,54645,0,0,54645,313158
1985:Q2,313929,0,37410,8015,0,70796,7694,29860,10994,22248,0,130498,8820,58390,0,0,58390,313929
1985:Q3,305700,0,37047,8239,0,71666,7937,30743,11451,21535,0,123838,8603,56307,0,0,56307,305700
1985:Q4,420382,1912,35638,9087,5284,73939,7597,32138,14763,19441,2780,159035,15200,117507,49949,7125,60433,420382
1986:Q1,445451,1612,36017,9517,5417,76894,7622,32875,15102,21295,2438,168591,18558,126407,53712,7135,65560,445451
1986:Q2,447550,1372,34415,9427,5253,75833,7233,31712,14572,22316,2003,169492,19529,130226,56160,7150,66916,447550
1986:Q3,435940,1182,35578,10106,5512,77408,7428,31293,14408,24279,1604,150163,18772,135615,58337,7170,70108,435940
1986:Q4,455466,1106,37299,10990,5868,86029,7738,23580,11096,43615,1189,150937,19878,142170,61292,7224,73654,455466
1987:Q1,499549,1081,33592,11194,5679,97410,8054,27223,15313,46820,1418,176585,25169,147421,68238,7624,71559,499549
1987:Q2,523955,1061,31649,12008,5789,95567,8830,27583,15516,43638,1388,194957,28247,153289,77104,8374,67811,523955
1987:Q3,568019,1046,28317,12337,5651,97626,9270,29110,16374,42872,1443,215288,31057,175254,86405,9474,79375,568019
1987:Q4,535617,1038,25388,12832,5585,96953,9853,29513,16600,40987,1441,185107,25292,181981,94512,10229,77240,535617
1988:Q1,555572,1188,29077,13450,5773,89091,9221,25845,17230,36795,1750,196551,27864,190828,98182,10429,82217,555572
1988:Q2,571557,1538,33815,14631,6120,89369,8852,26624,17749,36144,2354,201039,29711,192980,102772,10129,80079,571557
1988:Q3,567437,1838,37171,15113,6182,88676,8096,27093,18062,35425,3057,189020,29448,196932,103512,9229,84191,567437
1988:Q4,577118,2021,39687,15263,6105,87600,7239,27576,17412,35373,4037,185835,31769,204801,108749,9335,86717,577118
1989:Q1,602809,2196,43448,16048,6518,83893,7407,24286,18052,34148,3936,202254,34204,210312,113287,9919,87106,602809
1989:Q2,629518,2346,48808,17220,7149,86727,7785,25507,18143,35292,4225,216561,37733,208749,116577,10653,81519,629518
1989:Q3,659658,2471,51373,17420,7354,92027,7674,27780,19094,37479,4702,231941,41823,210547,119364,11402,79781,659658
1989:Q4,688709,2584,57548,18678,8059,95664,8059,29360,19477,38768,5056,240717,44413,215990,124584,12162,79244,688709
1990:Q1,687751,2509,60745,19649,8565,96948,8565,26565,21567,40251,4996,227686,44878,221775,131344,12936,77495,687751
1990:Q2,693108,2309,58689,18997,8331,104104,8331,28695,22863,44215,5334,231692,49974,213678,132449,13750,67479,693108
1990:Q3,676619,2359,57466,18694,8214,104849,8214,28750,22085,45800,5279,209602,45430,224726,137282,14574,72870,676619
1990:Q4,708546,2273,58911,19150,8478,105628,8478,28660,21163,47327,5193,231398,50727,226788,141223,15410,70155,708546
1991:Q1,758025,2198,56724,18268,8577,110537,8577,30183,21853,49924,5330,264544,59983,231864,146564,16344,68956,758025
1991:Q2,771837,2128,57652,18785,9164,112466,9164,30642,21480,51180,5278,260142,63746,242476,154162,17308,71006,771837
1991:Q3,808073,2058,60957,20128,10192,113918,10192,30819,20823,52084,5178,275599,71946,248097,160151,18292,69654,808073
1991:Q4,852773,1977,58949,19840,10374,118708,10374,32264,21435,54635,5269,304116,76993,256547,167229,19319,69999,852773
1992:Q1,851829,1932,56616,19944,10608,119640,10608,32468,20806,55758,5068,297251,82176,258594,170597,20322,67675,851829
1992:Q2,866762,1914,54099,20012,10807,118347,10807,32002,19507,56031,4778,307971,88608,260226,172468,21356,66402,866762
1992:Q3,900562,1897,53383,20744,11385,125976,11385,34109,20781,59701,4839,323630,92878,265830,177017,22459,66354,900562
1992:Q4,930211,1907,50970,20909,11625,128326,11625,34713,20553,61435,4696,342162,104343,265273,177997,23670,63606,930211
1993:Q1,984543,1947,50353,23125,12369,132806,12369,35302,20308,64827,4934,374630,113735,270644,184189,24757,61698,984543
1993:Q2,1008763,1984,48759,25182,12964,129808,12964,33698,17871,65275,4885,388540,124082,272559,188982,25844,57733,1008763
1993:Q3,1039085,2018,43227,25370,12510,141830,12510,36788,20128,72404,5470,402165,134302,272193,192445,26981,52767,1039085
1993:Q4,1056833,2048,41167,27473,12557,141110,12557,35972,18480,74101,4534,404033,146308,277603,198158,28617,50828,1056833
1994:Q1,1063863,2054,41222,29978,12730,141226,12730,38450,20124,69922,4626,386892,155683,289452,205100,30151,54201,1063863
1994:Q2,1094145,2060,39682,31613,12427,148043,12427,42884,23725,69007,5065,395982,164031,295242,211155,31643,52444,1094145
1994:Q3,1137168,2066,36383,31907,11509,150155,11509,42550,26225,69871,5711,416996,181254,301187,215563,33129,52495,1137168
1994:Q4,1125844,2194,34568,32903,10563,146066,10563,42564,28376,64563,3094,398043,193845,304568,218703,34131,51734,1125844
1995:Q1,1187304,2340,35285,33791,10742,147600,10742,42748,28818,65292,3261,419206,223200,311879,223246,35078,53555,1187304
1995:Q2,1245266,2485,34277,36321,10921,147293,10921,42656,28631,65085,3429,438384,253076,319080,227679,36026,55375,1245266
1995:Q3,1323603,2631,34567,37509,11101,141674,11101,40901,27399,62273,3596,472961,291332,328232,234064,36973,57195,1323603
1995:Q4,1388463,2786,34398,39385,11279,140209,11279,40463,27054,61413,3764,494005,324263,338374,241437,37921,59016,1388463
1996:Q1,1449973,2936,33058,42285,11459,145553,11459,42048,28158,63888,3930,514700,352479,343573,243870,38868,60835,1449973
1996:Q2,1487203,3086,32789,44041,11637,144873,11637,41727,28033,63476,4097,523700,373794,349186,246715,39815,62656,1487203
1996:Q3,1538689,3239,31731,46749,11817,143047,11817,40483,27319,63428,4265,540574,400726,356541,251301,40763,64477,1538689
1996:Q4,1632519,3302,28811,50847,13161,141638,13161,40233,27287,60957,4437,551971,445797,392555,281053,41710,69792,1632519
1997:Q1,1634036,3628,26018,55669,13298,145287,13298,40458,27452,64079,4668,535690,460916,388862,275069,41998,71795,1634036
1997:Q2,1808495,3802,24857,58111,13434,145379,13434,39613,26901,65431,4910,611338,543423,403241,287096,42291,73854,1808495
1997:Q3,1954749,4294,20006,65500,13571,146757,13571,39243,26629,67314,5164,671213,613004,415240,296682,42588,75970,1954749
1997:Q4,1948201,4249,23029,64462,14299,147840,14299,39004,26412,68125,4734,648915,618614,422059,297781,44725,79553,1948201
1998:Q1,2137934,3804,26149,65068,14626,154832,14626,41597,30517,68092,4785,739916,693227,435527,307973,46369,81185,2137934
1998:Q2,2138492,3349,30257,65607,14954,158037,14954,44044,28799,70240,4837,736244,692024,433183,302125,48181,82877,2138492
1998:Q3,1953548,2890,33372,66380,15222,163870,15222,45085,31048,72515,4982,633781,613979,419072,284467,50169,84436,1953548
1998:Q4,2238002,2828,36286,67566,15411,160602,15411,45997,26524,72670,4903,786502,733289,430615,296528,49570,84517,2238002
1999:Q1,2295934,3116,30538,71636,16401,162911,15974,43870,29343,73724,5355,784677,787324,433976,299896,46858,87222,2295934
1999:Q2,2402090,3344,25905,74451,16537,164767,16537,43338,30357,74535,5807,810336,862151,438792,304717,44147,89928,2402090
1999:Q3,2314564,3523,19069,79597,17101,166565,17101,43506,30577,75381,6259,728981,853336,440133,306064,41435,92634,2314564
1999:Q4,2527758,3979,16817,80143,17663,170903,17663,44228,32791,76221,6711,800459,983407,447676,313613,38724,95339,2527758
2000:Q1,2630310,4203,16626,80428,17994,179078,17994,44369,40932,75783,7020,839036,1033929,451996,315301,38652,98043,2630310
2000:Q2,2591984,4593,16789,80441,18704,173614,18704,44961,35967,73982,7373,817245,1028930,444295,303482,38345,102468,2591984
2000:Q3,2619983,5271,16033,83354,19962,172845,19962,47431,34881,70571,7767,818339,1054292,442120,295205,37801,109114,2619983
2000:Q4,2497318,6054,17744,84218,21599,171966,21599,46574,38426,65367,8206,747088,1009738,430705,276209,37022,117474,2497318
2001:Q1,2265656,4745,16897,80667,15101,177453,15101,48127,40193,74032,5663,692331,901083,371716,248897,42991,79828,2265656
2001:Q2,2369049,4746,16873,80473,14978,167806,14978,43397,39399,70032,5584,748560,946272,383757,263338,41751,78668,2369049
2001:Q3,2122549,4716,16739,80084,14701,159735,14701,44082,32489,68463,5552,664554,828813,347655,228817,40656,78182,2122549
2001:Q4,2249748,4638,16420,78527,14207,155264,14207,39511,37483,64063,5397,724647,884401,366247,252145,38200,75902,2249748
2002:Q1,2370501,4965,17686,79647,15865,167681,15861,45688,40291,65841,5819,747461,933929,397448,270631,44680,82137,2370501
2002:Q2,2174559,4998,17806,84686,15972,171989,15968,45544,39248,71229,5831,649895,860428,362954,235836,44794,82324,2174559
2002:Q3,1954427,5030,17920,87802,16074,182422,16070,46504,39915,79933,5793,542071,774873,322442,196241,44446,81755,1954427
2002:Q4,2051380,5064,18040,87945,16182,183228,16178,47735,38811,80504,5769,575675,829327,330150,204520,44230,81400,2051380
2003:Q1,2048897,5111,18207,86769,16331,184271,16327,49170,40377,78397,5832,606585,799410,326381,199241,44795,82345,2048897
2003:Q2,2287077,5140,18310,87061,16423,181948,16419,47817,40148,77564,5765,704380,916719,351331,225778,44193,81360,2287077
2003:Q3,2331152,5161,18387,87404,16493,182238,16489,47610,40311,77828,5769,710535,940065,365100,239457,44227,81416,2331152
2003:Q4,2546469,5172,18424,87431,16526,182181,16522,47597,40672,77390,5754,796660,1043669,390652,265376,44087,81189,2546469
2004:Q1,2579919,5171,18422,87323,16519,181079,16523,47665,40407,76484,5631,811485,1062356,391933,269598,42972,79363,2579919
2004:Q2,2601691,5180,18453,87535,16547,183862,16551,48322,41071,77918,5626,819220,1072888,392380,270158,42929,79293,2601691
2004:Q3,2586452,5194,18504,87802,16592,188655,16596,49407,42250,80402,5723,812753,1057512,393717,269178,43808,80731,2586452
2004:Q4,2816422,5210,18558,87985,16641,190744,16645,49654,43816,80629,5629,899104,1175166,417385,295084,42958,79343,2816422
2005:Q1,2795829,5229,18630,88368,16713,192243,16699,50099,44187,81258,5616,854632,1201131,413267,291288,42837,79142,2795829
2005:Q2,2887981,5246,18692,88711,16768,193948,16754,50152,44866,82176,5662,858233,1281631,419090,297691,43250,78149,2887981
2005:Q3,3024620,5280,18812,89376,16876,198732,16862,51083,46193,84594,5689,879666,1382051,428138,307751,43495,76892,3024620
2005:Q4,3140097,5323,18964,90123,17013,200593,16999,51422,46704,85468,5632,895005,1473602,433842,316406,42978,74458,3140097
2006:Q1,3207410,5546,2223,91066,1510,144762,6249,21224,31906,85383,5977,769271,1553291,633764,325478,30435,277851,3207410
2006:Q2,3179250,5769,2482,92268,1007,145712,6499,21277,32373,85563,6322,748484,1541588,635618,324483,29892,281243,3179250
2006:Q3,3276062,5992,2741,93374,503,151843,6749,22120,34445,88529,6667,776040,1593224,645678,331693,29349,284636,3276062
2006:Q4,3437077,6215,2999,94409,0,150281,6999,22327,35418,85537,7011,825620,1690312,660230,343396,28806,288028,3437077
2007:Q1,3495319,6327,3053,96241,0,152862,7125,22963,35903,86871,7138,827308,1730658,671732,349196,29324,293212,3495319
2007:Q2,3655088,6439,3107,98145,0,152266,7251,23154,35550,86311,7264,867600,1830076,690191,361953,29843,298395,3655088
2007:Q3,3729806,6551,3161,100131,0,156789,7376,24342,36181,88890,7390,870112,1881901,703771,369831,30361,303579,3729806
2007:Q4,3662216,6662,3215,101949,0,161520,7502,25598,36800,91620,7516,831726,1841548,708080,368438,30880,308762,3662216
2008:Q1,3446195,6298,3384,107379,0,172721,7897,29938,43135,91751,7429,761082,1703113,684789,348096,30387,306306,3446195
2008:Q2,3432352,5934,3553,112450,0,177944,8291,32463,49127,88063,7343,757941,1691193,675994,342249,29894,303851,3432352
2008:Q3,3167168,5570,3722,117736,0,183914,8686,36322,52210,86696,7256,700824,1499695,648451,317655,29401,301395,3167168
2008:Q4,2723349,5206,3891,123710,0,201358,9080,42471,59552,90255,7169,548908,1221721,611386,283538,28909,298939,2723349
2009:Q1,2600419,5221,3809,121459,0,200480,8887,44849,54552,92192,7045,476998,1163782,621625,294327,28094,299204,2600419
2009:Q2,2893867,5235,3726,118594,0,205858,8694,46511,55974,94679,6921,543459,1352828,657246,330497,27279,299470,2893867
2009:Q3,3218248,5249,3643,115699,0,213364,8501,50620,55628,98615,6797,618420,1560101,694975,368776,26464,299735,3218248
2009:Q4,3335355,5263,3561,112956,0,213264,8308,53105,51230,100621,6674,640611,1633353,719673,394024,25649,300000,3335355
2010:Q1,3470251,5130,3518,111513,0,224644,8209,60019,53846,102570,7074,683469,1706866,728037,400666,26154,301217,3470251
2010:Q2,3286206,4997,3476,110138,0,240369,8110,69173,56828,106258,7475,611137,1593219,715395,386302,26659,302434,3286206
2010:Q3,3553581,4864,3433,108727,0,255314,8011,77340,60606,109357,7876,684633,1756681,732053,401237,27165,303651,3553581
2010:Q4,3768435,4731,3391,107273,0,259309,7912,81426,60614,109357,8277,767417,1872030,746007,413469,27670,304868,3768435
2011:Q1,3924088,5661,3529,111476,0,255135,8234,81677,57949,107275,7731,810338,1951941,778277,426294,27992,323991,3924088
2011:Q2,3941977,6591,3667,115761,0,255551,8557,84033,56134,106827,7186,804058,1962830,786333,428267,28314,329752,3941977
2011:Q3,3593775,7520,3806,120310,0,260363,8880,89698,54358,107427,6640,675706,1739468,779962,415816,28636,335510,3593775
2011:Q4,3790304,8450,3944,124532,0,258362,9202,90789,52341,106030,6094,750925,1843681,794316,424095,28958,341263,3790304
2012:Q1,4090908,8221,3836,121184,0,269039,8951,94412,54207,111469,6421,840501,2030405,811301,437685,28974,344642,4090908
2012:Q2,4028259,7993,3729,118048,0,285699,8700,102074,56178,118747,6748,807030,1984929,814083,437082,28989,348012,4028259
2012:Q3,4202287,7764,3621,114892,0,300206,8449,107449,58897,125411,7076,849322,2092869,826537,446157,29005,351375,4202287
2012:Q4,4240411,7536,3513,111768,0,311134,8198,111981,59994,130961,7403,842736,2122209,834112,450360,29020,354732,4240411
2013:Q1,4488517,7368,3570,113498,0,310642,8330,111495,59506,131311,7497,926020,2270076,849846,458090,29435,362321,4488517
2013:Q2,4528599,7201,3627,115429,0,303218,8463,108632,56996,129127,7592,941800,2292334,857398,457623,29851,369924,4528599
2013:Q3,4739845,7034,3684,117330,0,304423,8596,108357,57201,130269,7686,989568,2438551,871569,463764,30266,377539,4739845
2013:Q4,5005756,6867,3741,119082,0,303734,8729,107147,57410,130448,7781,1078821,2598945,886785,470937,30681,385167,5005756
2014:Q1,5079573,7143,3726,118842,0,314162,8694,110141,59554,135773,8170,1084790,2651275,891465,473505,30936,387024,5079573
2014:Q2,5235890,7420,3711,118588,0,324133,8660,113100,61648,140725,8559,1121383,2753738,898358,478302,31190,388866,5235890
2014:Q3,5195823,7696,3697,118357,0,329522,8626,114760,62062,144074,8948,1104801,2724323,898479,476339,31444,390696,5195823
2014:Q4,5292869,7973,3682,118055,0,339619,8591,118567,63366,149095,9337,1146359,2764598,903246,479035,31699,392512,5292869
2015:Q1,5384239,8401,3693,118436,0,344408,8617,118731,64081,152979,9011,1162619,2834119,903552,480676,32172,390704,5384239
2015:Q2,5375986,8829,3704,118955,0,339003,8642,114636,61487,154238,8685,1159631,2836938,900241,478688,32645,388908,5375986
2015:Q3,5105780,9257,3715,119546,0,343095,8667,114921,61011,158496,8359,1071135,2661970,888703,468462,33118,387123,5105780
2015:Q4,5249682,9685,3725,119960,0,340351,8693,112002,59949,159707,8033,1133519,2745030,889379,470436,33591,385352,5249682
2016:Q1,5332791,9141,3769,121482,0,357720,8795,118734,62735,167456,8052,1133089,2802023,897515,474665,33695,389155,5332791
2016:Q2,5430386,8597,3813,122818,0,371932,8897,124144,65214,173677,8071,1152093,2855482,907580,480836,33799,392945,5430386
2016:Q3,5598838,8053,3857,124110,0,378579,8999,126655,66623,176302,8091,1192586,2964404,919158,488533,33904,396721,5598838
2016:Q4,5640565,7509,3900,125417,0,372145,9101,124584,66814,171646,8110,1230835,2967673,924976,490485,34008,400483,5640565
2017:Q1,5901426,8627,3876,124218,0,381610,9044,127663,68438,176465,8794,1305000,3123327,945974,494665,34485,416824,5901426
2017:Q2,6077233,9745,3852,123071,0,393951,8987,131490,70434,183040,9479,1346875,3225472,964788,496644,34962,433182,6077233
2017:Q3,6295045,10863,3827,122382,0,402806,8930,134253,71963,187660,10163,1410786,3349523,984695,499698,35439,449558,6295045
2017:Q4,6540627,11981,3803,121547,0,410497,8873,136606,73085,191933,10847,1502086,3475112,1004754,502888,35916,465950,6540627
2018:Q1,6503495,10952,3844,122996,0,405870,8969,137091,73769,186041,10519,1485294,3461158,1002862,501318,36410,465134,6503495
2018:Q2,6603763,9924,3885,124296,0,406075,9065,139454,74839,182717,10190,1534739,3509888,1004766,503533,36903,464330,6603763
2018:Q3,6825894,8895,3926,125651,0,408985,9161,140690,76068,183066,9862,1635377,3623929,1009269,508338,37396,463535,6825894
2018:Q4,6200100,7866,3967,127365,0,415639,9257,146553,78350,181479,9533,1392461,3249621,993648,493007,37889,462752,6200100
2019:Q1,6767886,9700,4054,129910,0,431171,9460,153252,81899,186560,9418,1571797,3586302,1025534,509777,38095,477662,6767886
2019:Q2,6979394,11533,4141,132580,0,447221,9663,161394,85773,190391,9302,1619864,3705558,1049195,518322,38301,492572,6979394
2019:Q3,7036091,13367,4228,135344,0,459275,9866,168628,89080,191701,9187,1622005,3723802,1068883,522895,38506,507482,7036091
2019:Q4,7418514,15200,4315,137930,0,461162,10069,170248,91123,189722,9071,1751737,3946701,1092398,531293,38712,522393,7418514
2020:Q1,6417512,17980,4758,152945,0,501938,11102,209733,107790,173313,7538,1345046,3271057,1116250,507416,41126,567708,6417512
2020:Q2,7281817,19644,5023,160925,0,533986,11720,223174,108415,190677,6620,1620859,3767782,1166978,529459,42571,594948,7281817
2020:Q3,7673395,21522,5322,169857,0,547612,12418,238398,109947,186849,5584,1744769,3973038,1205691,535839,44202,625650,7673395
2020:Q4,8360154,23073,5569,176056,0,558281,12994,248132,110507,186648,4728,1982375,4362665,1247407,550805,45549,651053,8360154
2021:Q1,8605147,23592,5652,177946,0,531437,13187,239018,104541,174691,4442,2102695,4503715,1255668,549918,46000,659750,8605147
2021:Q2,9067875,24904,5861,183299,0,549227,13675,253993,105793,175766,3718,2260079,4750273,1290514,562087,47139,681288,9067875
2021:Q3,9040282,26114,6053,188901,0,553731,14125,263284,105617,170705,3050,2241802,4711306,1309325,559965,48190,701170,9040282
2021:Q4,9446542,26889,6177,192351,0,553686,14413,269596,102399,167278,2623,2435646,4894984,1334186,571308,48863,714015,9446542
