date,State and local government employee defined benefit retirement funds; total financial assets,State and local government employee defined benefit retirement funds; checkable deposits and currency; asset,State and local government employee defined benefit retirement funds; total time and savings deposits; asset,State and local government employee defined benefit retirement funds; money market fund shares; asset,State and local government employee defined benefit retirement funds; security repurchase agreements; asset,State and local government employee defined benefit retirement funds retirement funds; debt securities; asset,State and local government employee defined benefit retirement funds; commercial paper; asset,State and local government employee defined benefit retirement funds; Treasury securities; asset,State and local government employee defined benefit retirement funds; agency- and GSE-backed securities; asset,State and local government employee defined benefit retirement funds; municipal securities; asset,State and local government employee defined benefit retirement funds; corporate and foreign bonds; asset,State and local government employee defined benefit retirement funds; total mortgages; asset,State and local government employee defined benefit retirement funds; corporate equities; asset,State and local government employee defined benefit retirement funds; mutual fund shares; asset,State and local government employee defined benefit retirement funds; miscellaneous assets,State and local government employee defined benefit retirement funds; claims of pension fund on sponsor; asset,State and local government employee defined benefit retirement funds; unidentified miscellaneous assets,State and local government employee defined benefit retirement funds; pension entitlements (total liabilities)
1945:Q4,12983,69,0,0,0,2508,0,1519,0,849,140,18,7,0,10381,10381,0,12983
1946:Q1,ND,ND,ND,ND,ND,ND,ND,ND,ND,ND,ND,ND,ND,ND,ND,ND,ND,ND
1946:Q2,ND,ND,ND,ND,ND,ND,ND,ND,ND,ND,ND,ND,ND,ND,ND,ND,ND,ND
1946:Q3,ND,ND,ND,ND,ND,ND,ND,ND,ND,ND,ND,ND,ND,ND,ND,ND,ND,ND
1946:Q4,15150,77,0,0,0,2766,0,1671,0,935,160,21,8,0,12278,12278,0,15150
1947:Q1,ND,ND,ND,ND,ND,ND,ND,ND,ND,ND,ND,ND,ND,ND,ND,ND,ND,ND
1947:Q2,ND,ND,ND,ND,ND,ND,ND,ND,ND,ND,ND,ND,ND,ND,ND,ND,ND,ND
1947:Q3,ND,ND,ND,ND,ND,ND,ND,ND,ND,ND,ND,ND,ND,ND,ND,ND,ND,ND
1947:Q4,17777,85,0,0,0,3087,0,1860,0,1037,190,25,10,0,14570,14570,0,17777
1948:Q1,ND,ND,ND,ND,ND,ND,ND,ND,ND,ND,ND,ND,ND,ND,ND,ND,ND,ND
1948:Q2,ND,ND,ND,ND,ND,ND,ND,ND,ND,ND,ND,ND,ND,ND,ND,ND,ND,ND
1948:Q3,ND,ND,ND,ND,ND,ND,ND,ND,ND,ND,ND,ND,ND,ND,ND,ND,ND,ND
1948:Q4,20366,91,0,0,0,3506,0,2073,0,1166,267,35,13,0,16721,16721,0,20366
1949:Q1,ND,ND,ND,ND,ND,ND,ND,ND,ND,ND,ND,ND,ND,ND,ND,ND,ND,ND
1949:Q2,ND,ND,ND,ND,ND,ND,ND,ND,ND,ND,ND,ND,ND,ND,ND,ND,ND,ND
1949:Q3,ND,ND,ND,ND,ND,ND,ND,ND,ND,ND,ND,ND,ND,ND,ND,ND,ND,ND
1949:Q4,23048,101,0,0,0,4008,0,2257,0,1349,402,52,20,0,18867,18867,0,23048
1950:Q1,ND,ND,ND,ND,ND,ND,ND,ND,ND,ND,ND,ND,ND,ND,ND,ND,ND,ND
1950:Q2,ND,ND,ND,ND,ND,ND,ND,ND,ND,ND,ND,ND,ND,ND,ND,ND,ND,ND
1950:Q3,ND,ND,ND,ND,ND,ND,ND,ND,ND,ND,ND,ND,ND,ND,ND,ND,ND,ND
1950:Q4,25882,119,0,0,0,4632,0,2498,0,1549,585,75,29,0,21027,21027,0,25882
1951:Q1,ND,ND,ND,ND,ND,ND,ND,ND,ND,ND,ND,ND,ND,ND,ND,ND,ND,ND
1951:Q2,ND,ND,ND,ND,ND,ND,ND,ND,ND,ND,ND,ND,ND,ND,ND,ND,ND,ND
1951:Q3,ND,ND,ND,ND,ND,ND,ND,ND,ND,ND,ND,ND,ND,ND,ND,ND,ND,ND
1951:Q4,28208,138,0,0,0,5331,0,2918,0,1712,701,105,41,0,22593,22593,0,28208
1952:Q1,29022,143,0,0,0,5572,0,3070,5,1751,746,113,44,0,23150,23150,0,29022
1952:Q2,29846,148,0,0,0,5749,0,3148,10,1794,797,122,47,0,23780,23780,0,29846
1952:Q3,30687,153,0,0,0,6089,0,3313,15,1838,923,131,49,0,24265,24265,0,30687
1952:Q4,31540,158,0,0,0,6287,0,3374,20,1883,1010,141,56,0,24898,24898,0,31540
1953:Q1,32298,164,0,0,0,6561,0,3465,22,1933,1141,152,59,0,25362,25362,0,32298
1953:Q2,33076,173,0,0,0,6932,0,3655,23,1986,1268,163,63,0,25745,25745,0,33076
1953:Q3,33873,182,0,0,0,7291,0,3830,24,2042,1395,175,68,0,26157,26157,0,33873
1953:Q4,34683,189,0,0,0,7514,0,3860,25,2103,1526,188,75,0,26717,26717,0,34683
1954:Q1,35630,193,0,0,0,7898,0,4043,28,2166,1661,202,82,0,27255,27255,0,35630
1954:Q2,36597,195,0,0,0,8305,0,4234,31,2232,1808,217,84,0,27796,27796,0,36597
1954:Q3,37585,195,0,0,0,8606,0,4310,34,2302,1960,233,89,0,28462,28462,0,37585
1954:Q4,38585,194,0,0,0,8912,0,4383,38,2376,2115,249,99,0,29131,29131,0,38585
1955:Q1,39640,191,0,0,0,9188,0,4438,43,2456,2251,266,113,0,29882,29882,0,39640
1955:Q2,40716,185,0,0,0,9459,0,4478,48,2542,2391,283,148,0,30641,30641,0,40716
1955:Q3,41814,179,0,0,0,9788,0,4566,53,2632,2537,301,180,0,31366,31366,0,41814
1955:Q4,42927,174,0,0,0,10139,0,4666,58,2723,2692,318,200,0,32096,32096,0,42927
1956:Q1,44168,175,0,0,0,10594,0,4879,60,2816,2839,336,217,0,32846,32846,0,44168
1956:Q2,45427,178,0,0,0,10840,0,4903,62,2911,2964,352,201,0,33856,33856,0,45427
1956:Q3,46710,183,0,0,0,11073,0,4929,64,3009,3071,371,189,0,34894,34894,0,46710
1956:Q4,48011,190,0,0,0,11286,0,4944,67,3110,3165,395,200,0,35940,35940,0,48011
1957:Q1,49229,200,0,0,0,11631,0,5061,74,3214,3282,425,215,0,36758,36758,0,49229
1957:Q2,50474,214,0,0,0,11974,0,5114,82,3322,3456,460,277,0,37549,37549,0,50474
1957:Q3,51751,228,0,0,0,12380,0,5147,89,3431,3713,499,294,0,38350,38350,0,51751
1957:Q4,53050,237,0,0,0,12718,0,5058,97,3539,4024,540,300,0,39255,39255,0,53050
1958:Q1,54568,242,0,0,0,13197,0,5104,102,3648,4343,584,320,0,40225,40225,0,54568
1958:Q2,56118,245,0,0,0,13439,0,4950,107,3760,4622,631,340,0,41463,41463,0,56118
1958:Q3,57698,245,0,0,0,13818,0,4960,112,3868,4878,681,365,0,42589,42589,0,57698
1958:Q4,59297,244,0,0,0,14227,0,5021,117,3963,5126,736,400,0,43690,43690,0,59297
1959:Q1,59700,241,0,0,0,14634,0,5102,124,4048,5360,792,415,0,43618,43618,0,59700
1959:Q2,60130,234,0,0,0,14953,0,5126,132,4124,5571,847,453,0,43643,43643,0,60130
1959:Q3,60588,227,0,0,0,15459,0,5350,139,4192,5778,911,460,0,43531,43531,0,60588
1959:Q4,61063,221,0,0,0,15845,0,5462,146,4251,5986,992,500,0,43505,43505,0,61063
1960:Q1,62900,223,0,0,0,16338,0,5663,159,4305,6211,1091,491,0,44757,44757,0,62900
1960:Q2,64759,229,0,0,0,16717,0,5724,171,4356,6466,1209,532,0,46072,46072,0,64759
1960:Q3,66657,236,0,0,0,16998,0,5653,184,4393,6768,1333,521,0,47569,47569,0,66657
1960:Q4,68585,243,0,0,0,17437,0,5711,196,4406,7124,1450,600,0,48855,48855,0,68585
1961:Q1,70496,251,0,0,0,17992,0,5855,214,4399,7524,1564,704,0,49985,49985,0,70496
1961:Q2,72452,260,0,0,0,18435,0,5872,233,4374,7956,1680,735,0,51342,51342,0,72452
1961:Q3,74451,269,0,0,0,18853,0,5865,252,4330,8406,1793,792,0,52744,52744,0,74451
1961:Q4,76481,277,0,0,0,19186,0,5800,271,4263,8852,1896,900,0,54222,54222,0,76481
1962:Q1,76354,285,0,0,0,19830,0,6025,325,4175,9305,1990,931,0,53318,53318,0,76354
1962:Q2,76269,294,0,0,0,20248,0,6075,343,4058,9772,2074,753,0,52900,52900,0,76269
1962:Q3,76229,302,0,0,0,20671,0,6125,380,3930,10236,2155,845,0,52256,52256,0,76229
1962:Q4,76222,307,0,0,0,20969,0,6100,395,3804,10670,2242,1000,0,51704,51704,0,76222
1963:Q1,77898,311,0,0,0,21386,0,6200,387,3682,11117,2331,1122,0,52748,52748,0,77898
1963:Q2,79619,313,0,0,0,22017,0,6475,381,3553,11608,2420,1249,0,53620,53620,0,79619
1963:Q3,81382,314,0,0,0,22492,0,6550,351,3426,12165,2512,1375,0,54689,54689,0,81382
1963:Q4,83170,313,0,0,0,22944,0,6510,347,3304,12783,2612,1500,0,55801,55801,0,83170
1964:Q1,85134,313,0,0,0,23660,0,6725,341,3194,13400,2716,1657,0,56788,56788,0,85134
1964:Q2,87127,313,0,0,0,24387,0,6975,375,3089,13948,2822,1782,0,57823,57823,0,87127
1964:Q3,89174,313,0,0,0,24881,0,7066,369,2991,14455,2937,1906,0,59137,59137,0,89174
1964:Q4,91265,311,0,0,0,25255,0,7030,381,2900,14944,3070,2000,0,60629,60629,0,91265
1965:Q1,93553,311,0,0,0,26054,0,7417,376,2820,15441,3221,2094,0,61873,61873,0,93553
1965:Q2,95906,311,0,0,0,26689,0,7590,381,2748,15970,3389,2074,0,63443,63443,0,95906
1965:Q3,98323,312,0,0,0,27096,0,7351,485,2684,16576,3567,2326,0,65022,65022,0,98323
1965:Q4,100779,317,0,0,0,27515,0,7153,492,2625,17245,3746,2500,0,66701,66701,0,100779
1966:Q1,103634,325,0,0,0,28357,0,7312,502,2579,17964,3936,2580,0,68436,68436,0,103634
1966:Q2,106543,335,0,0,0,28941,0,7046,622,2543,18730,4143,2633,0,70491,70491,0,106543
1966:Q3,109508,349,0,0,0,29837,0,7166,671,2513,19487,4344,2527,0,72451,72451,0,109508
1966:Q4,112513,368,0,0,0,30432,0,7115,652,2481,20184,4516,2800,0,74397,74397,0,112513
1967:Q1,115226,407,0,0,0,30920,0,6800,669,2461,20990,4681,3292,0,75926,75926,0,115226
1967:Q2,118025,415,17,0,0,31595,0,6646,744,2442,21763,4847,3420,0,77731,77731,0,118025
1967:Q3,120929,381,69,0,0,32328,0,6308,759,2424,22837,4925,3740,0,79486,79486,0,120929
1967:Q4,123938,303,161,0,0,33277,0,6165,785,2406,23921,5003,3900,0,81294,81294,0,123938
1968:Q1,128716,365,108,0,0,33818,0,6219,758,2437,24404,5148,3847,0,85430,85430,0,128716
1968:Q2,133608,403,75,0,0,34599,0,6120,1028,2372,25079,5269,4696,0,88566,88566,0,133608
1968:Q3,138637,429,146,0,0,35358,0,6023,1138,2384,25813,5275,5232,0,92197,92197,0,138637
1968:Q4,143769,377,230,0,0,36278,0,5921,1410,2382,26565,5362,5800,0,95722,95722,0,143769
1969:Q1,148983,497,52,0,0,37074,0,5850,1437,2386,27401,5426,6091,0,99843,99843,0,148983
1969:Q2,154319,315,143,0,0,38022,0,5815,1465,2368,28374,5475,6458,0,103906,103906,0,154319
1969:Q3,159780,329,211,0,0,39122,0,5696,1552,2348,29526,5550,6699,0,107869,107869,0,159780
1969:Q4,165340,309,170,0,0,39893,0,5437,1566,2331,30559,5575,7300,0,112093,112093,0,165340
1970:Q1,169943,236,138,0,0,40853,0,5335,1592,2308,31618,5650,7750,0,115316,115316,0,169943
1970:Q2,174698,306,209,0,0,41683,0,5179,1609,2159,32736,5808,6754,0,119938,119938,0,174698
1970:Q3,179623,274,167,0,0,43016,0,5274,1576,2133,34033,5789,8577,0,121800,121800,0,179623
1970:Q4,184703,388,213,0,0,43682,0,5104,1491,2032,35055,5920,10100,0,124400,124400,0,184703
1971:Q1,193326,352,233,0,0,44608,0,4880,1414,2040,36274,6019,12058,0,130056,130056,0,193326
1971:Q2,202162,420,180,0,0,45366,0,4426,1400,2042,37498,6170,12798,0,137228,137228,0,202162
1971:Q3,211224,450,174,0,0,46005,0,4371,1448,2050,38136,6178,13942,0,144475,144475,0,211224
1971:Q4,220474,548,148,0,0,46588,0,3896,1544,2152,38996,6288,15400,0,151502,151502,0,220474
1972:Q1,230735,703,39,0,0,47648,0,3633,1668,2229,40118,6309,17456,0,158580,158580,0,230735
1972:Q2,241176,747,33,0,0,48708,0,3723,1800,2466,40719,6257,18513,0,166918,166918,0,241176
1972:Q3,251843,723,65,0,0,49785,0,3643,1944,2123,42075,6340,19828,0,175102,175102,0,251843
1972:Q4,262677,767,191,0,0,50958,0,3597,2105,2029,43227,6470,22200,0,182091,182091,0,262677
1973:Q1,263742,612,304,0,0,52185,0,3687,2284,1622,44592,6632,21487,0,182522,182522,0,263742
1973:Q2,265008,664,429,0,0,53471,0,3460,2480,1536,45995,6821,20326,0,183297,183297,0,265008
1973:Q3,266472,600,660,0,0,54945,0,3028,2840,1650,47427,6888,22451,0,180928,180928,0,266472
1973:Q4,268073,544,800,0,0,55970,0,2508,3334,1691,48437,7141,20200,0,183418,183418,0,268073
1974:Q1,275895,359,887,0,0,57235,0,1840,3817,1845,49733,7277,21039,0,189098,189098,0,275995
1974:Q2,284028,305,1183,0,0,58908,0,1886,4145,1444,51433,7330,19295,0,197007,197007,0,284137
1974:Q3,292410,270,1373,0,0,60758,0,1515,4401,1248,53594,7423,14477,0,208109,208109,0,292529
1974:Q4,301001,254,1543,0,0,61684,0,1585,4583,983,54533,7702,16400,0,213418,213418,0,301131
1975:Q1,310055,317,1811,0,0,63492,0,1559,4719,789,56425,7705,20263,0,216467,216467,0,310199
1975:Q2,319353,332,1688,0,0,65872,0,2215,4836,728,58093,7810,24371,0,219280,219280,0,319510
1975:Q3,328849,296,1342,0,0,67748,0,2548,5045,906,59249,7875,22267,0,229321,229321,0,329018
1975:Q4,338425,275,1171,0,0,70714,0,2540,5254,1940,60980,7542,24300,0,234423,234423,0,338607
1976:Q1,339424,265,1065,0,0,73056,0,3058,5536,2193,62269,7543,28204,0,229291,229291,0,339620
1976:Q2,340510,285,1133,0,0,76687,0,3632,5855,3150,64050,7623,28717,0,226065,226065,0,340723
1976:Q3,341818,254,1055,0,0,78968,0,3900,6275,3383,65410,7625,29254,0,224662,224662,0,342048
1976:Q4,343332,266,1148,0,0,79959,0,4057,6836,3360,65706,7732,30100,0,224127,224127,0,343580
1977:Q1,351267,236,1098,0,0,81459,0,4712,8412,2872,65463,7684,28699,0,232091,232091,0,351540
1977:Q2,359513,300,1401,0,0,84540,0,6568,8619,3628,65725,7864,29936,0,235472,235472,0,359809
1977:Q3,368040,320,1483,0,0,87795,0,6757,8839,3556,68643,7622,29322,0,241498,241498,0,368361
1977:Q4,376726,280,1416,0,0,91175,0,6760,9585,3544,71286,8041,30000,0,245814,245814,0,377074
1978:Q1,386059,332,1758,0,0,94464,0,7624,10968,3386,72486,8082,29203,0,252220,252220,0,386437
1978:Q2,395629,387,2043,0,0,98950,0,9095,11351,3732,74772,8246,32043,0,253960,253960,0,396043
1978:Q3,405478,419,2436,0,0,102405,0,9543,11921,3668,77273,8407,35155,0,256656,256656,0,405931
1978:Q4,415548,385,2354,0,0,107409,0,9454,13965,3951,80039,8586,33300,0,263514,263514,0,416043
1979:Q1,426542,459,2747,0,0,109371,0,10677,14432,4073,80189,8797,35504,0,269664,269664,0,427095
1979:Q2,437853,479,2844,0,0,113753,0,13327,14496,3867,82063,9017,35908,0,275852,275852,0,438469
1979:Q3,449456,484,3055,0,0,114725,0,13287,14065,3880,83493,9322,38316,0,283554,283554,0,450141
1979:Q4,461233,566,3458,0,0,116955,0,14706,15360,3910,82979,9604,37100,0,293550,293550,0,461986
1980:Q1,466390,616,3569,0,0,122397,0,16159,15981,4101,86156,10054,34654,0,295100,295082,18,467195
1980:Q2,471752,664,3556,0,0,129872,0,17582,17783,4025,90482,10295,38460,0,288905,288870,35,472612
1980:Q3,477500,589,3559,0,0,133641,0,19999,18052,3921,91669,10597,41618,0,287496,287443,53,478418
1980:Q4,483583,603,3684,0,0,136284,0,20927,19083,4059,92215,10890,44300,0,287822,287752,70,484572
1981:Q1,499685,784,4107,0,0,139477,0,22432,20201,3920,92924,11166,45689,0,298462,298374,88,500752
1981:Q2,516294,716,3761,0,0,146259,0,24531,20948,3995,96785,11602,46506,0,307450,307345,105,517436
1981:Q3,533398,743,4296,0,0,149946,0,25215,22121,3859,98751,12200,43646,0,322567,322444,123,534612
1981:Q4,550833,624,3813,0,0,156449,0,27564,24250,3856,100779,12519,47800,0,329628,329487,141,552133
1982:Q1,566529,652,3972,0,0,162435,0,29545,27237,3651,102002,12990,45088,0,341392,341221,171,567901
1982:Q2,582747,760,4610,0,0,168574,0,32417,27893,3848,104416,13226,44136,0,351441,351239,202,584175
1982:Q3,599557,836,5083,0,0,174283,0,35849,31339,3550,103545,13667,50162,0,355526,355293,233,601029
1982:Q4,616864,981,5992,0,0,176919,0,36898,34310,3131,102580,13773,60200,0,358999,358735,264,618368
1983:Q1,628428,1202,7350,0,164,180066,164,39812,35339,2363,102388,13983,68737,0,356926,356627,299,630013
1983:Q2,640536,1226,7757,0,406,184530,406,43672,36156,2483,101813,14099,81807,0,350711,350360,351,642205
1983:Q3,653060,1161,7305,0,695,182817,695,46278,36406,2423,97015,14149,87559,0,359374,358952,422,654828
1983:Q4,665731,1400,8785,0,1000,184170,1000,48910,39252,2000,93008,14651,89641,0,366084,365575,509,667602
1984:Q1,679478,1623,10104,0,1321,190729,1321,54561,40192,2151,92504,14726,88715,0,372260,371786,474,681489
1984:Q2,693319,1790,11093,0,1657,201352,1657,59177,38801,2264,99453,14935,87637,0,374855,374416,439,695496
1984:Q3,707542,2003,12727,0,2040,209169,2040,64331,39492,2068,101238,14961,96406,0,370236,369814,422,709885
1984:Q4,722086,1999,11960,0,2500,217912,2500,67914,43308,1534,102656,15255,96514,0,375946,375577,369,724598
1985:Q1,736966,2339,14085,0,3039,217234,3039,73822,43495,1550,95328,15319,105957,0,378993,378607,386,739687
1985:Q2,752414,2886,14614,0,3656,222794,3656,77190,40841,1278,99829,15345,111742,0,381377,380973,404,755332
1985:Q3,768382,2496,14149,0,4320,231312,4320,79910,41556,1225,104301,15321,105134,0,395650,395210,440,771502
1985:Q4,784641,2351,13327,1427,5000,237054,5000,85383,38124,1128,107419,15309,120071,6773,383329,382839,490,787969
1986:Q1,802258,2300,14072,1494,5714,243096,5714,95028,34901,938,106515,15400,135544,7353,377285,376696,589,805807
1986:Q2,820367,2200,14183,1480,6480,250530,6480,98507,36024,1196,108323,15197,147760,6799,375738,375058,680,824124
1986:Q3,839031,2499,11595,1587,7355,263318,7355,104604,37905,1035,112419,15364,140408,5803,391102,390431,671,842981
1986:Q4,858087,3082,9891,1725,8270,281535,8270,115329,38147,709,119080,15550,150215,5545,382274,381572,702,862234
1987:Q1,874343,3709,7403,1757,9211,293098,9211,122815,39917,553,120602,15333,184755,7522,351555,350785,770,878793
1987:Q2,891171,4301,5753,1885,10170,299182,10170,129503,41311,606,117592,15228,196669,9277,348706,347941,765,895932
1987:Q3,908575,4712,5019,1937,10929,303473,10929,135414,42927,647,113556,15408,210476,10894,345727,345108,619,913601
1987:Q4,926241,4844,5216,2015,11272,313435,11272,138866,42961,808,119528,15331,170087,9098,394943,394372,571,931539
1988:Q1,943799,4852,5761,2112,11247,317490,11247,143570,40327,667,121679,15448,188043,9065,389781,389254,527,949399
1988:Q2,961678,5095,5865,2270,10900,325603,10900,142940,39568,742,131453,15637,196898,8870,390540,390057,483,967590
1988:Q3,980299,4736,6488,2326,10468,330853,10468,148740,39557,622,131466,15586,204078,7832,397932,397420,512,986460
1988:Q4,999502,4410,7116,2329,10183,334934,10183,150659,35347,533,138212,15603,212634,7448,404845,402728,2117,1005913
1989:Q1,1044587,3685,8123,2428,10320,345503,10320,151057,37920,467,145739,15132,225318,7371,426707,423974,2733,1051381
1989:Q2,1090548,3593,8418,2599,10353,356190,10353,151664,43928,403,149842,15118,251759,7614,434904,430985,3919,1097728
1989:Q3,1137376,3298,8850,2610,10526,361431,10526,153198,47393,336,149978,15295,270927,8029,456410,451210,5200,1144926
1989:Q4,1184742,3171,9060,2791,9703,366167,9703,152396,51203,268,152597,15299,277832,7780,492939,486670,6269,1192664
1990:Q1,1215986,3790,8479,2929,9969,382642,9969,162764,54214,479,155216,15181,267614,7257,518125,511516,6609,1224739
1990:Q2,1247758,4318,7953,2813,11410,389877,11410,168301,56085,486,153595,15243,282130,8380,525634,517805,7829,1257579
1990:Q3,1280468,4716,7802,2738,11820,392299,11820,170147,61255,245,148832,15311,250979,6961,587842,580217,7625,1291239
1990:Q4,1313636,4974,7701,2791,12233,385928,12233,168235,62851,473,142136,16061,284569,7772,591607,583776,7831,1325515
1991:Q1,1346966,4366,14658,2722,13785,390515,13785,177144,62935,364,136287,16562,327145,9730,567483,563573,3910,1359691
1991:Q2,1381125,4640,12230,2804,16515,394449,16515,178753,64651,487,134043,16322,328790,10273,595102,590339,4763,1394937
1991:Q3,1416611,3038,9902,3006,20870,391528,20870,163948,64551,549,141610,16675,357453,12235,601904,596872,5032,1431390
1991:Q4,1452914,3807,8828,2950,18868,387730,18868,165494,58038,619,144711,16886,394962,13102,605781,601160,4621,1468821
1992:Q1,1518256,3960,8406,2970,19299,397418,19299,171904,55408,554,150253,16173,388418,14241,667371,662633,4738,1534988
1992:Q2,1584143,4435,8358,2979,20685,402636,20685,177959,49236,534,154222,17066,391220,15673,721091,716350,4741,1601935
1992:Q3,1650394,6409,7910,3090,23573,419036,23573,197677,48036,378,149372,16306,400848,15615,757607,753570,4037,1669773
1992:Q4,1717111,6515,6942,3106,24680,425302,24680,203534,39761,445,156882,16453,431666,17915,784532,779988,4544,1737922
1993:Q1,1746228,5836,7591,3446,25219,424066,25219,204950,32740,460,160697,15645,463983,19457,780985,776348,4637,1768188
1993:Q2,1775329,6129,8601,3766,26344,435798,26344,211378,32078,617,165381,14506,465277,21158,793750,789025,4725,1798964
1993:Q3,1806363,5460,8554,3789,19887,452871,19887,221833,34149,1222,175780,15055,487775,23455,789517,785215,4302,1830352
1993:Q4,1837621,6619,6230,4124,20449,454083,20449,217450,35796,1371,179017,14529,506221,25631,799735,795626,4109,1862126
1994:Q1,1871137,5476,5869,4512,20399,459417,20399,224335,40588,716,173379,14637,492220,26468,842139,838317,3822,1895703
1994:Q2,1905095,5794,5520,4763,22909,458923,22909,220641,45014,845,169514,14941,494757,27578,869910,865836,4074,1930117
1994:Q3,1939917,7137,2636,4807,25093,459577,25093,217370,38390,1104,177620,15024,520213,30529,874901,870270,4631,1965353
1994:Q4,1975050,6737,2483,4958,27825,463505,27825,215554,39872,1112,179142,15199,521682,44781,887880,883293,4587,2000999
1995:Q1,2014659,5139,2536,5071,29519,483917,29519,224973,44665,1053,183707,15397,558839,50241,864000,859773,4227,2041361
1995:Q2,2055564,4687,2594,5443,31257,485294,31257,217221,48067,1131,187618,15558,612334,55761,842636,838055,4581,2082518
1995:Q3,2097465,5145,4209,5614,29383,487519,29383,211282,56192,1374,189288,15746,667210,60148,822491,817657,4834,2124539
1995:Q4,2139715,4207,4464,5894,31477,493864,31477,208194,63118,1830,189245,15938,703520,62902,817449,812648,4801,2167095
1996:Q1,2173451,4772,4969,6330,26428,509040,26428,213528,69231,2271,197582,16126,736723,64753,804310,799154,5156,2201744
1996:Q2,2207804,5883,3871,6593,28179,523235,28179,221067,70214,1297,202478,16324,762670,66448,794601,789163,5438,2236922
1996:Q3,2244033,7186,2274,6988,27573,511657,27573,213439,65037,496,205112,16526,802307,67960,801562,796294,5268,2272998
1996:Q4,2280058,7466,2293,7592,28222,521621,28222,212791,68622,561,211425,16734,846588,73182,776360,770841,5519,2309510
1997:Q1,2313342,5353,5021,8326,27395,541152,27395,211138,78763,2051,221805,16946,848717,73083,787349,782413,4936,2343866
1997:Q2,2348179,8820,2302,8689,32233,557669,32233,214907,78798,2059,229672,17160,952228,84676,684402,679229,5173,2379058
1997:Q3,2384033,6505,2823,9831,32148,573056,32149,223531,81608,2467,233301,17382,1032573,92503,617212,611881,5331,2415139
1997:Q4,2420991,5314,2420,9644,28616,580667,28616,218997,87006,1503,244545,17607,1051316,93362,632045,626467,5578,2451735
1998:Q1,2464576,6666,1653,9710,36927,595950,36927,212146,90116,2080,254681,18673,1153078,106899,535020,529255,5765,2496904
1998:Q2,2510862,7610,1621,9759,35839,613538,35839,213210,98041,2227,264221,20681,1162493,106732,552589,546673,5916,2543102
1998:Q3,2557713,7749,1717,9802,38309,627731,38309,207823,104820,2151,274628,21499,1015882,95796,739228,733425,5803,2590376
1998:Q4,2605240,9973,1983,9949,37532,639064,37532,212576,106104,3252,279600,22410,1188056,115863,580410,574598,5812,2638288
1999:Q1,2653528,7600,2169,10546,41037,657123,41037,211463,113106,4536,286981,22793,1216866,122112,573282,567024,6258,2687451
1999:Q2,2703199,9450,1651,10968,40909,660889,40909,213790,114932,3241,288017,23968,1312387,128360,514617,508093,6524,2737673
1999:Q3,2751126,9370,2120,11736,39259,670704,39259,204790,112839,3122,310694,23855,1231949,120845,641288,634718,6570,2788925
1999:Q4,2799712,9225,1692,11784,40375,681303,40375,198824,129022,3044,310038,25687,1407716,140858,481072,473958,7114,2840695
2000:Q1,2849290,11100,2400,11800,45400,695000,45400,196900,124500,2900,325300,24300,1449700,150600,458990,452013,6977,2893768
2000:Q2,2900225,12778,2869,12107,45179,698673,47652,194886,143291,2836,310008,24741,1408895,155780,539203,531971,7232,2947414
2000:Q3,2953222,12556,4738,12914,41857,704547,46805,185471,159082,2272,310917,21781,1429789,170961,554079,546610,7469,3002250
2000:Q4,3010525,9935,1606,13220,39836,721119,47257,179057,178873,1707,314225,22122,1298683,178341,725663,717447,8216,3057881
2001:Q1,3071202,8313,1475,13827,36015,697891,45909,177342,176064,1943,296633,21862,1185877,170422,935520,926170,9350,3116065
2001:Q2,3132015,13291,1944,14434,38694,708765,51061,183128,194655,1779,278142,20503,1265772,181102,887510,878116,9394,3175627
2001:Q3,3192982,13369,1813,14941,36372,679138,51214,166813,178346,715,282050,20944,1125466,162483,1138456,1128245,10211,3236568
2001:Q4,3254449,11448,1781,15447,33951,668411,51266,155099,180737,1651,279658,20984,1260360,184263,1057804,1047804,10000,3298294
2002:Q1,3305040,12126,2550,15954,32430,675783,52218,163285,181928,686,277666,20925,1294055,193344,1057873,1048980,8893,3350090
2002:Q2,3360011,10195,2677,64950,3821,646827,30565,153232,181204,822,281004,20785,1139181,159383,1312192,1245858,66334,3403063
2002:Q3,3415146,10996,2202,62472,3675,619906,29399,151652,185490,829,252536,21458,1076542,158960,1458935,1394688,64247,3457140
2002:Q4,3468499,13425,2156,70369,4139,591833,33115,144525,183215,837,230141,21863,1076523,173082,1515109,1444877,70232,3511666
2003:Q1,3514641,15324,1970,74885,4405,587654,35240,148527,194101,844,208942,20230,1119439,185643,1505091,1434278,70813,3559561
2003:Q2,3561622,13531,815,55882,3287,606873,26297,161290,215348,851,203087,22796,1142658,202375,1513405,1436385,77020,3608389
2003:Q3,3612559,13335,1003,45105,2653,607667,21226,145602,227955,2701,210183,24904,1185568,215528,1516796,1438134,78662,3658156
2003:Q4,3662167,17579,1458,52663,3098,649747,24782,141252,255699,4552,223462,17662,1254192,236937,1428831,1344536,84295,3708280
2004:Q1,3765747,22554,1958,63239,3720,698312,29759,143710,292533,6403,225907,14643,1232634,242702,1485985,1402058,83927,3809911
2004:Q2,3868170,19657,1984,41304,2430,712039,19437,134943,314380,8253,235026,17755,1295749,268289,1508963,1416533,92430,3911886
2004:Q3,3974403,20715,1945,45854,2719,685053,22063,143825,293540,6592,219033,14779,1257819,243741,1701778,1616236,85542,4014805
2004:Q4,4072729,17527,1477,41539,2484,749930,20437,153823,275299,4930,295441,14238,1471030,263902,1510602,1416936,93666,4118059
2005:Q1,4133089,16917,1270,42578,2568,746021,21421,166952,264351,3268,290029,11888,1473782,255006,1583059,1489714,93345,4176612
2005:Q2,4194143,17480,1181,45984,2797,706993,23658,171517,233454,1607,276757,11653,1491598,257687,1658770,1561004,97766,4236143
2005:Q3,4248989,15516,1299,41421,2541,706434,21794,157240,233987,1676,291737,9579,1505127,254233,1712839,1615582,97257,4296711
2005:Q4,4303731,17902,1710,48184,2983,740044,25929,162596,261243,1746,288530,11322,1530000,256168,1695418,1596432,98986,4357751
2006:Q1,4359102,17113,1907,46673,2915,729410,25690,151826,266551,1816,283527,12105,1696388,279731,1572860,1463278,109582,4421250
2006:Q2,4419164,16516,2117,45667,2879,747230,25713,148982,282646,1885,288004,13254,1650253,263921,1677327,1573452,103875,4485948
2006:Q3,4475917,16261,2127,48296,3073,765614,27819,153858,275797,1785,306355,15435,1674690,268945,1681476,1576348,105128,4551917
2006:Q4,4532538,16276,2171,51605,3314,776414,30412,157228,266089,1685,321000,14428,1734141,281727,1652462,1543042,109420,4618563
2007:Q1,4591013,15020,2052,51417,3334,755093,31004,146314,229283,1585,346907,15841,1751049,281126,1716081,1608445,107636,4685463
2007:Q2,4646514,16243,2251,57848,3789,822281,35696,162417,243732,1484,378952,17517,1873530,293801,1559254,1448324,110930,4753723
2007:Q3,4714368,13612,1786,47336,3131,815111,29894,160898,238025,1427,384867,19311,1880791,288994,1644296,1527043,117253,4823361
2007:Q4,4782514,13727,1701,46605,3114,842539,30126,148802,216443,1370,445798,27118,1839262,264712,1743736,1629817,113919,4893701
2008:Q1,4851121,15730,1877,52416,3539,835055,34685,146695,209852,1313,442510,25599,1737432,238139,1941334,1830740,110594,4959805
2008:Q2,4915947,15709,1774,51157,3491,833388,34659,142011,199394,1256,456068,17114,1769649,218780,2004885,1896219,108666,5026608
2008:Q3,4990338,15462,1438,43886,3027,770520,30445,140704,182566,1184,415621,15501,1602673,201043,2336788,2235736,101052,5094841
2008:Q4,5069700,19307,1563,49812,3474,732359,35391,143751,171851,1112,380254,13181,1299132,167904,2782968,2695341,87627,5163787
2009:Q1,5120162,21909,1549,51675,3645,689698,37607,144548,157976,1040,348527,12716,1219961,150532,2968477,2890016,78461,5212131
2009:Q2,5162316,21968,1247,45527,3248,711949,33944,148094,147962,967,380982,11964,1299017,145291,2922105,2845940,76165,5261609
2009:Q3,5207877,24171,1241,47062,3397,734152,35953,147530,146439,1137,403093,11988,1502218,154396,2729252,2654202,75050,5311964
2009:Q4,5257516,23633,1079,42989,3140,735603,33658,148707,146655,1307,405276,11273,1574956,163838,2701005,2617191,83814,5362184
2010:Q1,5368857,24218,980,41241,3049,753104,33098,155670,152653,1476,410207,11584,1616577,166675,2751429,2665606,85823,5471919
2010:Q2,5487331,25344,913,40590,3039,754333,33399,155945,151968,1646,411375,11787,1491813,160968,2998544,2910627,87917,5581861
2010:Q3,5591088,22747,750,39535,2997,764342,33360,151059,144394,1783,433746,12079,1619569,163555,2965514,2877073,88441,5691886
2010:Q4,5694723,23828,720,44244,3398,765146,38293,153738,144191,1921,427003,11416,1722987,172773,2950211,2854805,95406,5801220
2011:Q1,5735732,26194,736,50809,3954,773772,45118,157095,144649,2058,424852,11106,1772348,180303,2916510,2813841,102669,5846507
2011:Q2,5779387,26456,677,53982,4258,786985,49193,166981,151470,2196,417145,11247,1766572,181104,2948106,2841471,106635,5891872
2011:Q3,5832258,25234,839,48106,3795,728387,43838,152056,123686,1864,406943,13470,1625858,106940,3279629,3170686,108943,5937391
2011:Q4,5871590,23884,998,41967,3311,720796,38244,142217,100515,1532,438288,12678,1735762,90400,3241794,3131852,109942,5982460
2012:Q1,5910089,25982,1245,42866,3381,791166,39063,181555,121954,1200,447394,11143,1938328,55443,3040535,2937955,102580,6029635
2012:Q2,5956386,27367,1473,42307,3337,806507,38553,191115,116380,868,459591,10542,1881620,38342,3144891,3036748,108143,6076332
2012:Q3,6000153,28894,1990,44189,3486,802965,40268,182197,106818,1224,472458,10314,1935270,53810,3119235,3007900,111335,6123091
2012:Q4,6044382,29821,2475,45142,3561,813060,41137,185479,104685,1579,480180,10414,1962660,67305,3109944,3000985,108959,6169118
2013:Q1,6269744,30581,2951,45837,3616,821346,41770,196704,107388,1935,473549,9375,2053219,81978,3220841,3110934,109907,6398741
2013:Q2,6499478,28960,3299,42851,3380,811198,39049,192468,100677,2290,476714,8967,2055993,96217,3448613,3338983,109630,6628316
2013:Q3,6721160,30006,3422,44616,3520,816189,40658,187458,100379,2300,485394,7470,2146169,107578,3562190,3452394,109796,6857958
2013:Q4,6941435,33778,3855,50415,3977,836350,45942,181275,99466,2310,507357,6416,2246766,117814,3642064,3533384,108680,7087203
2014:Q1,7027348,32899,3760,49333,3892,854203,44956,184304,103373,2319,519251,7359,2226300,131076,3718526,3607514,111012,7177608
2014:Q2,7109668,31555,3610,47562,3752,902361,43342,198331,113032,2329,545327,9479,2293029,143707,3674613,3561988,112625,7268588
2014:Q3,7204640,32217,3176,45784,3612,907431,41721,198738,113110,2329,551533,7662,2268488,150935,3785335,3676103,109232,7360300
2014:Q4,7296510,36022,3101,48743,3845,910478,44418,199249,113248,2330,551233,8152,2283589,167065,3835515,3722699,112816,7452241
2015:Q1,7370526,36450,2640,46612,3677,900857,42476,176744,100268,2330,579039,8720,2339626,181085,3850859,3736113,114746,7526651
2015:Q2,7447704,41152,2667,50923,4017,900791,46405,185671,105202,2330,561183,9180,2338699,188718,3911557,3799887,111670,7601962
2015:Q3,7535207,38799,2450,48436,3821,879613,44138,170999,98102,2395,563979,9413,2199783,187848,4165044,4054152,110892,7678111
2015:Q4,7613517,38737,2381,48782,3848,880744,44454,174546,101326,2460,557958,8017,2249974,192377,4188657,4075347,113310,7754366
2016:Q1,7689158,36961,2201,47008,3708,901110,42838,170358,100166,2525,585223,8421,2253409,189138,4247202,4136071,111131,7826010
2016:Q2,7762256,40473,2364,51778,4085,908845,47184,184977,109663,2589,564432,9181,2242570,213484,4289476,4164201,125275,7897614
2016:Q3,7845587,38352,2490,53922,4254,910204,49138,203821,106204,2614,548427,18179,2301148,218654,4298384,4161186,137198,7969769
2016:Q4,7931074,40613,2871,61671,4865,892949,56200,218760,100431,2638,514920,14533,2321541,222220,4369811,4221631,148180,8041801
2017:Q1,8009955,34988,2792,59332,4680,907304,54068,239543,98121,2662,512910,10390,2414005,234757,4341707,4177281,164426,8111204
2017:Q2,8090022,30407,2774,58329,4601,922509,53154,262833,97299,2687,506536,8268,2491333,243268,4328533,4150223,178310,8181063
2017:Q3,8163764,31050,2713,60201,4749,934592,54860,266534,99841,3029,510328,4154,2594443,255365,4276497,4090343,186154,8251351
2017:Q4,8236514,30212,2517,59232,4673,955036,53977,289412,109483,3372,498792,6901,2706807,264039,4207097,4015608,191489,8321431
2018:Q1,8307021,30629,2435,60671,4786,976072,55288,300086,114607,3714,502377,7440,2668510,277381,4279097,4078851,200246,8385827
2018:Q2,8376880,30321,2286,60719,4790,947259,55331,307321,118458,4057,462092,9425,2707756,292300,4322024,4111866,210158,8450768
2018:Q3,8441939,29959,2259,59995,4733,943358,54671,301734,116304,3387,467262,12541,2779599,285511,4323984,4118707,205277,8516374
2018:Q4,8512860,28559,2153,57191,4512,975592,52116,367854,141791,4029,409802,12329,2478604,270505,4683415,4488927,194488,8582145
2019:Q1,8524710,19405,11,21638,3720,1056909,19597,357618,144296,0,535398,9672,2408245,127351,4877759,4334735,543024,8651964
2019:Q2,8603841,24244,1797,16294,3318,1028594,16809,381967,146099,0,483719,8857,2348544,91871,5080322,4310178,770144,8722714
2019:Q3,8665451,29927,1878,16792,11672,1004803,11803,343486,179320,0,470194,9115,2455137,176076,4960051,4297490,662561,8794418
2019:Q4,8724750,22084,4200,21072,6721,954884,12375,329266,166888,0,446355,7877,2523465,168428,5016019,4205490,810529,8866419
2020:Q1,8826407,21592,3972,28415,6531,968797,16317,325278,174994,0,452208,8295,2145001,138478,5505326,4783359,721967,8938984
2020:Q2,8868940,20006,2507,26853,4120,996956,10309,284653,184348,0,517646,7303,2341432,149226,5320537,4499440,821097,9011678
2020:Q3,8942905,21168,2186,27783,2861,1021238,10243,309889,193139,0,507967,7536,2526566,156509,5177058,4390500,786558,9085007
2020:Q4,9022915,28041,2195,21280,7819,1074578,8615,346770,189844,0,529349,6943,2843545,196888,4841626,4020321,821305,9158149
2021:Q1,9078453,24842,2202,23386,18358,1082335,15332,344494,190713,0,531796,7435,2957463,180948,4781484,3936497,844987,9231291
2021:Q2,9139638,25954,2364,21949,24504,1171231,18398,393166,191625,0,568042,7366,3133297,183020,4569953,3693183,876770,9304432
2021:Q3,9207035,34173,2110,29342,16465,1173588,17359,418488,202138,0,535603,7584,3077873,191520,4674380,3737383,936997,9377574
2021:Q4,9272560,37417,2091,29731,19858,1214219,19134,450215,203629,0,541241,7596,3207092,199930,4554626,3601836,952790,9450715
