date,Mortgage real estate investment trusts; total financial assets,Mortgage real estate investment trusts; checkable deposits and currency; asset,Mortgage real estate investment trusts; debt securities; asset,Mortgage real estate investment trusts; agency- and GSE-backed securities; asset,Mortgage real estate investment trusts; corporate and foreign bonds; asset,Mortgage real estate investment trusts; total mortgages; asset,Mortgage real estate investment trusts; one-to-four-family residential mortgages; asset,Mortgage real estate investment trusts; multifamily residential mortgages; asset,Mortgage real estate investment trusts; commercial mortgages; asset,Mortgage real estate investment trusts; total miscellaneous assets,Mortgage real estate investment trusts; total liabilities,Mortgage real estate investment trusts; security repurchase agreements; liability,Mortgage real estate investment trusts; debt securities; liability,Mortgage real estate investment trusts; commercial paper; liability,Mortgage real estate investment trusts; corporate and foreign bonds, excluding FHLB advances; liability,Mortgage real estate investment trusts; loans; liability,Mortgage real estate investment trusts; depository institution loans n.e.c.; liability,Mortgage real estate investment trusts; FHLB advances; liability,Mortgage real estate investment trusts; unidentified miscellaneous liabilities,Real estate investment trusts; securitized assets,Mortgage real estate investment trusts; securitized agency- and GSE-backed securities; asset,Mortgage real estate investment trusts; securitized one-to-four-family residential mortgages; asset,Mortgage real estate investment trusts; securitized multifamily residential mortgages; asset,Mortgage real estate investment trusts; securitized commercial mortgages; asset
1945:Q4,0,0,0,0,0,0,0,0,0,0,0,0,0,0,0,0,0,0,0,0,0,0,0,0
1946:Q1,ND,ND,ND,ND,ND,ND,ND,ND,ND,ND,ND,ND,ND,ND,ND,ND,ND,ND,ND,ND,ND,ND,ND,ND
1946:Q2,ND,ND,ND,ND,ND,ND,ND,ND,ND,ND,ND,ND,ND,ND,ND,ND,ND,ND,ND,ND,ND,ND,ND,ND
1946:Q3,ND,ND,ND,ND,ND,ND,ND,ND,ND,ND,ND,ND,ND,ND,ND,ND,ND,ND,ND,ND,ND,ND,ND,ND
1946:Q4,0,0,0,0,0,0,0,0,0,0,0,0,0,0,0,0,0,0,0,0,0,0,0,0
1947:Q1,ND,ND,ND,ND,ND,ND,ND,ND,ND,ND,ND,ND,ND,ND,ND,ND,ND,ND,ND,ND,ND,ND,ND,ND
1947:Q2,ND,ND,ND,ND,ND,ND,ND,ND,ND,ND,ND,ND,ND,ND,ND,ND,ND,ND,ND,ND,ND,ND,ND,ND
1947:Q3,ND,ND,ND,ND,ND,ND,ND,ND,ND,ND,ND,ND,ND,ND,ND,ND,ND,ND,ND,ND,ND,ND,ND,ND
1947:Q4,0,0,0,0,0,0,0,0,0,0,0,0,0,0,0,0,0,0,0,0,0,0,0,0
1948:Q1,ND,ND,ND,ND,ND,ND,ND,ND,ND,ND,ND,ND,ND,ND,ND,ND,ND,ND,ND,ND,ND,ND,ND,ND
1948:Q2,ND,ND,ND,ND,ND,ND,ND,ND,ND,ND,ND,ND,ND,ND,ND,ND,ND,ND,ND,ND,ND,ND,ND,ND
1948:Q3,ND,ND,ND,ND,ND,ND,ND,ND,ND,ND,ND,ND,ND,ND,ND,ND,ND,ND,ND,ND,ND,ND,ND,ND
1948:Q4,0,0,0,0,0,0,0,0,0,0,0,0,0,0,0,0,0,0,0,0,0,0,0,0
1949:Q1,ND,ND,ND,ND,ND,ND,ND,ND,ND,ND,ND,ND,ND,ND,ND,ND,ND,ND,ND,ND,ND,ND,ND,ND
1949:Q2,ND,ND,ND,ND,ND,ND,ND,ND,ND,ND,ND,ND,ND,ND,ND,ND,ND,ND,ND,ND,ND,ND,ND,ND
1949:Q3,ND,ND,ND,ND,ND,ND,ND,ND,ND,ND,ND,ND,ND,ND,ND,ND,ND,ND,ND,ND,ND,ND,ND,ND
1949:Q4,0,0,0,0,0,0,0,0,0,0,0,0,0,0,0,0,0,0,0,0,0,0,0,0
1950:Q1,ND,ND,ND,ND,ND,ND,ND,ND,ND,ND,ND,ND,ND,ND,ND,ND,ND,ND,ND,ND,ND,ND,ND,ND
1950:Q2,ND,ND,ND,ND,ND,ND,ND,ND,ND,ND,ND,ND,ND,ND,ND,ND,ND,ND,ND,ND,ND,ND,ND,ND
1950:Q3,ND,ND,ND,ND,ND,ND,ND,ND,ND,ND,ND,ND,ND,ND,ND,ND,ND,ND,ND,ND,ND,ND,ND,ND
1950:Q4,0,0,0,0,0,0,0,0,0,0,0,0,0,0,0,0,0,0,0,0,0,0,0,0
1951:Q1,ND,ND,ND,ND,ND,ND,ND,ND,ND,ND,ND,ND,ND,ND,ND,ND,ND,ND,ND,ND,ND,ND,ND,ND
1951:Q2,ND,ND,ND,ND,ND,ND,ND,ND,ND,ND,ND,ND,ND,ND,ND,ND,ND,ND,ND,ND,ND,ND,ND,ND
1951:Q3,ND,ND,ND,ND,ND,ND,ND,ND,ND,ND,ND,ND,ND,ND,ND,ND,ND,ND,ND,ND,ND,ND,ND,ND
1951:Q4,0,0,0,0,0,0,0,0,0,0,0,0,0,0,0,0,0,0,0,0,0,0,0,0
1952:Q1,0,0,0,0,0,0,0,0,0,0,0,0,0,0,0,0,0,0,0,0,0,0,0,0
1952:Q2,0,0,0,0,0,0,0,0,0,0,0,0,0,0,0,0,0,0,0,0,0,0,0,0
1952:Q3,0,0,0,0,0,0,0,0,0,0,0,0,0,0,0,0,0,0,0,0,0,0,0,0
1952:Q4,0,0,0,0,0,0,0,0,0,0,0,0,0,0,0,0,0,0,0,0,0,0,0,0
1953:Q1,0,0,0,0,0,0,0,0,0,0,0,0,0,0,0,0,0,0,0,0,0,0,0,0
1953:Q2,0,0,0,0,0,0,0,0,0,0,0,0,0,0,0,0,0,0,0,0,0,0,0,0
1953:Q3,0,0,0,0,0,0,0,0,0,0,0,0,0,0,0,0,0,0,0,0,0,0,0,0
1953:Q4,0,0,0,0,0,0,0,0,0,0,0,0,0,0,0,0,0,0,0,0,0,0,0,0
1954:Q1,0,0,0,0,0,0,0,0,0,0,0,0,0,0,0,0,0,0,0,0,0,0,0,0
1954:Q2,0,0,0,0,0,0,0,0,0,0,0,0,0,0,0,0,0,0,0,0,0,0,0,0
1954:Q3,0,0,0,0,0,0,0,0,0,0,0,0,0,0,0,0,0,0,0,0,0,0,0,0
1954:Q4,0,0,0,0,0,0,0,0,0,0,0,0,0,0,0,0,0,0,0,0,0,0,0,0
1955:Q1,0,0,0,0,0,0,0,0,0,0,0,0,0,0,0,0,0,0,0,0,0,0,0,0
1955:Q2,0,0,0,0,0,0,0,0,0,0,0,0,0,0,0,0,0,0,0,0,0,0,0,0
1955:Q3,0,0,0,0,0,0,0,0,0,0,0,0,0,0,0,0,0,0,0,0,0,0,0,0
1955:Q4,0,0,0,0,0,0,0,0,0,0,0,0,0,0,0,0,0,0,0,0,0,0,0,0
1956:Q1,0,0,0,0,0,0,0,0,0,0,0,0,0,0,0,0,0,0,0,0,0,0,0,0
1956:Q2,0,0,0,0,0,0,0,0,0,0,0,0,0,0,0,0,0,0,0,0,0,0,0,0
1956:Q3,0,0,0,0,0,0,0,0,0,0,0,0,0,0,0,0,0,0,0,0,0,0,0,0
1956:Q4,0,0,0,0,0,0,0,0,0,0,0,0,0,0,0,0,0,0,0,0,0,0,0,0
1957:Q1,0,0,0,0,0,0,0,0,0,0,0,0,0,0,0,0,0,0,0,0,0,0,0,0
1957:Q2,0,0,0,0,0,0,0,0,0,0,0,0,0,0,0,0,0,0,0,0,0,0,0,0
1957:Q3,0,0,0,0,0,0,0,0,0,0,0,0,0,0,0,0,0,0,0,0,0,0,0,0
1957:Q4,0,0,0,0,0,0,0,0,0,0,0,0,0,0,0,0,0,0,0,0,0,0,0,0
1958:Q1,0,0,0,0,0,0,0,0,0,0,0,0,0,0,0,0,0,0,0,0,0,0,0,0
1958:Q2,0,0,0,0,0,0,0,0,0,0,0,0,0,0,0,0,0,0,0,0,0,0,0,0
1958:Q3,0,0,0,0,0,0,0,0,0,0,0,0,0,0,0,0,0,0,0,0,0,0,0,0
1958:Q4,0,0,0,0,0,0,0,0,0,0,0,0,0,0,0,0,0,0,0,0,0,0,0,0
1959:Q1,0,0,0,0,0,0,0,0,0,0,0,0,0,0,0,0,0,0,0,0,0,0,0,0
1959:Q2,0,0,0,0,0,0,0,0,0,0,0,0,0,0,0,0,0,0,0,0,0,0,0,0
1959:Q3,0,0,0,0,0,0,0,0,0,0,0,0,0,0,0,0,0,0,0,0,0,0,0,0
1959:Q4,0,0,0,0,0,0,0,0,0,0,0,0,0,0,0,0,0,0,0,0,0,0,0,0
1960:Q1,0,0,0,0,0,0,0,0,0,0,0,0,0,0,0,0,0,0,0,0,0,0,0,0
1960:Q2,0,0,0,0,0,0,0,0,0,0,0,0,0,0,0,0,0,0,0,0,0,0,0,0
1960:Q3,0,0,0,0,0,0,0,0,0,0,0,0,0,0,0,0,0,0,0,0,0,0,0,0
1960:Q4,0,0,0,0,0,0,0,0,0,0,0,0,0,0,0,0,0,0,0,0,0,0,0,0
1961:Q1,0,0,0,0,0,0,0,0,0,0,0,0,0,0,0,0,0,0,0,0,0,0,0,0
1961:Q2,0,0,0,0,0,0,0,0,0,0,0,0,0,0,0,0,0,0,0,0,0,0,0,0
1961:Q3,0,0,0,0,0,0,0,0,0,0,0,0,0,0,0,0,0,0,0,0,0,0,0,0
1961:Q4,0,0,0,0,0,0,0,0,0,0,0,0,0,0,0,0,0,0,0,0,0,0,0,0
1962:Q1,0,0,0,0,0,0,0,0,0,0,0,0,0,0,0,0,0,0,0,0,0,0,0,0
1962:Q2,0,0,0,0,0,0,0,0,0,0,0,0,0,0,0,0,0,0,0,0,0,0,0,0
1962:Q3,0,0,0,0,0,0,0,0,0,0,0,0,0,0,0,0,0,0,0,0,0,0,0,0
1962:Q4,0,0,0,0,0,0,0,0,0,0,0,0,0,0,0,0,0,0,0,0,0,0,0,0
1963:Q1,0,0,0,0,0,0,0,0,0,0,0,0,0,0,0,0,0,0,0,0,0,0,0,0
1963:Q2,0,0,0,0,0,0,0,0,0,0,0,0,0,0,0,0,0,0,0,0,0,0,0,0
1963:Q3,0,0,0,0,0,0,0,0,0,0,0,0,0,0,0,0,0,0,0,0,0,0,0,0
1963:Q4,0,0,0,0,0,0,0,0,0,0,0,0,0,0,0,0,0,0,0,0,0,0,0,0
1964:Q1,0,0,0,0,0,0,0,0,0,0,0,0,0,0,0,0,0,0,0,0,0,0,0,0
1964:Q2,0,0,0,0,0,0,0,0,0,0,0,0,0,0,0,0,0,0,0,0,0,0,0,0
1964:Q3,0,0,0,0,0,0,0,0,0,0,0,0,0,0,0,0,0,0,0,0,0,0,0,0
1964:Q4,0,0,0,0,0,0,0,0,0,0,0,0,0,0,0,0,0,0,0,0,0,0,0,0
1965:Q1,0,0,0,0,0,0,0,0,0,0,0,0,0,0,0,0,0,0,0,0,0,0,0,0
1965:Q2,0,0,0,0,0,0,0,0,0,0,0,0,0,0,0,0,0,0,0,0,0,0,0,0
1965:Q3,0,0,0,0,0,0,0,0,0,0,0,0,0,0,0,0,0,0,0,0,0,0,0,0
1965:Q4,0,0,0,0,0,0,0,0,0,0,0,0,0,0,0,0,0,0,0,0,0,0,0,0
1966:Q1,0,0,0,0,0,0,0,0,0,0,0,0,0,0,0,0,0,0,0,0,0,0,0,0
1966:Q2,0,0,0,0,0,0,0,0,0,0,0,0,0,0,0,0,0,0,0,0,0,0,0,0
1966:Q3,0,0,0,0,0,0,0,0,0,0,0,0,0,0,0,0,0,0,0,0,0,0,0,0
1966:Q4,0,0,0,0,0,0,0,0,0,0,0,0,0,0,0,0,0,0,0,0,0,0,0,0
1967:Q1,0,0,0,0,0,0,0,0,0,0,0,0,0,0,0,0,0,0,0,0,0,0,0,0
1967:Q2,0,0,0,0,0,0,0,0,0,0,0,0,0,0,0,0,0,0,0,0,0,0,0,0
1967:Q3,0,0,0,0,0,0,0,0,0,0,0,0,0,0,0,0,0,0,0,0,0,0,0,0
1967:Q4,0,0,0,0,0,0,0,0,0,0,0,0,0,0,0,0,0,0,0,0,0,0,0,0
1968:Q1,16,0,0,0,0,56,0,0,56,-40,16,0,0,0,0,7,7,0,9,0,0,0,0,0
1968:Q2,32,0,0,0,0,156,10,19,127,-124,32,0,0,0,0,14,14,0,18,0,0,0,0,0
1968:Q3,54,0,0,0,0,227,25,28,174,-173,54,0,0,0,0,23,23,0,31,0,0,0,0,0
1968:Q4,84,0,0,0,0,348,34,48,266,-264,84,0,0,0,0,40,40,0,44,0,0,0,0,0
1969:Q1,108,0,0,0,0,437,49,95,293,-329,108,0,0,0,0,44,44,0,64,0,0,0,0,0
1969:Q2,121,0,0,0,0,581,82,138,361,-460,121,0,4,0,4,50,50,0,67,0,0,0,0,0
1969:Q3,136,0,0,0,0,715,126,195,394,-579,136,0,18,0,18,54,54,0,64,0,0,0,0,0
1969:Q4,163,0,0,0,0,1006,209,316,481,-843,163,0,20,0,20,67,67,0,76,0,0,0,0,0
1970:Q1,168,0,0,0,0,1301,358,490,453,-1133,168,0,63,0,63,55,55,0,50,0,0,0,0,0
1970:Q2,192,0,0,0,0,1516,417,571,528,-1324,192,0,84,0,84,63,63,0,45,0,0,0,0,0
1970:Q3,200,0,0,0,0,1740,479,655,606,-1540,200,0,84,0,84,63,63,0,53,0,0,0,0,0
1970:Q4,240,0,0,0,0,2156,593,812,751,-1916,240,0,126,0,126,72,72,0,42,0,0,0,0,0
1971:Q1,284,0,0,0,0,2387,656,900,831,-2103,284,0,150,0,150,90,90,0,44,0,0,0,0,0
1971:Q2,331,0,0,0,0,2749,757,1036,956,-2418,331,0,206,0,206,99,99,0,26,0,0,0,0,0
1971:Q3,380,0,0,0,0,3000,728,1199,1073,-2620,380,0,500,312,188,113,113,0,-233,0,0,0,0,0
1971:Q4,452,0,0,0,0,3362,769,1394,1199,-2910,452,0,993,780,213,114,114,0,-655,0,0,0,0,0
1972:Q1,590,0,0,0,0,3934,868,1788,1278,-3344,590,0,1564,1322,242,147,147,0,-1121,0,0,0,0,0
1972:Q2,722,0,0,0,0,4583,1092,2043,1448,-3861,722,0,2206,1937,269,155,155,0,-1639,0,0,0,0,0
1972:Q3,817,0,0,0,0,4920,1060,2273,1587,-4103,817,0,2879,2600,279,151,151,0,-2213,0,0,0,0,0
1972:Q4,997,0,0,0,0,5724,1186,2700,1838,-4727,997,0,3532,3240,292,208,208,0,-2743,0,0,0,0,0
1973:Q1,1130,0,0,0,0,6183,1280,2883,2020,-5053,1130,0,3423,3100,323,281,281,0,-2574,0,0,0,0,0
1973:Q2,1275,0,0,0,0,7072,1286,3503,2283,-5797,1275,0,3482,3121,361,350,350,0,-2557,0,0,0,0,0
1973:Q3,1421,0,0,0,0,8183,1626,3923,2634,-6762,1421,0,4292,3920,372,382,382,0,-3253,0,0,0,0,0
1973:Q4,1553,0,0,0,0,8832,1842,4224,2766,-7279,1553,0,4382,3975,407,443,443,0,-3272,0,0,0,0,0
1974:Q1,1650,0,0,0,0,9289,1982,4447,2860,-7639,1650,0,3815,3380,435,519,519,0,-2684,0,0,0,0,0
1974:Q2,1737,0,0,0,0,9255,1973,4433,2849,-7518,1737,0,2000,1564,436,603,603,0,-866,0,0,0,0,0
1974:Q3,1742,0,0,0,0,8932,1722,4299,2911,-7190,1742,0,1324,895,429,658,658,0,-240,0,0,0,0,0
1974:Q4,1740,0,0,0,0,8843,1674,4330,2839,-7103,1740,0,1151,710,441,671,671,0,-82,0,0,0,0,0
1975:Q1,1676,0,0,0,0,7553,1433,3603,2517,-5877,1676,0,1132,743,389,635,635,0,-91,0,0,0,0,0
1975:Q2,1436,0,0,0,0,6282,1195,2916,2171,-4846,1436,0,1176,840,336,533,533,0,-273,0,0,0,0,0
1975:Q3,1139,0,0,0,0,4819,919,2174,1726,-3680,1139,0,1068,784,284,436,436,0,-365,0,0,0,0,0
1975:Q4,974,0,0,0,0,3793,725,1661,1407,-2819,974,0,1060,829,231,371,371,0,-457,0,0,0,0,0
1976:Q1,925,0,0,0,0,3460,687,1478,1295,-2535,925,0,851,646,205,334,334,0,-260,0,0,0,0,0
1976:Q2,866,0,0,0,0,3125,643,1301,1181,-2259,866,0,817,607,210,301,301,0,-252,0,0,0,0,0
1976:Q3,820,0,0,0,0,2791,595,1132,1064,-1971,820,0,867,663,204,279,279,0,-326,0,0,0,0,0
1976:Q4,777,0,0,0,0,2456,542,970,944,-1679,777,0,751,559,192,238,238,0,-212,0,0,0,0,0
1977:Q1,727,0,0,0,0,2294,514,900,880,-1567,727,0,700,514,186,201,201,0,-174,0,0,0,0,0
1977:Q2,630,0,0,0,0,2132,484,831,817,-1502,630,0,763,585,178,160,160,0,-293,0,0,0,0,0
1977:Q3,579,0,0,0,0,1971,454,764,753,-1392,579,0,703,523,180,140,140,0,-264,0,0,0,0,0
1977:Q4,560,0,0,0,0,1807,422,696,689,-1247,560,0,692,518,174,131,131,0,-263,0,0,0,0,0
1978:Q1,540,0,0,0,0,1758,410,671,677,-1218,540,0,693,541,152,120,120,0,-273,0,0,0,0,0
1978:Q2,532,0,0,0,0,1710,398,647,665,-1178,532,0,797,650,147,95,95,0,-360,0,0,0,0,0
1978:Q3,509,0,0,0,0,1644,381,616,647,-1135,509,0,815,666,149,86,86,0,-392,0,0,0,0,0
1978:Q4,514,0,0,0,0,1613,373,599,641,-1099,514,0,759,626,133,81,81,0,-326,0,0,0,0,0
1979:Q1,509,0,0,0,0,1590,356,598,636,-1081,509,0,786,658,128,77,77,0,-354,0,0,0,0,0
1979:Q2,502,0,0,0,0,1567,338,598,631,-1065,502,0,882,749,133,71,71,0,-451,0,0,0,0,0
1979:Q3,495,0,0,0,0,1544,321,597,626,-1049,495,0,767,658,109,65,65,0,-337,0,0,0,0,0
1979:Q4,485,0,0,0,0,1521,304,596,621,-1036,485,0,887,761,126,58,58,0,-460,0,0,0,0,0
1980:Q1,476,0,0,0,0,1495,300,583,612,-1019,476,0,777,648,129,56,56,0,-357,0,0,0,0,0
1980:Q2,467,0,0,0,0,1468,295,570,603,-1001,467,0,717,572,145,53,53,0,-303,0,0,0,0,0
1980:Q3,458,0,0,0,0,1440,290,556,594,-982,458,0,646,516,130,50,50,0,-238,0,0,0,0,0
1980:Q4,449,0,0,0,0,1413,285,543,585,-964,449,0,666,533,133,48,48,0,-265,0,0,0,0,0
1981:Q1,447,0,0,0,0,1403,286,535,582,-956,447,0,693,548,145,46,46,0,-292,0,0,0,0,0
1981:Q2,446,0,0,0,0,1392,286,527,579,-946,446,0,685,548,137,43,43,0,-282,0,0,0,0,0
1981:Q3,442,0,0,0,0,1381,287,518,576,-939,442,0,697,550,147,41,41,0,-296,0,0,0,0,0
1981:Q4,438,0,0,0,0,1371,287,510,574,-933,438,0,697,553,144,39,39,0,-298,0,0,0,0,0
1982:Q1,444,0,0,0,0,1391,284,528,579,-947,444,0,665,522,143,37,37,0,-258,0,0,0,0,0
1982:Q2,442,0,0,0,0,1412,281,546,585,-970,442,0,633,491,142,39,39,0,-230,0,0,0,0,0
1982:Q3,446,0,0,0,0,1432,278,564,590,-986,446,0,601,460,141,40,40,0,-195,0,0,0,0,0
1982:Q4,444,0,0,0,0,1452,274,582,596,-1008,444,0,569,429,140,40,40,0,-165,0,0,0,0,0
1983:Q1,442,0,0,0,0,1437,262,589,586,-995,442,0,552,412,140,40,40,0,-150,0,0,0,0,0
1983:Q2,436,0,0,0,0,1420,249,595,576,-984,436,0,536,395,141,34,34,0,-134,0,0,0,0,0
1983:Q3,420,0,0,0,0,1404,236,602,566,-984,420,0,520,378,142,29,29,0,-129,0,0,0,0,0
1983:Q4,416,0,0,0,0,1386,223,607,556,-970,416,0,503,361,142,25,25,0,-112,0,0,0,0,0
1984:Q1,492,0,690,690,0,1501,229,675,597,-1699,492,0,667,416,251,25,25,0,-200,500,500,0,0,0
1984:Q2,578,0,1379,1379,0,1614,235,739,640,-2415,578,0,833,472,361,27,27,0,-282,1000,1000,0,0,0
1984:Q3,666,0,2066,2066,0,1727,240,806,681,-3127,666,0,1001,529,472,28,28,0,-363,1500,1500,0,0,0
1984:Q4,749,0,2572,2572,0,1811,241,860,710,-3634,749,0,1181,588,593,28,28,0,-460,2056,2056,0,0,0
1985:Q1,769,0,2580,2580,0,1861,247,884,730,-3672,769,0,1263,623,640,29,29,0,-523,2080,2080,0,0,0
1985:Q2,784,0,2591,2591,0,1936,258,919,759,-3743,784,0,1345,657,688,33,33,0,-594,2110,2110,0,0,0
1985:Q3,804,0,2603,2603,0,2014,268,956,790,-3813,804,0,1428,690,738,40,40,0,-664,2150,2150,0,0,0
1985:Q4,912,0,2763,2763,0,2865,316,1126,1423,-4716,912,0,1500,723,777,48,48,0,-636,2182,2182,0,0,0
1986:Q1,1014,0,4005,4005,0,2977,328,1170,1479,-5968,1014,0,1617,814,803,54,54,0,-657,2285,2285,0,0,0
1986:Q2,1197,0,5247,5247,0,3123,340,1229,1554,-7173,1197,0,1689,773,916,60,60,0,-552,2744,2744,0,0,0
1986:Q3,1380,0,6489,6489,0,3173,345,1249,1579,-8282,1380,0,1970,925,1045,67,67,0,-657,3375,3375,0,0,0
1986:Q4,1551,0,7731,7731,0,2864,312,1127,1425,-9044,1551,0,2829,1051,1778,71,71,0,-1349,6677,6677,0,0,0
1987:Q1,1687,0,9346,9346,0,2979,324,1173,1482,-10638,1687,0,3119,1265,1854,80,80,0,-1512,7087,7087,0,0,0
1987:Q2,1936,0,10961,10961,0,2969,325,1168,1476,-11994,1936,0,3601,1242,2359,89,89,0,-1754,9419,9419,0,0,0
1987:Q3,2214,0,12576,12576,0,3121,319,1244,1558,-13483,2214,0,4053,1249,2804,98,98,0,-1937,11289,11289,0,0,0
1987:Q4,2475,0,14191,14191,0,3356,342,1338,1676,-15072,2475,0,4614,1406,3208,106,106,0,-2245,13002,13002,0,0,0
1988:Q1,2639,0,14824,14824,0,3502,357,1396,1749,-15687,2639,0,4741,1431,3310,120,120,0,-2222,13345,13345,0,0,0
1988:Q2,2727,0,15457,15457,0,3521,359,1404,1758,-16251,2727,0,4846,1423,3423,141,141,0,-2260,13760,13760,0,0,0
1988:Q3,2844,0,16090,16090,0,3781,385,1508,1888,-17027,2844,0,4830,1397,3433,147,147,0,-2133,13738,13738,0,0,0
1988:Q4,3120,0,16723,16723,0,4182,425,1668,2089,-17785,3120,0,4874,1290,3584,217,217,0,-1971,14576,14576,0,0,0
1989:Q1,3065,0,16941,16941,0,4055,413,1617,2025,-17931,3065,0,5021,1283,3738,269,269,0,-2225,15315,15315,0,0,0
1989:Q2,3135,0,17158,17158,0,4022,409,1604,2009,-18045,3135,0,4967,1174,3793,277,277,0,-2109,15397,15397,0,0,0
1989:Q3,3149,0,17376,17376,0,3948,402,1574,1972,-18175,3149,0,4974,1138,3836,281,281,0,-2106,15570,15570,0,0,0
1989:Q4,3200,0,17593,17593,0,4028,410,1606,2012,-18421,3200,0,4906,1122,3784,286,286,0,-1992,15300,15300,0,0,0
1990:Q1,3181,0,17318,17318,0,3992,406,1592,1994,-18129,3181,0,4562,830,3732,291,291,0,-1672,15027,15027,0,0,0
1990:Q2,3169,0,17043,17043,0,3977,404,1586,1987,-17851,3169,0,4610,779,3831,296,296,0,-1737,15473,15473,0,0,0
1990:Q3,3188,0,16768,16768,0,3965,403,1581,1981,-17545,3188,0,4456,804,3652,301,301,0,-1569,14594,14594,0,0,0
1990:Q4,3179,0,16493,16493,0,3727,407,1474,1846,-17041,3179,0,4716,920,3796,306,306,0,-1843,15258,15258,0,0,0
1991:Q1,3239,0,16517,16517,0,3543,352,1384,1807,-16821,3239,0,4776,880,3896,311,311,0,-1848,15709,15709,0,0,0
1991:Q2,3293,0,16541,16541,0,3546,375,1384,1787,-16794,3293,0,4748,916,3832,316,316,0,-1771,15378,15378,0,0,0
1991:Q3,3262,0,16565,16565,0,3480,357,1384,1739,-16783,3262,0,4654,920,3734,324,324,0,-1716,14992,14992,0,0,0
1991:Q4,3464,0,16589,16589,0,3391,355,1384,1652,-16516,3464,0,4669,900,3769,350,350,0,-1555,14992,14992,0,0,0
1992:Q1,3525,0,16650,16520,130,3304,334,1354,1616,-16429,3525,1398,4867,861,4006,382,382,0,-3122,15963,15792,171,0,0
1992:Q2,3568,0,16703,16400,303,3690,513,1435,1742,-16825,3568,1871,4628,865,3763,393,393,0,-3324,14655,14393,262,0,0
1992:Q3,3659,0,16712,16150,562,3791,797,1325,1669,-16844,3659,2379,4629,873,3756,416,416,0,-3765,14498,14091,407,0,0
1992:Q4,3687,0,16773,15900,873,4256,1105,1392,1759,-17342,3687,2883,4714,886,3828,262,262,0,-4172,14268,13704,564,0,0
1993:Q1,3561,0,16728,15800,928,4408,1350,1349,1709,-17575,3561,3415,4528,679,3849,252,252,0,-4634,14268,13579,689,0,0
1993:Q2,3612,0,16683,15700,983,4675,1709,1276,1690,-17746,3612,4007,4146,541,3605,251,251,0,-4792,12976,12104,872,0,0
1993:Q3,3801,0,15754,14800,954,4947,2011,1259,1677,-16900,3801,4571,4070,564,3506,247,247,0,-5087,12521,11495,1026,0,0
1993:Q4,4096,0,16606,15600,1006,5062,2194,1212,1656,-17572,4096,5019,4096,564,3532,249,249,0,-5268,12521,11402,1119,0,0
1994:Q1,4785,0,15211,14000,1211,6130,2815,1379,1936,-16556,4785,6600,3901,425,3476,294,294,0,-6010,11600,10164,1436,0,0
1994:Q2,5225,0,13815,12400,1415,7341,3734,1448,2159,-15931,5225,7900,3608,290,3318,343,343,0,-6626,10700,8795,1905,0,0
1994:Q3,5885,0,12419,10800,1619,8434,4682,1444,2308,-14968,5885,9400,3500,150,3350,399,399,0,-7414,9800,7411,2389,0,0
1994:Q4,6057,0,11023,9200,1823,8592,4961,1364,2267,-13558,6057,9747,3219,13,3206,422,422,0,-7331,8953,6422,2531,0,0
1995:Q1,6141,0,10751,8900,1851,9140,5666,1233,2241,-13750,6141,9940,3220,10,3210,399,399,0,-7418,8637,5746,2891,0,0
1995:Q2,6394,0,10478,8600,1878,9573,6129,1183,2261,-13657,6394,10391,3223,4,3219,345,345,0,-7565,7901,4774,3127,0,0
1995:Q3,6538,0,10205,8300,1905,10102,6752,1126,2224,-13769,6538,10648,3229,5,3224,314,314,0,-7653,7480,4035,3445,0,0
1995:Q4,6839,0,11483,9000,2483,9858,6777,993,2088,-14502,6839,10926,3259,6,3253,352,352,0,-7698,7621,4164,3457,0,0
1996:Q1,7141,0,12760,9700,3060,9732,7044,781,1907,-15351,7141,11205,3290,7,3283,390,390,0,-7744,7763,4169,3219,375,0
1996:Q2,7563,0,14038,10400,3638,9463,7015,666,1782,-15938,7563,11595,3332,8,3324,443,443,0,-7807,7961,4382,3229,350,0
1996:Q3,8066,240,15319,11128,4191,9313,7014,645,1654,-16806,8066,12060,3383,10,3373,507,507,0,-7884,8197,4696,3176,325,0
1996:Q4,8729,290,15918,12198,3720,10323,7844,760,1719,-17802,8729,13720,3535,9,3526,543,543,0,-9069,7350,4464,2628,258,0
1997:Q1,9724,384,16421,12210,4211,11208,8555,766,1887,-18289,9724,15075,3843,8,3835,590,590,0,-9784,6998,4350,2413,235,0
1997:Q2,11095,372,18587,13399,5188,13066,10021,957,2088,-20930,11095,17423,4248,5,4243,769,769,0,-11345,7755,4119,3316,320,0
1997:Q3,12549,497,20977,15810,5167,14406,11114,1071,2221,-23331,12549,20152,5518,29,5489,817,817,0,-13938,8068,4260,3516,292,0
1997:Q4,15294,428,26747,21187,5560,17560,13691,1334,2535,-29441,15294,24905,6677,33,6644,1233,1233,0,-17521,11060,4879,5741,437,3
1998:Q1,18085,594,30104,23183,6921,19623,15292,1382,2949,-32236,18085,29989,8428,70,8358,1605,1605,0,-21937,11266,5210,5434,465,157
1998:Q2,20063,629,28303,21062,7241,22485,17914,1425,3146,-31354,20063,28103,10038,29,10009,1837,1837,0,-19915,13678,4874,7599,736,469
1998:Q3,22215,501,24904,18301,6603,22614,17642,1528,3444,-25804,22215,24855,10737,206,10531,2344,2344,0,-15721,14232,5418,7080,866,868
1998:Q4,22612,529,18339,13119,5220,19310,14475,1368,3467,-15566,22612,15133,11416,207,11209,2353,2353,0,-6290,13929,4977,7547,791,614
1999:Q1,23625,488,19733,14915,4818,18052,13036,1299,3717,-14648,23625,16138,12736,212,12524,2011,2011,0,-7260,13466,4424,7399,906,737
1999:Q2,22958,480,19646,14875,4771,17660,12727,1236,3697,-14828,22958,16323,12409,210,12199,1988,1988,0,-7762,13009,4043,7381,863,722
1999:Q3,23468,566,19116,14608,4508,17666,12843,1172,3651,-13880,23468,15765,12551,186,12365,1909,1909,0,-6757,12790,3792,7503,801,694
1999:Q4,39169,655,19508,11366,8142,16181,11144,1568,3469,2825,32969,14875,14896,0,14896,2332,2332,0,866,11538,3670,5551,366,1951
2000:Q1,34532,541,19167,11259,7908,12370,7748,1370,3252,2454,29507,12573,14928,0,14928,1453,1453,0,553,11771,3806,5932,309,1724
2000:Q2,33494,440,18515,10376,8139,12167,7360,1322,3485,2372,28622,12261,15127,0,15127,645,645,0,589,11242,3691,5551,305,1695
2000:Q3,33722,520,18809,11607,7202,11945,7155,1251,3539,2448,28792,12828,14504,0,14504,734,734,0,726,10781,3574,5273,297,1637
2000:Q4,35216,568,19917,11993,7924,11605,7667,1032,2906,3126,28856,12361,13590,0,13590,1814,1814,0,1091,10048,3472,5370,146,1060
2001:Q1,34786,631,20033,13100,6933,11739,7896,1167,2676,2383,28473,13589,12977,0,12977,1016,1016,0,891,8837,2609,5080,140,1008
2001:Q2,36555,675,22006,15245,6761,11395,7622,1096,2677,2479,30043,15661,12092,0,12092,1137,1137,0,1153,7621,1731,4813,132,945
2001:Q3,40072,597,24418,17729,6689,12152,8248,1061,2843,2905,32888,18187,12176,0,12176,1272,1272,0,1253,7015,963,5041,124,887
2001:Q4,46203,690,29089,20288,8801,12577,8464,944,3169,3847,38423,21552,13111,0,13111,1998,1998,0,1762,6744,329,5455,118,842
2002:Q1,53142,766,35734,27094,8640,12650,8790,862,2998,3992,44263,27694,12590,0,12590,2066,2066,0,1913,6493,0,5592,112,789
2002:Q2,61769,629,41865,31555,10310,15025,10758,898,3369,4250,52095,32191,15556,0,15556,2380,2380,0,1968,8963,0,7624,117,1222
2002:Q3,68844,677,45549,33864,11685,18429,14000,884,3545,4189,59163,36926,17499,0,17499,2478,2478,0,2260,11400,0,10099,113,1188
2002:Q4,70031,871,41353,31765,9588,23478,18613,992,3873,4329,61163,36180,20010,0,20010,3043,3043,0,1930,14753,0,13217,109,1427
2003:Q1,69267,964,41823,27459,14364,22125,17170,932,4023,4355,60711,33230,21587,0,21587,3243,3243,0,2651,16532,0,15016,107,1409
2003:Q2,77407,956,43046,29482,13564,29235,23930,969,4336,4170,68667,38302,25618,0,25618,2098,2098,0,2649,19526,0,18041,105,1380
2003:Q3,84911,1550,42863,26678,16185,35972,30261,979,4732,4526,75617,38326,32066,0,32066,3069,3069,0,2156,25960,0,24503,103,1354
2003:Q4,96405,1101,46719,28883,17836,43697,37107,1180,5410,4888,85904,41634,38613,0,38613,3011,3011,0,2646,30327,0,28907,100,1320
2004:Q1,119243,1488,61163,37780,23383,50766,42442,1234,7090,5826,106632,51894,46761,0,46761,3028,3028,0,4949,37012,0,34038,99,2875
2004:Q2,134069,2925,63491,37126,26365,61637,52503,1352,7782,6016,120726,58281,55930,0,55930,4179,4179,0,2336,43883,0,40825,98,2960
2004:Q3,156495,1923,72748,40787,31961,75281,66161,1280,7840,6543,140705,62046,71050,0,71050,3812,3812,0,3797,60391,0,57114,95,3182
2004:Q4,203223,3506,79273,44675,34598,112697,103096,1341,8260,7747,183995,70300,101146,0,101146,7955,7955,0,4594,89949,0,86801,79,3069
2005:Q1,214350,3784,81100,44153,36947,120631,110102,1418,9111,8835,193870,72024,112543,0,112543,6612,6612,0,2691,98557,0,94836,174,3547
2005:Q2,231810,3815,86568,44523,42045,131878,120995,1351,9532,9549,210827,75141,123872,0,123872,7704,7704,0,4110,105562,0,102053,136,3373
2005:Q3,247822,4766,90516,43003,47513,141592,130523,1419,9650,10948,226073,80612,130826,0,130826,10331,10331,0,4304,109906,0,105098,134,4674
2005:Q4,250039,4299,91091,40628,50463,140210,127897,1514,10799,14439,228809,83486,126225,0,126225,10997,10997,0,8101,107251,0,102453,143,4655
2006:Q1,261394,5048,93013,40308,52705,150174,135545,1957,12672,13159,237904,84559,137756,0,137756,10905,10905,0,4684,112654,0,107068,247,5339
2006:Q2,274970,4122,104332,47939,56393,152353,137621,1852,12880,14163,250436,93613,137881,0,137881,13618,13618,0,5324,113111,0,106984,245,5882
2006:Q3,284629,5016,112670,55080,57590,152468,134108,2218,16142,14475,259501,98359,138887,0,138887,14929,14929,0,7326,112922,0,105564,230,7128
2006:Q4,282954,5044,127558,65412,62146,129278,104109,4574,20595,21074,258062,97890,139177,0,139177,9371,9371,0,11624,110005,0,92650,393,16962
2007:Q1,300116,5626,137691,76819,60872,140205,110464,5266,24475,16594,273927,104036,145549,0,145549,15120,15120,0,9222,115308,0,97401,388,17519
2007:Q2,294152,5587,139102,76204,62898,131768,99519,5455,26794,17695,268409,106330,141041,0,141041,13804,13804,0,7234,110934,0,90816,386,19732
2007:Q3,262041,5657,114708,78682,36026,124036,90363,5096,28577,17640,241607,85612,136007,0,136007,9763,9763,0,10225,101194,0,79815,385,20994
2007:Q4,255308,5614,120627,88910,31717,113877,80626,4860,28391,15190,238557,91702,127295,0,127295,7648,7648,0,11912,92123,0,72410,390,19323
2008:Q1,235536,7609,113334,92323,21011,98959,66119,4649,28191,15634,214490,89859,104724,0,104724,6953,6953,0,12954,72197,0,56542,385,15270
2008:Q2,235594,6041,118360,99331,19029,92559,60527,4495,27537,18634,211026,91623,100931,0,100931,5788,5788,0,12684,66666,0,50862,389,15415
2008:Q3,226047,9086,110263,93175,17088,86731,55371,3904,27456,19967,202088,89575,91069,0,91069,6421,6421,0,15023,59430,0,44498,383,14549
2008:Q4,185175,5347,98357,89631,8726,64790,34189,3794,26807,16681,167340,79364,68413,0,68413,4843,4843,0,14720,45411,0,31788,389,13234
2009:Q1,159597,4848,100958,93160,7798,39535,8385,3637,27513,14256,140395,79258,43552,0,43552,2707,2707,0,14878,23948,0,7230,380,16338
2009:Q2,165747,4467,110380,101369,9011,38059,9320,3431,25308,12841,143774,81975,42063,0,42063,2464,2464,0,17272,24153,0,7934,375,15844
2009:Q3,168926,6715,116677,105747,10930,32849,9028,2073,21748,12685,143343,89127,38224,0,38224,2387,2387,0,13605,20853,0,7740,371,12742
2009:Q4,167749,7446,116157,105193,10964,30469,8812,1965,19692,13677,142734,90480,37062,0,37062,2003,2003,0,13189,18632,0,6092,370,12170
2010:Q1,178889,5853,122397,109109,13288,36191,10947,1900,23344,14448,152757,88913,45124,0,45124,1952,1952,0,16768,20736,0,7420,382,12934
2010:Q2,177742,5245,129127,114617,14510,30727,8838,1853,20036,12643,149588,94388,38682,0,38682,1849,1849,0,14669,19724,0,7412,372,11940
2010:Q3,194506,5895,144513,128694,15819,29503,8701,1757,19045,14595,165617,102040,38495,0,38495,1858,1858,0,23224,19237,0,7187,360,11690
2010:Q4,208132,5820,161173,143393,17780,28688,8849,1634,18205,12451,177173,120385,37013,0,37013,1997,1997,0,17778,18127,0,7185,359,10583
2011:Q1,275031,8818,211217,190707,20510,40938,20247,1559,19132,14058,219783,160811,37101,0,37101,762,762,0,21109,15019,0,6070,356,8593
2011:Q2,300776,6791,239397,216949,22448,38980,19554,1549,17877,15608,243603,187103,34755,0,34755,430,430,0,21315,14458,0,5936,348,8174
2011:Q3,328160,11432,262772,239200,23572,37751,19579,1520,16652,16205,268075,210856,33477,0,33477,470,470,0,23272,14555,0,6380,338,7837
2011:Q4,331089,10651,270279,248077,22202,37321,19595,1445,16281,12838,270276,218106,31343,0,31343,516,516,0,20311,14335,0,6454,334,7547
2012:Q1,396605,13395,328240,302894,25346,37290,21099,1463,14728,17680,328549,261577,31677,0,31677,357,357,0,34938,15176,0,7115,322,7739
2012:Q2,419981,13314,347781,320611,27170,40228,24124,1466,14638,18658,348645,281849,35362,0,35362,504,504,0,30930,17596,0,9526,302,7768
2012:Q3,489250,16309,408008,377817,30191,41374,24233,1427,15714,23559,406785,321850,33746,0,33746,535,435,100,50654,17185,0,9421,308,7456
2012:Q4,477810,14205,389477,357557,31920,44054,26260,1517,16277,30074,395190,320553,30137,0,30137,3322,3060,262,41178,15637,0,10167,299,5171
2013:Q1,480362,20476,382061,345873,36188,44439,26444,1830,16165,33386,392539,322011,31766,0,31766,2719,2296,423,36043,15955,0,10589,336,5030
2013:Q2,595714,14178,362142,332579,29563,185040,29005,3265,152770,34354,507066,309701,158978,0,158978,1763,1265,498,36624,150848,0,18380,2777,129691
2013:Q3,560443,12194,341535,311599,29936,186448,29259,3291,153898,20266,471487,288443,160426,0,160426,2002,1394,608,20616,152130,0,19403,2778,129949
2013:Q4,525769,10904,299615,269266,30349,191924,31093,3800,157031,23326,447398,255510,172245,0,172245,3114,2125,989,16529,160140,0,19864,2953,137323
2014:Q1,540753,10803,289889,259983,29906,213461,32656,3850,176955,26600,460958,243382,193658,0,193658,2770,1373,1397,21148,179614,0,19391,3240,156983
2014:Q2,551392,11482,299790,271007,28783,213044,34957,3766,174321,27076,468007,252803,188443,0,188443,5488,2455,3033,21273,174030,0,19156,3212,151662
2014:Q3,552567,11816,294534,265985,28549,217611,41224,4250,172137,28606,468085,252401,189606,0,189606,6883,2638,4245,19195,172919,0,22036,3168,147715
2014:Q4,567507,12213,306787,277790,28997,221851,43769,4835,173247,26656,482804,265501,190815,0,190815,8954,3097,5857,17534,172548,0,23082,3294,146172
2015:Q1,556295,12793,302388,269420,32968,215178,42727,4385,168066,25936,472098,262256,183790,0,183790,10020,2772,7248,16032,166581,0,23792,2776,140013
2015:Q2,539105,12126,282901,248420,34481,215830,49032,4324,162474,28248,451188,249027,173418,0,173418,13196,3514,9682,15547,154432,0,26553,2721,125158
2015:Q3,521378,13432,275252,241091,34161,203974,47838,4590,151546,28720,435174,229063,160654,0,160654,22320,3425,18895,23137,150271,0,32384,3100,114787
2015:Q4,495160,11603,262500,228146,34354,192218,45888,4481,141849,28839,411557,219961,152527,0,152527,27065,3289,23776,12004,142973,0,33059,3102,106812
2016:Q1,506562,12903,261543,227345,34198,203405,48810,4477,150118,28711,425059,219750,164872,0,164872,22224,2503,19721,18213,151818,0,32988,2872,115958
2016:Q2,490103,12707,248401,213151,35250,199783,50925,3663,145195,29212,410420,205124,162406,0,162406,22938,3844,19094,19952,149508,0,34441,2314,112753
2016:Q3,509328,12399,246303,211474,34829,218467,61844,3925,152698,32159,404725,207611,160185,0,160185,22098,4697,17401,14831,144936,0,34916,2433,107587
2016:Q4,500546,10713,235658,200704,34954,206925,60069,4137,142719,47250,397127,209403,149274,0,149274,19970,3341,16629,18480,134233,0,35818,2338,96077
2017:Q1,488908,9871,244031,208627,35404,199364,61739,4389,133236,35642,389096,215457,140811,0,140811,15126,2840,12286,17702,124555,0,33283,2726,88546
2017:Q2,493186,9343,249181,214029,35152,198817,63693,4781,130343,35845,388991,218920,136185,0,136185,16389,4511,11878,17497,117571,0,34207,2977,80387
2017:Q3,520127,8899,276036,240995,35041,198131,63488,5555,129088,37061,412044,243776,130926,0,130926,13237,2536,10701,24105,112896,0,32783,3244,76869
2017:Q4,537155,8959,290241,255257,34984,201774,64773,5567,131434,36181,429798,264286,133362,0,133362,14930,5107,9823,17220,110605,0,29911,3158,77536
2018:Q1,541530,8375,285305,247626,37679,202063,61452,5237,135374,45787,432559,264571,135324,0,135324,12889,3438,9451,19775,112660,0,30127,3122,79411
2018:Q2,539316,8154,281730,243148,38582,201732,61637,6052,134043,47700,429516,262081,129843,0,129843,12257,2884,9373,25335,108628,0,29636,3907,75085
2018:Q3,576944,11109,301821,259493,42328,207800,64199,6487,137114,56214,464364,291551,132288,0,132288,11696,2381,9315,28829,110705,0,31749,4089,74867
2018:Q4,612440,9620,314486,273683,40803,227656,72489,7324,147843,60678,501728,307559,147201,0,147201,14663,5274,9389,32305,122766,0,35095,4805,82866
2019:Q1,657125,9315,345329,305737,39592,237689,73103,10578,154008,64792,540442,338345,153986,0,153986,13922,4527,9395,34189,130239,0,35046,7586,87607
2019:Q2,676460,11239,367244,328118,39126,247496,79001,10892,157603,50481,559047,368620,160475,0,160475,11454,2974,8480,18498,134051,0,36438,7519,90094
2019:Q3,687592,11713,373710,335382,38328,255649,83377,12004,160268,46520,569027,372825,165350,0,165350,10386,2021,8365,20466,138204,0,38677,8306,91221
2019:Q4,681419,12038,375688,334498,41190,242835,75856,14203,152776,50858,591625,379346,180481,0,180481,10410,1888,8522,21388,151975,0,44647,9770,97558
2020:Q1,523433,20222,235689,210521,25168,218992,53660,8516,156816,48530,451091,259783,165333,0,165333,7903,3272,4631,18072,131935,0,26812,4395,100728
2020:Q2,502978,17173,229708,209937,19771,215919,48580,8288,159051,40178,427122,229773,173471,0,173471,4384,2673,1711,19494,137857,0,27003,4623,106231
2020:Q3,503843,17919,222557,206645,15912,223328,53118,9221,160989,40039,425880,220254,178883,0,178883,2602,2275,327,24141,141419,0,28265,5497,107657
2020:Q4,508230,17450,223933,208581,15352,222149,52012,9585,160552,44698,429209,221712,178447,0,178447,2973,2684,289,26077,141216,0,28287,5479,107450
2021:Q1,510013,16579,209311,197508,11803,226259,54803,10084,161372,57864,429978,218350,177306,0,177306,2553,2264,289,31769,137988,0,26255,5571,106162
2021:Q2,508198,16769,199638,187618,12020,242829,60695,11791,170343,48962,427353,210767,190246,0,190246,2361,2073,288,23979,148574,0,28250,6857,113467
2021:Q3,503336,15895,177956,166649,11307,263637,72666,13122,177849,45848,420622,205342,193563,0,193563,2464,2201,263,19253,150709,0,29546,7447,113716
2021:Q4,511469,16024,173651,162585,11066,273813,74363,14956,184494,47981,429068,204790,199588,0,199588,2335,2072,263,22355,155688,0,32405,8162,115121
