date,All sectors; open market paper; liability,All sectors; commercial paper; liability,Nonfinancial corporate business; commercial paper; liability,Rest of the world; commercial paper; liability,Rest of the world; commercial paper issued by nonfinancial firms; liability,Rest of the world; commercial paper issued by financial firms; liability,Domestic financial sectors; commercial paper; liability,U.S.-chartered depository institutions; asset-backed commercial paper; liability,Foreign banking offices in the U.S.; asset-backed commercial paper; liability,Issuers of asset-backed securities; commercial paper, excluding U.S.-chartered commercial banks' asset-backed commercial paper; liability,Finance companies; commercial paper; liability,Mortgage real estate investment trusts; commercial paper; liability,Holding companies; commercial paper; liability,Other financial business; commercial paper; liability,Private depository institutions; bankers' acceptances; liability,U.S.-chartered depository institutions; bankers' acceptances; liability,Foreign banking offices in the U.S.; bankers' acceptances; liability,All sectors; open market paper; liability,Nonfinancial corporate business; commercial paper; asset,State and local governments; commercial paper; asset,Monetary authority; bankers' acceptances; asset,U.S.-chartered depository institutions; open market paper; asset,Foreign banking offices in the U.S.; bankers' acceptances; asset,Credit unions; commercial paper held by Corporate Credit Unions; asset,Property-casualty insurance companies; commercial paper, including those held by U.S. residual market reinsurers; asset,Life insurance companies; commercial paper; asset,Private pension funds; total commercial paper; asset,State and local government employee defined benefit retirement funds; commercial paper; asset,Money market funds; open market paper; asset,Mutual funds; commercial paper; asset,Government-sponsored enterprises; commercial paper; asset,Security brokers and dealers; commercial paper; asset,Other financial business; commercial paper; asset,Rest of the world; commercial paper; asset
1945:Q4,315,159,95,0,0,0,64,0,0,0,64,0,0,0,156,125,31,315,0,0,0,210,13,0,0,0,0,0,0,25,0,0,25,42
1946:Q1,ND,ND,ND,ND,ND,ND,ND,ND,ND,ND,ND,ND,ND,ND,ND,ND,ND,ND,ND,ND,ND,ND,ND,ND,ND,ND,ND,ND,ND,ND,ND,ND,ND,ND
1946:Q2,ND,ND,ND,ND,ND,ND,ND,ND,ND,ND,ND,ND,ND,ND,ND,ND,ND,ND,ND,ND,ND,ND,ND,ND,ND,ND,ND,ND,ND,ND,ND,ND,ND,ND
1946:Q3,ND,ND,ND,ND,ND,ND,ND,ND,ND,ND,ND,ND,ND,ND,ND,ND,ND,ND,ND,ND,ND,ND,ND,ND,ND,ND,ND,ND,ND,ND,ND,ND,ND,ND
1946:Q4,573,344,137,0,0,0,207,0,0,0,207,0,0,0,229,183,46,573,32,0,0,304,25,0,0,0,0,0,0,35,0,0,119,58
1947:Q1,ND,ND,ND,ND,ND,ND,ND,ND,ND,ND,ND,ND,ND,ND,ND,ND,ND,ND,ND,ND,ND,ND,ND,ND,ND,ND,ND,ND,ND,ND,ND,ND,ND,ND
1947:Q2,ND,ND,ND,ND,ND,ND,ND,ND,ND,ND,ND,ND,ND,ND,ND,ND,ND,ND,ND,ND,ND,ND,ND,ND,ND,ND,ND,ND,ND,ND,ND,ND,ND,ND
1947:Q3,ND,ND,ND,ND,ND,ND,ND,ND,ND,ND,ND,ND,ND,ND,ND,ND,ND,ND,ND,ND,ND,ND,ND,ND,ND,ND,ND,ND,ND,ND,ND,ND,ND,ND
1947:Q4,765,501,172,0,0,0,329,0,0,0,329,0,0,0,264,211,53,765,129,0,0,366,32,0,0,0,0,0,0,36,0,0,138,64
1948:Q1,ND,ND,ND,ND,ND,ND,ND,ND,ND,ND,ND,ND,ND,ND,ND,ND,ND,ND,ND,ND,ND,ND,ND,ND,ND,ND,ND,ND,ND,ND,ND,ND,ND,ND
1948:Q2,ND,ND,ND,ND,ND,ND,ND,ND,ND,ND,ND,ND,ND,ND,ND,ND,ND,ND,ND,ND,ND,ND,ND,ND,ND,ND,ND,ND,ND,ND,ND,ND,ND,ND
1948:Q3,ND,ND,ND,ND,ND,ND,ND,ND,ND,ND,ND,ND,ND,ND,ND,ND,ND,ND,ND,ND,ND,ND,ND,ND,ND,ND,ND,ND,ND,ND,ND,ND,ND,ND
1948:Q4,936,674,166,0,0,0,508,0,0,0,508,0,0,0,262,210,52,936,180,0,0,298,42,0,0,0,0,0,0,35,0,0,268,113
1949:Q1,ND,ND,ND,ND,ND,ND,ND,ND,ND,ND,ND,ND,ND,ND,ND,ND,ND,ND,ND,ND,ND,ND,ND,ND,ND,ND,ND,ND,ND,ND,ND,ND,ND,ND
1949:Q2,ND,ND,ND,ND,ND,ND,ND,ND,ND,ND,ND,ND,ND,ND,ND,ND,ND,ND,ND,ND,ND,ND,ND,ND,ND,ND,ND,ND,ND,ND,ND,ND,ND,ND
1949:Q3,ND,ND,ND,ND,ND,ND,ND,ND,ND,ND,ND,ND,ND,ND,ND,ND,ND,ND,ND,ND,ND,ND,ND,ND,ND,ND,ND,ND,ND,ND,ND,ND,ND,ND
1949:Q4,1113,838,162,0,0,0,676,0,0,0,676,0,0,0,275,220,55,1113,265,0,0,261,56,0,0,0,0,0,0,42,0,0,345,144
1950:Q1,ND,ND,ND,ND,ND,ND,ND,ND,ND,ND,ND,ND,ND,ND,ND,ND,ND,ND,ND,ND,ND,ND,ND,ND,ND,ND,ND,ND,ND,ND,ND,ND,ND,ND
1950:Q2,ND,ND,ND,ND,ND,ND,ND,ND,ND,ND,ND,ND,ND,ND,ND,ND,ND,ND,ND,ND,ND,ND,ND,ND,ND,ND,ND,ND,ND,ND,ND,ND,ND,ND
1950:Q3,ND,ND,ND,ND,ND,ND,ND,ND,ND,ND,ND,ND,ND,ND,ND,ND,ND,ND,ND,ND,ND,ND,ND,ND,ND,ND,ND,ND,ND,ND,ND,ND,ND,ND
1950:Q4,1319,921,207,0,0,0,714,0,0,0,714,0,0,0,398,318,80,1319,143,0,0,368,66,0,0,0,0,0,0,49,0,0,491,202
1951:Q1,ND,ND,ND,ND,ND,ND,ND,ND,ND,ND,ND,ND,ND,ND,ND,ND,ND,ND,ND,ND,ND,ND,ND,ND,ND,ND,ND,ND,ND,ND,ND,ND,ND,ND
1951:Q2,ND,ND,ND,ND,ND,ND,ND,ND,ND,ND,ND,ND,ND,ND,ND,ND,ND,ND,ND,ND,ND,ND,ND,ND,ND,ND,ND,ND,ND,ND,ND,ND,ND,ND
1951:Q3,ND,ND,ND,ND,ND,ND,ND,ND,ND,ND,ND,ND,ND,ND,ND,ND,ND,ND,ND,ND,ND,ND,ND,ND,ND,ND,ND,ND,ND,ND,ND,ND,ND,ND
1951:Q4,1828,1333,269,0,0,0,1064,0,0,0,1064,0,0,0,495,396,99,1828,90,0,0,427,84,0,0,0,0,0,0,72,0,0,862,293
1952:Q1,2109,1646,328,0,0,0,1318,0,0,0,1318,0,0,0,463,370,93,2109,138,0,0,461,98,0,0,0,0,0,0,77,0,0,1054,281
1952:Q2,2227,1807,304,0,0,0,1503,0,0,0,1503,0,0,0,420,336,84,2227,432,0,0,400,103,0,0,0,0,0,0,66,0,0,958,268
1952:Q3,2436,1977,346,0,0,0,1631,0,0,0,1631,0,0,0,459,367,92,2436,411,0,0,493,77,0,0,0,0,0,0,60,0,0,1107,288
1952:Q4,2246,1749,331,0,0,0,1418,0,0,0,1418,0,0,0,497,398,99,2246,195,0,0,472,97,0,0,0,0,0,0,67,0,0,1106,309
1953:Q1,2440,1980,370,0,0,0,1610,0,0,0,1610,0,0,0,460,368,92,2440,212,0,0,425,87,0,0,0,0,0,0,70,0,0,1340,306
1953:Q2,2248,1816,297,0,0,0,1519,0,0,0,1519,0,0,0,432,346,86,2248,194,0,0,331,84,0,0,0,0,0,0,61,0,0,1273,305
1953:Q3,2576,2056,347,0,0,0,1709,0,0,0,1709,0,0,0,520,416,104,2576,214,0,0,431,69,0,0,0,0,0,0,59,0,0,1447,356
1953:Q4,2624,2045,402,0,0,0,1643,0,0,0,1643,0,0,0,579,463,116,2624,204,0,0,477,90,0,0,0,0,0,0,78,0,0,1374,401
1954:Q1,2979,2393,525,0,0,0,1868,0,0,0,1868,0,0,0,586,469,117,2979,312,0,0,630,83,0,0,0,0,0,0,74,0,0,1498,382
1954:Q2,2839,2244,484,0,0,0,1760,0,0,0,1760,0,0,0,595,476,119,2839,338,0,0,614,81,0,0,0,0,0,0,69,0,0,1368,369
1954:Q3,2915,2300,584,0,0,0,1716,0,0,0,1716,0,0,0,615,492,123,2915,300,0,0,751,70,0,0,0,0,0,0,72,0,0,1372,350
1954:Q4,2904,2022,531,0,0,0,1491,0,0,0,1491,0,0,0,882,706,176,2904,291,0,0,707,95,0,0,0,0,0,0,78,0,0,1149,584
1955:Q1,3112,2297,500,0,0,0,1797,0,0,0,1797,0,0,0,815,652,163,3112,281,0,0,631,82,0,0,0,0,0,0,95,0,0,1456,567
1955:Q2,3047,2385,380,0,0,0,2005,0,0,0,2005,0,0,0,662,530,132,3047,352,0,16,502,80,0,0,0,0,0,0,92,0,0,1548,457
1955:Q3,3020,2342,371,0,0,0,1971,0,0,0,1971,0,0,0,678,542,136,3020,245,0,19,525,60,0,0,0,0,0,0,104,0,0,1607,460
1955:Q4,2749,2101,362,0,0,0,1739,0,0,0,1739,0,0,0,648,518,130,2749,217,0,24,457,75,0,0,0,0,0,0,92,0,0,1445,439
1956:Q1,3326,2659,362,0,0,0,2297,0,0,0,2297,0,0,0,667,534,133,3326,171,0,15,493,69,0,0,0,0,0,0,135,0,0,1967,476
1956:Q2,3221,2530,289,0,0,0,2241,0,0,0,2241,0,0,0,691,553,138,3221,325,0,18,442,71,0,0,0,0,0,0,99,0,0,1780,486
1956:Q3,3401,2588,401,0,0,0,2187,0,0,0,2187,0,0,0,813,650,163,3401,371,0,17,528,65,0,0,0,0,0,0,120,0,0,1721,579
1956:Q4,3227,2250,378,0,0,0,1872,0,0,0,1872,0,0,0,977,782,195,3227,305,0,34,500,81,0,0,0,0,0,0,108,0,0,1528,671
1957:Q1,3793,2764,353,0,0,0,2411,0,0,0,2411,0,0,0,1029,823,206,3793,355,0,23,482,69,0,0,0,0,0,0,121,0,0,1956,787
1957:Q2,3515,2526,320,0,0,0,2206,0,0,0,2206,0,0,0,989,791,198,3515,349,0,23,433,68,0,0,0,0,0,0,126,0,0,1743,773
1957:Q3,3845,2636,364,0,0,0,2272,0,0,0,2272,0,0,0,1209,967,242,3845,345,0,17,516,49,0,0,0,0,0,0,119,0,0,1832,967
1957:Q4,4066,2746,422,0,0,0,2324,0,0,0,2324,0,0,0,1320,1056,264,4066,435,0,43,610,63,0,0,0,0,0,0,123,0,0,1838,954
1958:Q1,5152,3608,716,0,0,0,2892,0,0,0,2892,0,0,0,1544,1235,309,5152,746,0,29,973,52,0,0,0,0,0,0,153,0,0,2132,1067
1958:Q2,4873,3507,791,0,0,0,2716,0,0,0,2716,0,0,0,1366,1093,273,4873,455,0,35,1013,59,0,0,0,0,0,0,183,0,0,2217,911
1958:Q3,4573,3279,795,0,0,0,2484,0,0,0,2484,0,0,0,1294,1035,259,4573,224,0,18,1013,43,0,0,0,0,0,0,172,0,0,2235,868
1958:Q4,4053,2847,658,0,0,0,2189,0,0,0,2189,0,0,0,1206,965,241,4053,210,0,43,818,72,0,0,17,0,0,0,117,0,0,1933,843
1959:Q1,4444,3379,652,0,0,0,2727,0,0,0,2727,0,0,0,1065,852,213,4444,502,0,12,822,67,0,0,124,0,0,0,149,0,0,2015,753
1959:Q2,4494,3501,458,0,0,0,3043,0,0,0,3043,0,0,0,993,794,199,4494,622,0,6,656,67,0,0,215,0,0,0,151,0,0,2033,744
1959:Q3,4412,3448,527,0,0,0,2921,0,0,0,2921,0,0,0,964,771,193,4412,240,0,0,752,54,0,0,200,0,0,0,187,0,0,2250,729
1959:Q4,4365,3202,315,0,0,0,2887,0,0,0,2887,0,0,0,1163,930,233,4365,742,0,44,711,82,0,0,118,0,0,0,152,0,0,1759,757
1960:Q1,5875,4495,427,0,0,0,4068,0,0,0,4068,0,0,0,1380,1104,276,5875,740,0,7,755,53,0,0,137,0,0,0,180,0,0,2920,1083
1960:Q2,6023,4627,547,0,0,0,4080,0,0,0,4080,0,0,0,1396,1117,279,6023,757,0,5,826,61,0,0,176,0,0,0,189,0,0,2968,1041
1960:Q3,6413,4728,782,0,0,0,3946,0,0,0,3946,0,0,0,1685,1348,337,6413,648,0,8,959,55,0,0,249,0,0,0,209,0,0,3051,1234
1960:Q4,6544,4497,769,0,0,0,3728,0,0,0,3728,0,0,0,2047,1638,409,6544,788,0,54,1114,99,0,0,294,0,0,0,177,0,0,2727,1291
1961:Q1,7331,5078,623,0,0,0,4455,0,0,0,4455,0,0,0,2253,1802,451,7331,562,0,35,1321,182,0,0,360,0,0,0,240,0,0,3288,1343
1961:Q2,7230,4936,726,0,0,0,4210,0,0,0,4210,0,0,0,2294,1835,459,7230,613,0,26,1413,167,0,0,324,0,0,0,203,0,0,3162,1322
1961:Q3,7321,4875,1017,0,0,0,3858,0,0,0,3858,0,0,0,2446,1957,489,7321,245,0,23,1697,160,0,0,332,0,0,0,256,0,0,3167,1441
1961:Q4,7396,4686,1094,0,0,0,3592,0,0,0,3592,0,0,0,2710,2168,542,7396,1089,0,48,2019,151,0,0,193,0,0,0,174,0,0,2362,1360
1962:Q1,8238,5715,1131,0,0,0,4584,0,0,0,4584,0,0,0,2523,2018,505,8238,562,0,21,1908,128,0,0,513,0,0,0,316,0,0,3406,1384
1962:Q2,8230,5865,1092,0,0,0,4773,0,0,0,4773,0,0,0,2365,1892,473,8230,907,0,40,1687,145,0,0,521,0,0,0,254,0,0,3359,1317
1962:Q3,8881,6577,1363,0,0,0,5214,0,0,0,5214,0,0,0,2304,1843,461,8881,1079,0,14,1826,139,0,0,643,0,0,0,273,0,0,3614,1293
1962:Q4,8676,6000,1198,0,0,0,4802,0,0,0,4802,0,0,0,2676,2141,535,8676,1304,0,52,1867,148,0,0,347,0,0,0,289,0,0,3282,1387
1963:Q1,9716,7101,1214,0,0,0,5887,0,0,0,5887,0,0,0,2615,2092,523,9716,1092,0,29,1982,163,0,0,599,0,0,0,316,0,0,4165,1370
1963:Q2,9977,7253,987,0,0,0,6266,0,0,0,6266,0,0,0,2724,2179,545,9977,1008,0,23,1928,165,0,0,487,0,0,0,289,0,0,4650,1427
1963:Q3,9922,7186,1111,0,0,0,6075,0,0,0,6075,0,0,0,2736,2189,547,9922,445,0,16,1791,157,0,0,619,0,0,0,286,0,0,5040,1568
1963:Q4,9709,6790,968,0,0,0,5822,0,0,0,5822,0,0,0,2919,2335,584,9709,969,0,70,1885,159,0,0,380,0,0,0,307,0,0,4502,1437
1964:Q1,10923,7790,948,0,0,0,6842,0,0,0,6842,0,0,0,3133,2506,627,10923,1341,0,40,2045,180,0,0,506,0,0,0,290,0,0,4939,1582
1964:Q2,11276,8096,889,0,0,0,7207,0,0,0,7207,0,0,0,3180,2544,636,11276,1058,0,23,1955,176,0,0,297,0,0,0,334,0,0,5737,1696
1964:Q3,11735,8528,1081,0,0,0,7447,0,0,0,7447,0,0,0,3207,2566,641,11735,1729,0,59,2166,188,0,0,373,0,0,0,263,0,0,5304,1653
1964:Q4,11861,8442,1125,0,0,0,7317,0,0,0,7317,0,0,0,3419,2735,684,11861,1694,0,59,2338,167,0,0,248,0,0,0,281,0,0,5454,1620
1965:Q1,12535,9177,847,0,0,0,8330,0,0,0,8330,0,0,0,3358,2686,672,12535,995,0,93,1863,221,0,0,474,0,0,0,387,0,0,6617,1885
1965:Q2,12891,9502,727,0,0,0,8775,0,0,0,8775,0,0,0,3389,2711,678,12891,678,0,3,2057,196,0,0,579,0,0,0,405,0,0,7114,1859
1965:Q3,13210,9863,926,0,0,0,8937,0,0,0,8937,0,0,0,3347,2678,669,13210,893,0,11,2129,199,0,0,741,0,0,0,438,0,0,6859,1940
1965:Q4,12726,9300,797,0,0,0,8503,0,0,0,8503,0,0,0,3426,2741,685,12726,1370,0,75,1787,183,0,0,293,0,0,0,496,0,0,6540,1982
1966:Q1,14456,11034,820,0,0,0,10214,0,0,0,10214,0,0,0,3422,2738,684,14456,2375,0,30,1827,204,0,0,286,0,0,0,493,0,0,7245,1996
1966:Q2,14545,11091,861,0,0,0,10230,0,0,0,10230,0,0,0,3454,2763,691,14545,2473,0,138,1499,201,0,0,219,0,0,0,583,0,0,7311,2121
1966:Q3,15527,12123,1466,0,0,0,10657,0,0,0,10657,0,0,0,3404,2723,681,15527,1952,0,48,1562,229,0,0,298,0,0,0,794,0,0,8256,2388
1966:Q4,17284,13645,1622,0,0,0,12023,0,0,0,12023,0,0,0,3639,2911,728,17284,2852,0,69,1703,240,0,0,380,0,0,0,767,0,0,9061,2212
1967:Q1,20234,16493,2677,0,0,0,13816,0,0,0,13816,0,0,0,3741,2993,748,20234,3495,0,0,2360,278,0,0,553,0,0,0,733,0,0,10587,2228
1967:Q2,20779,16607,3242,0,0,0,13365,0,0,0,13365,0,0,0,4172,3338,834,20779,3418,0,36,2552,266,0,0,865,0,0,0,801,0,0,10607,2234
1967:Q3,20941,16754,3264,0,0,0,13490,0,0,0,13490,0,0,0,4187,3350,837,20941,3916,0,60,2816,275,0,0,1138,0,0,0,775,0,0,9806,2155
1967:Q4,21445,17085,3034,0,0,0,14051,0,0,0,14051,0,0,0,4360,3488,872,21445,3952,0,75,2650,261,0,0,480,0,0,0,823,0,0,10957,2247
1968:Q1,23506,19127,3482,0,0,0,15645,0,0,0,15645,0,0,0,4379,3503,876,23506,3819,0,100,2935,286,0,0,676,0,0,0,1376,0,0,11952,2362
1968:Q2,23840,19511,3400,0,0,0,16111,0,0,0,16111,0,0,0,4329,3463,866,23840,4603,0,134,2620,303,0,0,670,0,0,0,1113,0,0,11922,2475
1968:Q3,25346,20976,4928,0,0,0,16048,0,0,0,16048,0,0,0,4370,3496,874,25346,5071,0,49,3025,323,0,0,801,0,0,0,1171,0,0,12379,2527
1968:Q4,25645,21173,4249,0,0,0,16924,0,0,0,16924,0,0,0,4472,3578,894,25645,5099,0,58,2606,318,0,0,526,0,0,0,1022,0,0,13190,2826
1969:Q1,28933,24424,4880,0,0,0,19544,0,0,0,19344,0,200,0,4509,3607,902,28933,6207,0,74,2919,359,0,0,854,0,0,0,1380,0,0,14269,2871
1969:Q2,31731,26802,4914,0,0,0,21888,0,0,0,20643,0,1245,0,4929,3943,986,31731,6806,0,41,3069,391,0,0,698,0,0,0,1489,0,0,15811,3426
1969:Q3,35763,30479,5778,0,0,0,24701,0,0,0,22106,0,2595,0,5284,4227,1057,35763,7206,0,60,3145,451,0,0,1019,0,0,0,1692,0,0,18346,3844
1969:Q4,38106,32600,5356,0,0,0,27244,0,0,0,22950,0,4294,0,5506,4405,1101,38106,7628,0,64,3021,503,0,0,1365,0,0,0,1586,0,0,20119,3820
1970:Q1,43690,38284,7044,0,0,0,31240,0,0,0,24763,0,6477,0,5406,4325,1081,43690,8156,0,76,2965,643,0,0,1715,0,0,0,1785,0,0,24448,3902
1970:Q2,44985,38952,6895,0,0,0,32057,0,0,0,24454,0,7603,0,6033,4826,1207,44985,8432,0,32,3221,638,0,0,1655,0,0,0,917,0,0,25738,4352
1970:Q3,41147,35241,7361,0,0,0,27880,0,0,0,23262,0,4618,0,5906,4725,1181,41147,8433,0,87,3762,807,0,0,2519,0,0,0,1886,0,0,19444,4209
1970:Q4,40200,33071,7133,0,0,0,25938,0,0,0,23589,0,2349,0,7129,5703,1426,40200,9389,0,57,4064,873,0,0,2142,0,0,0,1400,0,0,17968,4307
1971:Q1,39940,32695,8333,0,0,0,24362,0,0,0,22670,0,1692,0,7245,5796,1449,39940,9954,0,88,4517,841,0,0,3018,0,0,0,1218,0,0,16102,4202
1971:Q2,38623,30902,6856,0,0,0,24046,0,0,0,22313,0,1733,0,7721,6177,1544,38623,9791,0,12,4246,821,0,0,3679,0,0,0,1097,0,0,14861,4116
1971:Q3,39911,31682,7434,0,0,0,24248,0,0,0,22036,312,1900,0,8229,6583,1646,39911,10510,0,41,4359,877,0,0,4078,0,0,0,1027,0,0,14755,4264
1971:Q4,40094,32126,6247,0,0,0,25879,0,0,0,23126,780,1973,0,7968,6374,1594,40094,11275,0,80,4505,944,0,0,2770,0,0,0,1302,0,0,15070,4148
1972:Q1,41680,33615,7538,0,0,0,26077,0,0,0,22583,1322,2172,0,8065,6452,1613,41680,12388,0,19,3873,1014,0,0,3952,308,0,0,1347,0,250,14346,4183
1972:Q2,41506,34366,8126,0,0,0,26240,0,0,0,22332,1937,1971,0,7140,5712,1428,41506,13219,0,23,3698,1011,0,0,3564,794,0,0,1223,0,500,13295,4179
1972:Q3,40680,34012,7761,0,0,0,26251,0,0,0,21283,2600,2368,0,6668,5334,1334,40680,13513,0,10,3443,1126,0,0,4799,1322,0,0,1342,431,750,10805,3139
1972:Q4,41688,34721,6968,0,0,0,27753,0,0,0,21876,3240,2637,0,6967,5574,1393,41688,14235,0,70,4265,1203,0,0,2981,1755,0,0,1173,414,1000,10506,4086
1973:Q1,40980,34052,5871,0,0,0,28181,0,0,0,21625,3100,3456,0,6928,5542,1386,40980,13258,0,144,2965,1410,0,0,5237,2104,0,0,1647,159,1250,8710,4096
1973:Q2,43095,35786,6032,0,0,0,29754,0,0,0,22350,3121,4283,0,7309,5847,1462,43095,13437,0,66,2619,1615,0,0,4479,2382,0,0,1801,190,1500,10720,4286
1973:Q3,45893,37641,6335,0,0,0,31306,0,0,0,22155,3920,5231,0,8252,6602,1650,45893,13633,0,57,3362,1337,0,0,4100,2677,0,0,1980,94,1750,11639,5264
1973:Q4,50054,41073,8382,0,0,0,32691,0,0,0,23835,3975,4881,0,8981,7185,1796,50054,14876,0,68,3525,1441,0,0,3004,3079,0,0,1671,221,2000,15782,4387
1974:Q1,54958,44690,9235,15,15,0,35440,0,0,0,26015,3380,6045,0,10268,8214,2054,54958,16212,0,30,3682,1606,0,0,4414,3554,0,185,1757,343,2250,16425,4500
1974:Q2,58152,44846,9967,1,1,0,34878,0,0,0,26362,1564,6952,0,13306,10645,2661,58152,15131,0,104,3984,1841,0,0,3882,4069,0,353,1871,261,2500,19556,4600
1974:Q3,65361,49166,12569,90,90,0,36507,0,0,0,26973,895,8639,0,16195,12956,3239,65361,16933,0,190,4123,1867,0,0,3874,4670,0,578,1693,267,2750,23716,4700
1974:Q4,67813,49144,12513,181,181,0,36450,0,0,0,27408,710,8332,0,18669,14935,3734,67813,16520,0,579,4297,2094,0,0,4070,5403,0,645,1407,1097,3000,23901,4800
1975:Q1,69744,50827,14009,255,255,0,36563,0,0,0,26866,743,8954,0,18917,15134,3783,69744,6255,0,628,5685,1684,0,0,4682,6329,0,1050,1543,1799,3250,31889,4950
1975:Q2,66683,48766,11658,388,388,0,36720,0,0,0,27089,840,8791,0,17917,14334,3583,66683,6685,0,282,5165,2043,0,0,4768,7508,0,788,1345,1717,3500,27782,5100
1975:Q3,65215,48257,11780,407,407,0,36070,0,0,0,26488,784,8798,0,16958,13566,3392,65215,7267,0,474,6004,2007,0,0,6394,8447,0,738,1076,867,3750,22991,5200
1975:Q4,66604,47690,9616,559,559,0,37515,0,0,0,28032,829,8654,0,18914,15131,3783,66604,8371,0,741,8087,2084,0,0,4813,9066,0,528,1341,1186,4000,21087,5300
1976:Q1,68428,49338,10926,707,707,0,37705,0,0,0,28632,646,8427,0,19090,15272,3818,68428,9324,0,540,7390,2110,0,0,5247,9892,0,714,723,1595,3999,21519,5375
1976:Q2,70028,50047,11818,920,920,0,37309,0,0,0,28694,607,8008,0,19981,15985,3996,70028,9073,0,361,7625,2015,0,0,6053,10440,0,837,742,1860,3492,22080,5450
1976:Q3,69647,49852,10889,1140,1140,0,37823,0,0,0,29266,663,7894,0,19795,15836,3959,69647,9486,0,88,8559,2386,0,0,6264,10756,0,772,570,1330,4287,19624,5525
1976:Q4,74789,52041,11049,1282,1282,0,39710,0,0,0,31292,559,7859,0,22748,18198,4550,74789,10511,0,196,11648,2542,0,0,5224,10952,0,844,823,1153,7217,18079,5600
1977:Q1,77592,54671,12083,1608,1608,0,40980,0,0,0,32501,514,7965,0,22921,18337,4584,77592,10494,0,29,8894,2720,0,0,6724,11138,0,824,790,1392,3610,25277,5700
1977:Q2,83046,59372,12914,1816,1816,0,44642,0,0,0,35527,585,8530,0,23674,18939,4735,83046,9442,0,43,9167,2393,0,0,6985,11272,0,927,1167,2333,3810,29707,5800
1977:Q3,83502,59952,13175,1962,1962,0,44815,0,0,0,35377,523,8915,0,23550,18840,4710,83502,8984,0,4,9222,2677,0,0,7927,11309,0,916,1360,1739,3336,30128,5900
1977:Q4,89789,63878,12808,1847,1847,0,49223,0,0,0,39570,518,9135,0,25911,20729,5182,89789,9390,0,0,11997,2619,0,0,4896,11314,0,1064,1335,1386,6670,33118,6000
1978:Q1,91638,67215,13719,1934,1934,0,51562,0,0,0,40875,541,10146,0,24423,19538,4885,91638,10332,0,0,9012,2903,0,0,7784,11350,0,1505,1788,1149,6081,33634,6100
1978:Q2,97416,72884,14419,2188,2188,0,56277,0,0,0,43600,650,12027,0,24532,19626,4906,97416,9330,0,0,8956,3287,0,0,7462,11335,0,2304,1815,788,5383,40556,6200
1978:Q3,97117,74945,14992,2580,2580,0,57373,0,0,0,43702,666,13005,0,22172,17738,4434,97117,9061,0,0,9621,3467,0,0,9027,11173,0,2683,1429,236,4166,39954,6300
1978:Q4,107456,82236,15499,2880,2880,0,63857,0,0,0,47396,626,15835,0,25220,20290,4930,107456,9512,0,0,10233,3588,0,0,6349,11162,0,3652,1883,188,5804,48620,6465
1979:Q1,115734,90229,17665,3106,3106,0,69458,0,0,0,52365,658,16435,0,25505,20515,4990,115734,8896,0,0,9763,3500,0,0,8080,11593,0,7012,1842,170,4960,52918,7000
1979:Q2,128400,100201,20564,3241,3206,35,76396,0,0,0,56691,749,18956,0,28199,22649,5550,128400,8604,0,0,10782,3329,0,0,9041,12498,0,10684,1844,47,8025,56046,7500
1979:Q3,137501,104935,23828,3976,3824,152,77131,0,0,0,56058,658,20415,0,32566,26126,6440,137501,7732,0,0,11079,3704,0,0,10126,13894,0,13471,1925,52,7861,59657,8000
1979:Q4,144985,110892,24518,4553,4297,256,81821,0,0,0,60678,761,20382,0,34093,27343,6750,144985,9586,0,0,12658,3981,0,0,7957,15396,0,19298,1808,336,7169,58384,8412
1980:Q1,155653,118162,31052,5217,4846,371,81893,0,0,0,58743,648,22502,0,37491,30041,7450,155653,10176,0,0,11603,3961,0,0,7302,16621,0,26145,1936,488,6144,62627,8650
1980:Q2,164302,123247,36334,5531,5027,504,81382,0,0,0,45487,572,22624,12699,41055,32952,8103,164302,9757,0,0,14328,3709,0,0,8196,17671,0,36314,1710,1159,7913,54645,8900
1980:Q3,161823,119781,32189,5828,5240,588,81764,0,0,0,44768,516,23062,13418,42042,33148,8894,161823,9264,0,0,14912,4363,0,0,10978,18650,0,32261,2157,658,6655,52775,9150
1980:Q4,163820,121597,28026,6955,5904,1051,86616,0,0,0,47617,533,25943,12523,42223,33574,8649,163820,9132,0,0,14789,4764,0,0,10142,19531,0,31561,2306,374,6750,55137,9334
1981:Q1,176604,130118,31837,8483,6643,1840,89798,0,0,0,49395,548,25767,14088,46486,37195,9291,176604,8799,0,0,14512,4951,0,0,12795,20286,0,46244,1764,267,6799,51187,9000
1981:Q2,194563,145994,37819,9564,6526,3038,98611,0,0,0,54839,548,28857,14367,48569,38321,10248,194563,8163,0,0,15809,5414,0,5,14088,21787,0,55351,2031,300,10730,52185,8700
1981:Q3,212570,161717,44081,10088,6216,3872,107548,0,0,0,57120,550,32609,17269,50853,40220,10633,212570,8021,0,0,14889,5500,0,25,17278,23227,0,71137,2149,402,8031,53511,8400
1981:Q4,215070,161114,42722,10829,6484,4345,107563,0,0,0,57238,553,32959,16813,53956,42091,11865,215070,8199,0,0,15789,5808,0,50,17564,24505,0,70399,2233,686,11572,50224,8041
1982:Q1,222460,166527,49836,11381,6880,4501,105310,0,0,0,52226,522,34634,17928,55933,43510,12423,222460,7908,0,0,19359,5285,0,102,19084,21975,0,73065,2289,432,9425,55936,7600
1982:Q2,239219,180015,51741,13100,7191,5909,115174,0,0,0,56609,491,38016,20058,59204,45848,13356,239219,8236,0,0,17591,5265,0,246,20631,20607,0,78219,2546,486,13009,65183,7200
1982:Q3,230488,171627,49726,12936,6685,6251,108965,0,0,0,52465,460,33685,22355,58861,46200,12661,230488,7731,0,0,19172,5229,0,540,22359,17800,0,74799,2125,246,14399,59288,6800
1982:Q4,226843,161828,37614,15054,5506,9548,109160,0,0,0,51425,429,34550,22756,65015,51600,13415,226843,7948,0,0,18551,5109,0,2038,21735,15203,0,69112,2074,404,16447,61893,6329
1983:Q1,226311,166995,41187,16787,4770,12017,109021,0,0,0,51931,412,34981,21697,59316,46824,12492,226311,8071,0,0,18984,1487,0,2822,24737,14243,164,61832,2685,658,8315,74868,7445
1983:Q2,233658,172180,38849,18557,5208,13349,114774,0,0,220,56059,395,35612,22488,61478,49046,12432,233658,9343,0,0,18427,1936,0,3720,25122,15302,406,66325,2989,304,8954,73698,7132
1983:Q3,242383,176991,40547,19386,5602,13784,117058,0,0,440,56936,378,37158,22146,65392,50839,14553,242383,9943,0,0,18616,1849,0,5108,26722,16997,695,68790,2947,520,10208,73029,6959
1983:Q4,253778,183498,36775,21540,5647,15893,125183,0,0,660,60479,361,38007,25676,70280,54628,15652,253778,12188,0,0,17782,1743,0,6859,25162,17247,1000,66161,2855,783,11598,83284,7116
1984:Q1,268645,200365,42518,24158,6650,17508,133689,0,0,880,65453,416,41384,25556,68280,51922,16358,268645,12632,0,0,17206,794,119,7552,28696,19581,1321,75307,4201,754,10641,81557,8284
1984:Q2,296549,220594,53463,30516,6718,23798,136615,0,0,1100,69424,472,45904,19715,75955,57445,18510,296549,11246,0,0,16247,854,181,8563,30312,22113,1657,79844,4652,619,11596,100121,8544
1984:Q3,300622,226700,60349,26707,6845,19862,139644,0,0,1320,68049,529,43025,26721,73922,52082,21840,300622,11189,0,0,16634,795,153,8807,31871,22171,2040,85689,5719,452,13092,92290,9720
1984:Q4,305701,231724,58490,23721,6494,17227,149513,0,0,5540,73122,588,44140,26123,73977,51056,22921,305701,9742,0,0,15451,852,62,8957,29306,19609,2500,97901,4912,683,17301,90098,8327
1985:Q1,317853,247603,62972,24638,7819,16819,159993,0,0,5760,79489,623,45638,28483,70250,47745,22505,317853,10202,0,0,15108,887,153,9434,31975,19330,3039,96452,4577,526,10499,106908,8763
1985:Q2,326920,259662,68886,25838,7870,17968,164938,0,0,5980,84671,657,45596,28034,67258,44099,23159,326920,9798,0,0,14333,1164,126,9830,31560,19235,3656,108266,4930,430,12618,103319,7655
1985:Q3,343467,277700,69036,27417,7677,19740,181247,0,0,6200,96218,690,45557,32582,65767,42755,23012,343467,9326,0,0,12959,1269,192,10603,32737,19843,4320,100919,5603,351,13928,123377,8040
1985:Q4,358526,293909,72207,19248,7963,11285,202454,0,0,17095,102684,723,46380,35572,64617,40201,24416,358526,10478,0,0,12026,1178,176,11809,29063,21969,5000,99047,4744,98,14549,140223,8166
1986:Q1,359798,298885,69514,24895,10629,14266,204476,0,0,9640,108615,814,38361,47046,60913,36604,24309,359798,11646,0,0,13447,820,151,11836,28699,22481,5714,101882,8152,36,16125,129790,9019
1986:Q2,374342,314598,68654,29231,11006,18225,216713,0,0,9860,113773,773,45439,46868,59744,34790,24954,374342,10268,0,0,11896,1029,148,11764,29451,23110,6480,109390,8007,40,18140,135101,9518
1986:Q3,388864,326967,72779,32908,10893,22015,221280,0,0,10080,118742,925,45183,46350,61897,33988,27909,388864,9378,0,0,10392,1095,100,11731,33428,24000,7355,117799,8344,82,15109,142000,8051
1986:Q4,384904,326144,62865,23407,10148,13259,239872,0,0,17300,124274,1051,50782,46465,58760,31520,27240,384904,10173,0,0,12835,1026,744,11872,34484,25718,8270,105158,9588,87,12599,144312,8038
1987:Q1,396222,337133,63593,23278,10838,12440,250262,0,0,17677,125805,1265,54679,50836,59089,31871,27218,396222,12384,0,0,12298,1698,157,11933,35168,27248,9211,109194,12597,104,10042,146963,7225
1987:Q2,414601,351253,67916,21587,11151,10436,261750,0,0,18096,127554,1242,53864,60994,63348,30679,32669,414601,13815,0,0,10719,1213,198,11992,33215,29989,10170,106459,12338,69,11354,163461,9609
1987:Q3,421195,360173,68108,26610,11217,15393,265455,0,0,18564,131831,1249,56919,56892,61022,28628,32394,421195,16886,86,0,8737,1344,204,12100,36511,31972,10929,111457,14418,34,12846,153047,10624
1987:Q4,437922,373586,73768,26245,12544,13701,273573,0,0,20084,139369,1406,52492,60222,64336,30506,33830,437922,14966,219,0,13254,2216,459,12310,34039,32975,11272,111131,11301,40,14150,170569,9021
1988:Q1,447503,388492,73507,27544,12230,15314,287441,0,0,20467,137819,1431,53236,74488,59011,26267,32744,447503,12295,367,0,10370,1616,470,12654,36653,30459,11247,118328,16459,262,14564,171396,10363
1988:Q2,474751,415125,77847,29037,12325,16712,308241,0,0,20879,144304,1423,52547,89088,59626,26357,33269,474751,15348,500,0,10067,1489,599,13164,38054,30414,10900,120644,13390,200,17381,194485,8116
1988:Q3,484669,425236,80303,31432,12303,19129,313501,0,0,21321,141410,1397,54893,94480,59433,26901,32532,484669,13725,609,0,11317,1441,724,13659,40964,27818,10468,118204,16432,200,14158,203913,11037
1988:Q4,513359,451762,85676,49943,11959,37984,316143,0,0,6797,157677,1290,51877,98502,61597,27237,34360,513359,13648,687,0,13413,1749,868,13958,39170,26485,10183,129508,16159,395,14773,220525,11838
1989:Q1,543026,486783,96147,54395,13542,40853,336241,0,0,8382,166319,1283,58391,101866,56243,25743,30500,543026,14686,796,0,10860,1812,1270,14055,42648,26616,10320,149877,16020,400,15336,224615,13715
1989:Q2,562198,504371,110059,52733,13937,38796,341579,0,0,10335,170050,1174,57392,102628,57827,24740,33087,562198,17526,1000,0,10935,2014,1476,13944,39833,26081,10353,161399,17346,800,15736,229351,14404
1989:Q3,569591,511881,113273,57498,12810,44688,341110,0,0,12745,175775,1138,59403,92049,57710,23460,34250,569591,14351,1266,0,9834,2339,1046,13831,39911,26155,10526,174914,17026,1397,14202,228349,14444
1989:Q4,579222,521856,107112,63022,16291,46731,351722,0,0,15715,178698,1122,60043,96144,57366,21980,35386,579222,14291,1563,0,12475,2111,1125,13921,42770,24814,9703,187788,15766,3251,17811,219150,12683
1990:Q1,594386,540732,126034,59292,16150,43142,355406,0,0,18684,190059,830,59527,86306,53654,20481,33173,594386,11574,1954,0,8046,2158,1198,14253,41409,24854,9969,205188,16071,3027,17097,226217,11371
1990:Q2,593977,542543,128659,65062,16235,48827,348822,0,0,22214,187965,779,51008,86856,51434,18479,32955,593977,12555,2500,0,7720,3179,1426,14865,46200,24503,11410,190898,16094,2315,14484,233934,11894
1990:Q3,612854,561773,131811,71453,19828,51625,358509,0,0,26411,181785,804,43795,105714,51081,18952,32129,612854,12016,3180,0,7613,3045,1580,15399,48721,24146,11820,210808,16987,2246,14150,229979,11164
1990:Q4,609879,557811,116852,75346,20561,54785,365613,0,0,31400,183459,920,35569,114265,52068,17567,34501,609879,13836,3969,0,9279,4133,2300,15497,45718,23504,12233,208723,16681,3765,18393,221140,10708
1991:Q1,607807,564040,119851,87378,26369,61009,356811,0,0,33089,184974,880,30171,107697,43767,15661,28106,607807,13845,4899,0,10879,3317,2498,15197,51468,23125,13785,217166,17692,1314,17322,204945,10355
1991:Q2,583624,542267,119437,74289,25314,48975,348541,0,0,34868,181757,916,27353,103647,41357,13347,28010,583624,15866,6000,0,9224,3151,2980,14407,53504,24039,16515,212285,17276,1206,14620,182556,9995
1991:Q3,572015,532108,107016,78336,24800,53536,346756,0,0,36744,173723,920,25948,109421,39907,13726,26181,572015,14318,7336,0,8416,2621,2906,13656,56337,25471,20870,198987,16970,7627,14795,172036,9669
1991:Q4,565918,528125,98477,69601,26092,43509,360047,0,0,51220,182613,900,25430,99884,37793,12887,24906,565918,14695,8969,0,8830,3085,2596,13469,45760,27237,18868,193784,12837,10859,13958,179657,11314
1992:Q1,574110,538493,110434,67338,25888,41450,360721,0,0,44665,183177,861,25649,106369,35617,12480,23137,574110,13853,10617,0,7033,4239,2590,13843,48233,27061,19299,204187,7655,8153,13573,183374,10400
1992:Q2,579920,545940,111996,74277,27695,46582,359667,0,0,44514,172560,865,24752,116976,33980,11935,22045,579920,14122,12000,0,6090,4463,3183,14772,48707,27189,20685,196411,8637,8953,16668,187143,10897
1992:Q3,583561,550643,108216,77505,29086,48419,364922,0,0,46059,179111,873,24965,113914,32918,12776,20142,583561,14757,13156,0,6452,3166,3263,15751,46964,27356,23573,187824,12194,12175,16195,188610,12125
1992:Q4,579048,545137,107106,70407,30567,39840,367624,0,0,54863,174369,886,22436,115070,33911,12756,21155,579048,17044,14125,0,6487,3287,2962,16276,43213,27424,24680,176181,8801,13526,15200,196940,12902
1993:Q1,565470,534811,113900,64539,28656,35883,356372,0,0,55290,159325,679,23885,117193,30659,11355,19304,565470,15860,15036,0,7145,2074,3152,16395,46387,28361,25219,177605,9022,9488,15752,181110,12864
1993:Q2,572048,543152,124025,64457,28856,35601,354670,0,0,56276,150436,541,24898,122519,28896,10723,18173,572048,18076,16011,0,5356,2045,2808,16155,49617,28799,26344,174272,9742,10042,15267,177683,19831
1993:Q3,568184,541072,123232,64013,31271,32742,353827,0,0,53864,145930,564,25480,127989,27112,10622,16490,568184,16698,16989,0,5135,1537,2391,15870,47794,28085,19887,162050,10118,13355,14642,193561,20072
1993:Q4,580012,553759,117829,62302,27475,34827,373628,0,0,58058,149457,564,27950,137599,26253,10226,16027,580012,19411,17901,0,5180,2405,2224,15850,46859,28339,20449,166457,8468,11866,14868,200918,18817
1994:Q1,582087,557058,129885,37755,16067,21688,389418,0,0,59145,155049,425,29565,145234,25029,10657,14372,582087,16511,18882,0,4271,1772,1723,15500,49366,27158,20399,168845,13369,10237,11372,199822,22860
1994:Q2,587978,563412,135680,36605,14854,21751,391127,0,0,57235,159669,290,30660,143273,24566,10403,14163,587978,17880,20082,0,3876,1915,2154,15250,49404,25772,22909,179278,13755,13591,18676,180446,22990
1994:Q3,599158,573706,138683,34779,14160,20619,400244,0,0,63259,158716,150,32944,145175,25452,10800,14652,599158,17818,21575,0,3479,1830,2095,15000,52626,23915,25093,182319,15540,19984,12164,185751,19969
1994:Q4,623463,600066,139238,42669,15198,27471,418159,0,0,63945,171566,13,33948,148687,23397,9958,13439,623463,18826,22440,0,3725,2170,2139,14710,52806,22157,27825,191311,14818,26302,11207,188177,24850
1995:Q1,654723,630226,149799,51870,18568,33302,428557,0,0,69368,167550,10,34444,157185,24497,11456,13041,654723,18211,24204,0,3464,1190,1658,15724,55528,22229,29519,209131,14987,25307,16822,187916,28833
1995:Q2,673805,649274,162887,49097,16910,32187,437290,0,0,74923,166858,4,34341,161164,24531,11655,12876,673805,17386,26447,0,4128,1817,1289,16739,54746,22300,31257,229200,17618,22080,17480,178234,33084
1995:Q3,692724,668587,163268,56833,19958,36875,448486,0,0,80293,162830,5,36813,168545,24137,12494,11643,692724,18004,35286,0,4122,1519,696,17753,56222,22373,29383,223568,15833,28058,22130,180160,37617
1995:Q4,700379,677740,157351,56160,20555,35605,464229,0,0,101241,168617,6,33112,161253,22639,12283,10356,700379,20142,39850,0,4098,1745,557,18767,45487,22443,31477,239977,17180,25470,22065,167680,43441
1996:Q1,717560,694683,174174,52464,16486,35978,468045,0,0,110227,168174,7,34992,154645,22877,12844,10033,717560,17436,42308,0,4301,1975,338,19782,54218,23466,26428,252297,16871,24506,16766,185903,30965
1996:Q2,753577,731349,181726,54502,15142,39360,495121,0,0,114695,169568,8,37521,173329,22228,13448,8780,753577,20928,51074,0,3632,1484,255,16903,56586,24487,28179,267810,17891,23583,19921,178528,42316
1996:Q3,777382,754035,172999,65816,18313,47503,515220,0,0,126761,173311,10,34672,180466,23347,14449,8898,777382,23488,54801,0,3117,1399,177,18401,54641,25509,27573,272190,19655,24588,18072,186227,47544
1996:Q4,802977,779365,156405,67476,18675,48801,555484,0,0,146690,177984,9,30740,200061,23612,13969,9643,802977,31534,60479,0,4519,2259,291,17722,52087,27332,28222,279461,18696,35095,23686,163730,57864
1997:Q1,861087,836842,168747,69321,15873,53448,598774,0,0,158050,185857,8,32197,222662,24245,14507,9738,861087,26721,66304,0,2693,543,260,19050,58858,27045,27395,310107,21046,40565,25226,183201,52073
1997:Q2,893081,867667,179286,71337,15724,55613,617044,0,0,163285,194460,5,33937,225357,25414,15067,10347,893081,25733,68020,0,2624,486,387,18274,61412,27509,32233,315238,23765,42182,25935,182869,66414
1997:Q3,925714,901695,176649,64349,19788,44561,660697,0,0,210358,190475,29,34542,225293,24019,14770,9249,925714,28351,72317,0,2704,428,197,18751,67772,27470,32149,329746,23623,29341,24340,193204,75321
1997:Q4,979423,958524,168598,65084,20044,45040,724842,0,0,256146,202613,33,37609,228441,20899,13684,7215,979423,36145,75173,0,2316,382,324,17610,68867,28542,28616,342224,24497,27635,24258,225071,77763
1998:Q1,1074753,1057674,193105,76706,19813,56893,787863,0,0,284823,212935,70,41826,248209,17079,11568,5511,1074753,32204,80541,0,790,289,922,18095,71346,28946,36927,377601,23125,60082,25079,239126,79680
1998:Q2,1112723,1098379,202491,71372,20462,50910,824516,0,0,308341,227355,29,48001,240790,14344,10348,3996,1112723,28870,79250,0,747,375,610,18557,71719,29337,35839,403083,25921,47582,28296,251512,91025
1998:Q3,1165059,1150802,216872,73981,22617,51364,859949,0,0,340461,228577,206,49965,240740,14257,10716,3541,1165059,31301,82315,0,698,247,797,21073,77345,29641,38309,412289,27795,52493,33417,245598,111741
1998:Q4,1172560,1161023,192958,72878,18452,54426,895187,0,0,381797,233340,207,45421,234422,11537,9131,2406,1172560,39433,90519,0,817,283,1308,21339,76825,29801,37532,423836,24858,56210,28031,230364,111404
1999:Q1,1227578,1217184,223886,77249,18591,58658,916049,0,0,401575,224929,212,46431,242902,10394,8262,2132,1227578,40493,94835,0,687,245,1073,21475,74535,30630,41037,482868,26040,29116,28801,250211,105532
1999:Q2,1243339,1233847,232365,70105,17188,52917,931377,0,0,426914,233158,210,48863,222232,9492,7392,2100,1243339,47355,98797,0,544,251,1470,16343,72812,31361,40909,479608,27498,21783,28785,276168,99655
1999:Q3,1284463,1276170,239280,81753,24090,57663,955137,0,0,465986,207705,186,45569,235691,8293,6472,1821,1284463,47618,102821,0,655,417,843,17291,76571,31971,39259,503860,26902,28271,29344,274221,104419
1999:Q4,1402444,1393845,230326,89171,26677,62494,1074348,0,0,520790,230422,0,54501,268635,8599,6596,2003,1402444,47604,108844,0,714,636,323,14317,81289,32439,40375,538173,29287,23851,25987,353558,105047
2000:Q1,1478128,1469148,260797,101623,33840,67783,1106728,0,0,546648,232963,0,50776,276341,8980,7021,1959,1478128,46046,113239,0,677,767,700,17592,78090,31833,45400,586310,30244,27978,30206,367462,101584
2000:Q2,1534260,1524986,296844,98245,35370,62875,1129897,0,0,574280,224256,0,52452,278909,9274,7245,2029,1534260,49284,116785,0,579,785,235,17845,80657,30967,47652,567204,35474,24296,38226,424259,100012
2000:Q3,1570845,1562121,307039,109756,38665,71091,1145326,0,0,598215,219399,0,54141,273571,8724,6784,1940,1570845,58245,121216,0,645,695,222,18103,83035,30048,46805,607109,37436,26220,45430,398317,97319
2000:Q4,1613994,1606064,278402,120919,37605,83314,1206743,0,0,645825,240092,0,55721,265105,7930,5968,1962,1613994,57765,124707,0,933,569,294,19364,79923,28970,47257,640824,36499,31100,39210,392277,114302
2001:Q1,1540163,1532362,235619,122028,26227,95801,1174715,0,0,592350,182768,0,63357,336240,7801,5982,1819,1540163,54671,128662,0,0,588,323,12057,65513,24462,45909,662767,30272,21292,44637,342451,106559
2001:Q2,1479518,1472743,206256,134978,20865,114113,1131509,0,0,595724,184100,0,62655,289030,6775,5422,1353,1479518,56427,134493,0,0,0,706,11216,64556,23545,51061,656309,28019,24370,44830,270675,113311
2001:Q3,1442404,1437288,189571,136339,17980,118359,1111378,0,0,620874,174125,0,62405,253974,5116,4086,1030,1442404,56538,137111,0,0,0,500,14653,71441,22498,51214,671537,27387,22829,50792,202736,113168
2001:Q4,1473993,1469228,177726,146475,19539,126936,1145027,0,0,659818,162368,0,50609,272232,4765,3676,1089,1473993,60169,142944,0,0,0,1346,13035,52921,21284,51266,656512,25828,33829,48160,258250,108449
2002:Q1,1411428,1406951,162983,152169,18633,133536,1091799,0,0,640178,141382,0,56463,253776,4477,3511,966,1411428,54667,146403,0,0,0,1348,10741,51816,22007,52218,638475,29615,19619,47646,220849,116024
2002:Q2,1348556,1343625,141454,173519,20941,152578,1028652,0,0,612674,135880,0,43445,236653,4931,3992,939,1348556,55218,149815,0,0,0,1369,10490,52868,21788,30565,617299,25205,20183,50808,187257,125691
2002:Q3,1340821,1335945,136423,168571,19099,149472,1030951,0,0,614554,148753,0,46591,221053,4876,3810,1066,1340821,60256,152474,0,0,0,1242,13945,54410,21745,29399,569524,23595,10113,44347,234320,125451
2002:Q4,1374897,1370293,119813,186228,19310,166918,1064252,0,0,637075,147805,0,48311,231061,4604,3949,655,1374897,64789,157968,0,0,0,2325,16026,56430,21835,33115,619530,25827,10353,43495,194657,128547
2003:Q1,1358915,1354095,119825,94415,18494,75921,1139855,0,0,707294,134247,0,44555,253759,4820,4282,538,1358915,61894,157886,0,0,0,1464,13383,49243,22180,35240,562684,25825,11088,46693,248908,122427
2003:Q2,1328250,1323674,100995,97087,20392,76695,1125592,0,0,724419,152843,0,39581,208749,4576,4118,458,1328250,70005,159459,0,0,0,2648,14587,46098,19563,26297,534256,27139,9132,41865,252597,124604
2003:Q3,1295613,1291345,103978,84542,16858,67684,1102825,0,0,727604,141138,0,40898,193185,4268,3798,470,1295613,80487,159735,0,0,0,1308,14259,46436,19416,21226,493680,27144,8385,46074,258399,119064
2003:Q4,1292938,1288571,82481,94424,15546,78878,1111666,0,0,711717,145140,0,42278,212531,4367,3775,592,1292938,75679,164034,0,0,0,844,14025,38636,21315,24782,480679,31045,6687,49356,252734,133122
2004:Q1,1328860,1324963,91623,100640,15236,85404,1132700,0,0,704739,148076,0,57089,222796,3897,3347,550,1328860,78983,166025,0,0,0,943,12400,37646,21155,29759,448168,48156,7983,49519,283620,144503
2004:Q2,1304433,1299990,98673,91517,15275,76242,1109800,0,0,704547,151519,0,51710,202024,4443,3867,576,1304433,78886,158498,0,0,0,355,10496,34347,21213,19437,416316,30399,7759,49956,326780,149991
2004:Q3,1309996,1305971,105121,91478,13396,78082,1109372,0,0,698599,165076,0,52081,193616,4025,3374,651,1309996,85624,168564,0,0,0,590,10882,33983,21415,22063,403240,31302,6602,49876,336305,139550
2004:Q4,1399127,1395034,97782,87952,13302,74650,1209300,0,0,783504,175322,0,53112,197362,4093,3357,736,1399127,95023,153325,0,0,0,768,12684,28208,21136,20437,413699,36910,5814,48015,425362,137746
2005:Q1,1439633,1435546,112001,87142,14048,73094,1236403,0,0,790134,161177,0,59810,225282,4087,3446,641,1439633,90942,150666,0,0,0,639,13634,22639,21761,21421,419261,41111,7895,50399,461340,137925
2005:Q2,1499011,1494866,110679,90452,11869,78583,1293735,0,0,816738,148832,0,57915,270250,4145,3386,759,1499011,90215,156236,0,0,0,599,13528,21874,21806,23658,436838,40042,10221,62476,475802,145716
2005:Q3,1561277,1556888,116493,89382,14766,74616,1351013,0,0,875156,146034,0,63307,266516,4389,3609,780,1561277,99352,167788,0,0,0,524,15432,24107,21895,21794,450459,39407,10923,63811,494336,151449
2005:Q4,1644201,1640099,90071,87031,28978,58053,1462997,0,0,971343,159997,0,57143,274514,4102,3332,770,1644201,110974,165291,0,0,0,859,16379,25250,22103,25929,499356,37653,13813,60246,509535,156813
2006:Q1,1699087,1697610,96494,102557,25456,77101,1498559,0,0,992962,150971,0,58712,295914,1477,721,756,1699087,105397,154243,0,0,0,1137,15773,27008,36851,25690,493561,46132,17856,66698,550171,158570
2006:Q2,1764734,1764227,111671,100214,23815,76399,1552342,0,0,1027756,152685,0,74398,297503,507,-210,717,1764734,118946,156818,0,0,0,705,14480,27497,37599,25713,514124,46550,22954,67615,537467,194266
2006:Q3,1865699,1864643,110579,117388,23944,93444,1636676,0,0,1117809,164014,0,75138,279715,1056,356,700,1865699,118689,160566,0,0,0,1225,14109,29155,38347,27819,563715,48472,25666,73995,546758,217183
2006:Q4,1958395,1957515,112517,105890,27036,78854,1739108,0,0,1213789,165267,0,81730,278322,880,389,491,1958395,122669,164503,0,0,0,978,16821,29782,39095,30412,613993,45383,32352,64305,584791,213311
2007:Q1,2005500,2003371,126169,99819,25756,74063,1777383,0,0,1207579,132480,0,86019,351305,2129,1793,336,2005500,109057,169746,0,0,0,1582,16451,33140,40194,31004,643685,44765,17779,77128,592623,228346
2007:Q2,2111666,2109392,154347,106280,26250,80030,1848765,0,0,1272798,127034,0,90345,358588,2274,1863,411,2111666,114501,159755,0,0,0,1780,13568,35907,41293,35696,652191,42772,30088,79874,660919,243322
2007:Q3,1857724,1857292,131416,100206,27283,72923,1625670,0,0,1056190,119756,0,102141,347583,432,142,290,1857724,79935,164232,0,0,0,1126,12564,37985,42391,29894,653144,44483,14155,86029,468098,223688
2007:Q4,1788893,1788092,123814,104161,28991,75170,1560117,0,0,951968,123528,0,116712,367909,801,290,511,1788893,69462,160440,0,0,0,426,13640,43638,43489,30126,688437,46014,27655,87115,352193,226258
2008:Q1,1784628,1784190,139956,122132,20650,101482,1522102,0,0,926572,113543,0,115762,366225,438,69,369,1784628,52866,154352,0,0,0,2958,19035,46338,41897,34685,676074,45908,39788,107489,326431,236807
2008:Q2,1748411,1748045,139827,119365,28469,90896,1488853,0,0,910108,112391,0,130322,336032,366,34,332,1748411,58271,148150,0,0,0,745,18145,45977,40304,34659,655613,51905,9346,102908,356141,226247
2008:Q3,1555718,1554829,146538,95360,31267,64093,1312931,0,0,816247,103261,0,115851,277572,889,889,0,1555718,56981,140002,0,100037,0,0,17317,39942,38712,30445,506003,46523,6837,153941,227010,191968
2008:Q4,1599798,1599299,131477,91277,49653,41624,1376545,0,0,809959,100885,0,77705,387996,499,499,0,1599798,57286,129378,0,15685,0,0,19719,39537,37120,35391,632716,35257,6791,65701,359766,165451
2009:Q1,1424564,1423917,106921,95352,42774,52578,1221644,0,0,734105,72834,0,56148,358557,647,647,0,1424564,49862,120157,0,4452,0,0,18022,42977,37718,37607,596659,24354,11237,49879,279621,152019
2009:Q2,1279723,1278799,86180,104479,44318,60161,1088140,0,0,665493,66766,0,51880,304001,924,924,0,1279723,55949,125726,0,9841,0,0,12622,48356,38317,33944,538694,29459,12044,61262,176384,137125
2009:Q3,1170016,1169289,72901,132490,35957,96533,963898,0,0,593729,58972,0,55614,255583,727,727,0,1170016,49698,125944,0,52,0,0,9626,49277,38916,35953,524455,37039,9675,49532,114345,125504
2009:Q4,1138000,1137374,58410,156088,34487,121601,922876,0,0,538304,62074,0,60786,261712,626,626,0,1138000,55987,98560,0,0,0,0,10133,52246,39515,33658,520748,43372,9741,41538,115345,117157
2010:Q1,1081303,1080978,73617,164254,34759,129495,843107,246848,74280,161120,63987,0,73973,222899,325,325,0,1081303,57137,122159,0,0,0,0,11394,37501,39169,33098,454900,42183,8611,38495,123754,112902
2010:Q2,1028255,1028046,81979,137500,33382,104118,808567,262662,78180,147971,63082,0,63721,192951,209,209,0,1028255,63594,114593,0,0,0,0,10650,41301,38823,33399,391376,31337,10441,33091,155478,104172
2010:Q3,1050754,1050571,97938,150910,29446,121464,801723,241690,79569,154474,56817,0,64386,204787,183,183,0,1050754,70683,115219,0,0,0,0,12034,48186,38477,33360,390883,35737,8573,34189,155054,108359
2010:Q4,1057585,1057452,82928,173179,30644,142535,801345,214230,88172,156110,111029,0,64767,167037,133,133,0,1057585,123511,114515,0,0,0,0,8136,43178,38131,38293,468660,41319,9903,36240,33576,102123
2011:Q1,1131327,1131215,110460,190627,35068,155559,830128,216837,95954,162243,114440,0,73651,167003,112,112,0,1131327,129229,108650,0,0,0,0,8798,42241,38718,45118,487324,48535,9472,39578,55394,118270
2011:Q2,1081645,1081598,106911,191003,41398,149605,783684,212392,86083,152892,108727,0,76958,146632,47,47,0,1081645,125792,101605,0,0,0,0,8315,40814,39307,49193,449253,28843,9283,42229,69108,117903
2011:Q3,1004484,1004436,124685,169145,33953,135192,710606,195286,61305,145213,111762,0,71721,125319,48,48,0,1004484,106651,100012,0,0,0,0,5542,45542,39895,43838,412844,18506,9207,40742,69261,112444
2011:Q4,969302,969232,116307,151195,30187,121008,701730,210202,59502,140841,120987,0,75876,94322,70,70,0,969302,123604,101906,0,0,0,0,9090,31899,40482,38244,416905,20381,6479,42143,35460,102709
2012:Q1,994413,994379,127583,178664,32801,145863,688132,199841,63880,122194,122810,0,87182,92225,34,34,0,994413,112071,98257,0,0,0,0,7670,32864,39323,39063,413848,20407,5170,43707,71338,110695
2012:Q2,962047,962024,132081,180681,40705,139976,649262,191799,62914,109226,122535,0,87018,75770,23,23,0,962047,109188,94917,0,0,0,0,7535,39161,38164,38553,394044,14207,5723,34691,90209,95655
2012:Q3,957237,957233,136003,181547,39197,142350,639683,188794,66787,106901,123055,0,116963,37183,4,4,0,957237,111150,95421,0,0,0,0,8160,43245,37005,40268,396935,16520,4153,33220,70258,100902
2012:Q4,952349,952347,130329,199436,40440,158996,622582,176538,67541,103684,129147,0,116436,29236,2,2,0,952349,112132,90907,0,0,0,0,7673,50295,35845,41137,429399,14041,3398,29934,34813,102775
2013:Q1,1001183,1001175,140086,224900,34402,190498,636189,169627,72806,102187,121822,0,117743,52004,8,8,0,1001183,112897,91861,0,0,0,0,7680,47630,37193,41770,450104,11895,4175,29958,56201,109819
2013:Q2,990558,990552,147246,267566,51210,216356,575740,134887,58994,99260,119555,0,110567,52477,6,6,0,990558,103353,88689,0,0,0,0,6918,48556,38541,39049,459653,20362,4292,29399,40377,111369
2013:Q3,976896,976896,171169,278913,57501,221412,526814,115584,54150,93753,124874,0,109375,29078,0,0,0,976896,113827,86617,0,0,0,0,7264,53494,39890,40658,459690,32240,5042,30953,17425,89796
2013:Q4,951633,951633,144511,265716,51593,214123,541406,122694,57012,101096,118815,0,96552,45237,0,0,0,951633,106504,87004,0,0,0,0,8389,60619,41239,45942,440645,20725,4426,28654,6153,101333
2014:Q1,992193,992193,180154,270365,49553,220812,541674,121239,57479,96843,114018,0,89675,62420,0,0,0,992193,116600,85318,0,0,0,0,7557,55552,41738,44956,443441,26258,4762,34350,25150,106511
2014:Q2,1005519,1005519,185778,294612,61992,232620,525129,117706,59400,90452,109795,0,91308,56468,0,0,0,1005519,105470,81537,0,0,0,0,8229,52483,42239,43342,426594,41178,5664,32400,49248,117135
2014:Q3,996102,996102,207060,280090,64639,215451,508952,107873,53250,78545,115754,0,81883,71647,0,0,0,996102,103087,76397,0,0,0,0,8523,51563,42740,41721,435869,27783,5973,20877,61985,119584
2014:Q4,930387,930387,182012,274644,45172,229472,473731,105619,45850,78706,117764,0,76963,48829,0,0,0,930387,131589,76264,0,0,0,0,8242,52056,43239,44418,417383,25096,5950,20840,-2673,107983
2015:Q1,952695,952695,188286,302709,49704,253005,461700,105079,47898,73660,114737,0,69965,50361,0,0,0,952695,128850,76073,0,0,0,0,8413,49321,42327,42476,433965,17734,5605,21692,7802,118437
2015:Q2,978774,978774,177555,329903,67031,262872,471316,102840,46944,69866,122086,0,56274,73306,0,0,0,978774,128522,73058,0,0,0,0,8584,46039,41413,46405,439207,13238,5572,19634,44034,113068
2015:Q3,991263,991263,201257,349055,57750,291305,440951,100058,36080,71791,121968,0,16009,95045,0,0,0,991263,135588,73510,0,0,0,0,8975,48773,40499,44138,437655,13505,4994,19537,63260,100829
2015:Q4,941493,941493,179017,329283,44108,285175,433193,102750,42812,81032,66869,0,5659,134071,0,0,0,941493,139396,72950,0,0,0,0,9178,44440,39586,44454,389235,10858,5466,19472,62191,104267
2016:Q1,1021136,1021136,184673,347249,57252,289997,489214,111611,51915,82799,66355,0,5583,170951,0,0,0,1021136,138410,70355,0,0,0,0,10649,46794,39455,42838,396733,25279,5502,20276,122378,102467
2016:Q2,1015897,1015897,185663,336065,61747,274318,494169,120213,53932,84731,68469,0,4599,162225,0,0,0,1015897,147987,70810,0,0,0,0,12557,47395,39325,47184,339858,18580,5566,17024,160117,109494
2016:Q3,911319,911319,176268,279221,61295,217926,455830,108049,49765,85227,67283,0,2834,142672,0,0,0,911319,161276,72725,0,0,0,0,17640,49047,39194,49138,157393,17505,5839,13587,198024,129951
2016:Q4,884870,884870,180783,270095,44597,225498,433992,94740,49183,80325,71419,0,2202,136123,0,0,0,884870,132530,73438,0,0,0,10,20269,46621,39063,56200,146370,20089,5939,13773,189816,140752
2017:Q1,937154,937154,195512,303998,47027,256971,437644,91608,44133,76492,67786,0,3278,154347,0,0,0,937154,135989,74746,0,0,0,0,17160,45754,40018,54068,168105,27829,5451,11719,221792,134523
2017:Q2,925651,925651,194666,312612,47964,264648,418373,91337,44063,74924,69070,0,3300,135679,0,0,0,925651,145288,74775,0,0,0,0,14500,43386,40973,53154,174093,25818,5985,11936,196085,139658
2017:Q3,982360,982360,206063,368882,61272,307610,407415,92878,44488,71978,69298,0,4281,124492,0,0,0,982360,127454,75384,0,0,0,0,12686,41826,41927,54860,195369,76879,6027,11740,213053,125155
2017:Q4,965933,965933,206670,362037,45111,316926,397226,75512,38067,64965,72150,0,4428,142104,0,0,0,965933,123727,77664,0,0,0,0,11351,38070,42882,53977,200018,71048,6392,9307,196073,135424
2018:Q1,1048476,1048476,242010,391428,57943,333485,415038,84723,42981,60573,66943,0,2981,156837,0,0,0,1048476,127799,76292,0,0,0,149,9722,35532,41559,55288,214698,63911,7151,15419,250909,150047
2018:Q2,1051523,1051523,240837,375964,62765,313199,434722,90141,44425,68144,69341,0,3887,158784,0,0,0,1051523,133908,78286,0,0,0,434,8557,33553,40236,55331,224892,74634,7406,13292,238258,142736
2018:Q3,1045550,1045550,223580,392612,67160,325452,429358,93324,40506,75976,65094,0,5046,149412,0,0,0,1045550,141763,79646,0,0,0,239,8521,34322,38914,54671,249913,43180,6701,16817,233323,137540
2018:Q4,995971,995971,196467,368346,51508,316838,431158,87495,40788,80888,64605,0,5933,151449,0,0,0,995971,162126,78209,0,0,0,179,9198,33149,37591,52116,238124,10865,6882,11448,231357,124727
2019:Q1,1071231,1071231,241104,387676,64186,323490,442451,81598,37901,82749,64712,0,6179,169312,0,0,0,1071231,168856,78049,0,0,0,271,10550,33373,36975,19597,313448,8590,7624,13916,263546,116436
2019:Q2,1090408,1090408,236578,413874,73812,340062,439956,78957,38619,84583,65392,0,6379,166026,0,0,0,1090408,178111,77049,0,0,0,429,10135,33841,36360,16809,343606,28457,6920,11972,231053,115666
2019:Q3,1074907,1074907,216317,456172,67185,388987,402418,68713,38449,81028,59801,0,3834,150593,0,0,0,1074907,207804,77145,0,0,0,436,8960,32204,35745,11803,346189,50276,6938,13773,146520,137114
2019:Q4,1045248,1045248,194530,452790,57762,395028,397928,68396,38500,75932,63533,0,5860,145707,0,0,0,1045248,217568,77573,0,0,0,709,9665,28757,35129,12375,323751,52564,7141,8544,141259,130213
2020:Q1,1088765,1088765,243129,423605,63912,359693,422031,80011,51115,80665,61726,0,5414,143100,0,0,0,1088765,227784,76540,0,27546,0,1160,11061,38340,35502,16317,314459,38495,8191,20710,172758,99902
2020:Q2,1006631,1006631,166104,437393,72240,365153,403134,84499,43310,86721,50836,0,4887,132881,0,0,0,1006631,219935,75148,0,11756,0,686,13406,34836,35152,10309,297606,46135,7490,13009,134830,106333
2020:Q3,956940,956940,122229,455972,61201,394771,378739,89541,36150,87763,42465,0,3571,119249,0,0,0,956940,238656,76148,0,3898,0,299,13257,40386,34873,10243,241367,44903,6180,11027,147507,88196
2020:Q4,986898,986898,132202,463809,48786,415023,390887,99237,35889,90618,41832,0,5152,118159,0,0,0,986898,255886,77148,0,1992,0,340,8893,33976,34363,8615,232254,49876,7291,8211,182781,85272
2021:Q1,1105201,1105201,144023,505974,52132,453842,455204,106347,40718,86175,41524,0,5516,174924,0,0,0,1105201,235649,78148,0,110,0,162,9217,31091,33959,15332,275891,53926,6957,9206,253762,101791
2021:Q2,1085403,1085403,131976,524227,58478,465749,429200,105803,41978,84715,40875,0,6522,149307,0,0,0,1085403,268163,79148,0,0,0,75,10237,31768,33404,18398,236107,49756,5391,11670,235447,105839
2021:Q3,1071401,1071401,122448,554908,60143,494765,394045,84531,33526,73141,38912,0,6482,157453,0,0,0,1071401,274255,80148,0,0,0,26,9089,33765,32950,17359,249649,46719,4720,13999,204838,103884
2021:Q4,1014172,1014172,138243,485468,53808,431660,390461,80282,35929,88150,37614,0,8129,140357,0,0,0,1014172,271261,81148,0,0,0,3,7442,27869,32371,19134,226244,48542,4689,11499,175824,108146
