date,Total Nonfinancial,Households and Nonprofits,Nonfinancial Business,Federal Government,State and Local Governments,GDP,Total Nonfinancial Debt Growth,Households and Nonprofits Debt Growth,Nonfinancial Business Debt Growth,Federal Government Debt Growth,State and Local Governments Debt Growth,Nonfinancial Corporate Business,Nonfinancial Noncorporate Business,Noncorporate Business; Nonmortgage Depository Loans,Noncorporate Business; Mortgages,Noncorporate Business; Other,Corporate Business; Corporate Bonds,Corporate Business; Nonmortgage Depository Loans,Corporate Business; Mortgages,Corporate Business; Commercial Paper,Corporate Business; Other,Total Nonfinancial; Ratio to GDP,Households and Nonprofits; Ratio to GDP,Nonfinancial Business; Ratio to GDP,Federal Government; Ratio to GDP,State and Local Governments; Ratio to GDP,Nonfinancial Corporate Business; Ratio to GDP,Nonfinancial Noncorporate Business; Ratio to GDP,Noncorporate Nonmortgage Depository Loans; Ratio to GDP,Noncorporate Mortgages; Ratio to GDP,Noncorporate Other Nonfinancial Debt; Ratio to GDP,Corporate Bonds; Ratio to GDP,Corporate Nonmortgage Depository Loans; Ratio to GDP,Corporate Mortgages; Ratio to GDP,Corporate Commercial Paper; Ratio to GDP,Corporate Other; Ratio to GDP,Households and Nonprofits; Share of Total Nonfinancial Debt,Nonfinancial Business; Share of Total Nonfinancial Debt,Federal Governments; Share of Total Nonfinancial Debt,State and Local Governments; Share of Total Nonfinancial Debt,Nonfinancial Corporate Business; Share of Total Nonfinancial Business Debt,Nonfinancial Noncorporate Business; Share of Total Nonfinancial Business Debt,Noncorporate Nonmortgage Depository Loans; Share of Nonfinancial Noncorporate Business Debt,Noncorporate Mortgages; Share of Nonfinancial Noncorporate Business Debt,Noncorporate Other; Share of Nonfinancial Noncorporate Business Debt,Corporate Bonds; Share of Nonfinancial Corporate Business Debt,Corporate Nonmortgage Depository Loans; Share of Nonfinancial Corporate Business Debt,Corporate Mortgages; Share of Nonfinancial Corporate Business Debt,Corporate Commercial Paper; Share of Nonfinancial Corporate Business Debt,Corporate Other; Share of Nonfinancial Corporate Business Debt
2021:Q4,65059542,17932849,18541004,25314346,3271343,24008472,8.24,7.978,6.668,10.804,-0.893,11650471,6890532,1569229,4911439,409864,6652249,1066571,859285,138243,2934123,2.71,0.747,0.772,1.054,0.136,0.485,0.287,0.065,0.205,0.017,0.277,0.044,0.036,0.006,0.122,0.276,0.285,0.389,0.05,0.628,0.372,0.228,0.713,0.059,0.571,0.092,0.074,0.012,0.252
2021:Q3,63747647,17583334,18237084,24648566,3278662,23202344,2.609,6.162,4.728,-1.323,1.855,11458088,6778996,1548391,4827513,403093,6690997,1005716,812894,123108,2825373,2.747,0.758,0.786,1.062,0.141,0.494,0.292,0.067,0.208,0.017,0.288,0.043,0.035,0.005,0.122,0.276,0.286,0.387,0.051,0.628,0.372,0.228,0.712,0.059,0.584,0.088,0.071,0.011,0.247
2021:Q2,63324886,17317446,18013562,24730352,3263527,22740959,6.517,7.736,1.834,9.585,3.181,11260712,6752849,1607599,4757266,387984,6622345,1038852,773906,110147,2715462,2.785,0.762,0.792,1.087,0.144,0.495,0.297,0.071,0.209,0.017,0.291,0.046,0.034,0.005,0.119,0.273,0.284,0.391,0.052,0.625,0.375,0.238,0.704,0.057,0.588,0.092,0.069,0.01,0.241
2021:Q1,62310708,16989871,17931420,24151638,3237779,22038226,6.8,6.711,4.585,8.985,3.415,11215097,6716323,1654623,4699068,362632,6604261,1119953,745489,79093,2666301,2.827,0.771,0.814,1.096,0.147,0.509,0.305,0.075,0.213,0.016,0.3,0.051,0.034,0.004,0.121,0.273,0.288,0.388,0.052,0.625,0.375,0.246,0.7,0.054,0.589,0.1,0.066,0.007,0.238
2020:Q4,61270383,16710657,17728293,23621060,3210373,21477597,5.101,6.08,0.497,8.42,1.539,11074946,6653346,1654539,4646361,352447,6490923,1111758,724039,132202,2616024,2.853,0.778,0.825,1.1,0.149,0.516,0.31,0.077,0.216,0.016,0.302,0.052,0.034,0.006,0.122,0.273,0.289,0.386,0.052,0.625,0.375,0.249,0.698,0.053,0.586,0.1,0.065,0.012,0.236
2020:Q3,60500486,16461934,17706382,23134099,3198072,21138574,4.133,5.551,0.131,6.032,5.571,11080080,6626302,1716276,4575561,334465,6492671,1178190,713735,103707,2591777,2.862,0.779,0.838,1.094,0.151,0.524,0.313,0.081,0.216,0.016,0.307,0.056,0.034,0.005,0.123,0.272,0.293,0.382,0.053,0.626,0.374,0.259,0.691,0.05,0.586,0.106,0.064,0.009,0.234
2020:Q2,59884022,16238723,17700740,22790415,3154145,19477444,26.737,-0.102,15.22,62.502,3.528,11168728,6532011,1709705,4518915,303392,6433686,1366931,703235,121359,2543517,3.075,0.834,0.909,1.17,0.162,0.573,0.335,0.088,0.232,0.016,0.33,0.07,0.036,0.006,0.131,0.271,0.296,0.381,0.053,0.631,0.369,0.262,0.692,0.046,0.576,0.122,0.063,0.011,0.228
2020:Q1,56133875,16244734,17052034,19710539,3126568,21481367,11.665,3.569,18.883,14.089,0.967,10756185,6295849,1573440,4462267,260143,5998461,1367638,692952,189173,2507961,2.613,0.756,0.794,0.918,0.146,0.501,0.293,0.073,0.208,0.012,0.279,0.064,0.032,0.009,0.117,0.289,0.304,0.351,0.056,0.631,0.369,0.25,0.709,0.041,0.558,0.127,0.064,0.018,0.233
2019:Q4,54541523,16099100,16283500,19039898,3119025,21694458,3.33,3.506,2.252,4.154,3.042,10146999,6136501,1481208,4398904,256388,5815713,1033990,678620,194530,2424146,2.514,0.742,0.751,0.878,0.144,0.468,0.283,0.068,0.203,0.012,0.268,0.048,0.031,0.009,0.112,0.295,0.299,0.349,0.057,0.623,0.377,0.241,0.717,0.042,0.573,0.102,0.067,0.019,0.239
2019:Q3,54094936,15962688,16192561,18844202,3095486,21505012,5.807,3.186,5.851,8.863,0.783,10128152,6064409,1478526,4334541,251342,5816955,1041411,674393,200412,2394981,2.515,0.742,0.753,0.876,0.144,0.471,0.282,0.069,0.202,0.012,0.27,0.048,0.031,0.009,0.111,0.295,0.299,0.348,0.057,0.625,0.375,0.244,0.715,0.041,0.574,0.103,0.067,0.02,0.236
2019:Q2,53324413,15839937,15959346,18435695,3089435,21289268,3.494,4.195,4.23,3.145,-1.734,9971381,5987965,1485335,4251805,250825,5725163,1034663,653313,203010,2355232,2.505,0.744,0.75,0.866,0.145,0.468,0.281,0.07,0.2,0.012,0.269,0.049,0.031,0.01,0.111,0.297,0.299,0.346,0.058,0.625,0.375,0.248,0.71,0.042,0.574,0.104,0.066,0.02,0.236
2019:Q1,52866599,15679252,15792592,18291866,3102889,21001591,5.781,2.111,6.735,9.557,-2.23,9864577,5928014,1477818,4202874,247323,5648129,1023713,645514,218420,2328801,2.517,0.747,0.752,0.871,0.148,0.47,0.282,0.07,0.2,0.012,0.269,0.049,0.031,0.01,0.111,0.297,0.299,0.346,0.059,0.625,0.375,0.249,0.709,0.042,0.573,0.104,0.065,0.022,0.236
2018:Q4,52116927,15602081,15529538,17865026,3120282,20813325,3.404,2.638,4.602,4.1,-2.595,9665937,5863601,1465184,4150657,247761,5559140,1003050,626489,196467,2280791,2.504,0.75,0.746,0.858,0.15,0.464,0.282,0.07,0.199,0.012,0.267,0.048,0.03,0.009,0.11,0.299,0.298,0.343,0.06,0.622,0.378,0.25,0.708,0.042,0.575,0.104,0.065,0.02,0.236
2018:Q3,51682003,15504408,15353194,17683747,3140654,20659102,3.96,3.131,5.01,4.442,0.258,9565251,5787943,1445730,4099222,242991,5529203,924209,603278,232290,2276271,2.502,0.75,0.743,0.856,0.152,0.463,0.28,0.07,0.198,0.012,0.268,0.045,0.029,0.011,0.11,0.3,0.297,0.342,0.061,0.623,0.377,0.25,0.708,0.042,0.578,0.097,0.063,0.024,0.238
2018:Q2,51173697,15381909,15163651,17489509,3138628,20492492,4.255,3.269,3.35,6.655,0.137,9450758,5712892,1425863,4047777,239252,5465717,926197,591321,233228,2234295,2.497,0.751,0.74,0.853,0.153,0.461,0.279,0.07,0.198,0.012,0.267,0.045,0.029,0.011,0.109,0.301,0.296,0.342,0.061,0.623,0.377,0.25,0.709,0.042,0.578,0.098,0.063,0.025,0.236
2018:Q1,50321144,15266071,14714237,17203280,3137556,20143716,6.994,3.239,4.599,14.364,-2.715,9072716,5641521,1407350,3996347,237825,5464154,900104,553584,227846,1927028,2.498,0.758,0.73,0.854,0.156,0.45,0.28,0.07,0.198,0.012,0.271,0.045,0.027,0.011,0.096,0.303,0.292,0.342,0.062,0.617,0.383,0.249,0.708,0.042,0.602,0.099,0.061,0.025,0.212
2017:Q4,49460142,15146992,14547213,16606939,3158998,19882965,4.033,5.197,5.372,1.999,3.098,8975798,5571415,1387291,3945158,238965,5394151,899629,536211,206670,1939137,2.488,0.762,0.732,0.835,0.159,0.451,0.28,0.07,0.198,0.012,0.271,0.045,0.027,0.01,0.098,0.306,0.294,0.336,0.064,0.617,0.383,0.249,0.708,0.043,0.601,0.1,0.06,0.023,0.216
2017:Q3,48899970,14958134,14282747,16524372,3134717,19558693,4.103,2.67,5.561,5.033,-0.487,8830239,5452508,1355327,3862660,234521,5361906,907881,515363,208973,1836116,2.5,0.765,0.73,0.845,0.16,0.451,0.279,0.069,0.197,0.012,0.274,0.046,0.026,0.011,0.094,0.306,0.292,0.338,0.064,0.618,0.382,0.249,0.708,0.043,0.607,0.103,0.058,0.024,0.208
2017:Q2,48409833,14864971,14087292,16319034,3138536,19322920,4.914,3.952,6.89,5.147,-0.476,8750396,5336896,1323611,3780232,233053,5293124,919658,535205,191769,1810640,2.505,0.769,0.729,0.845,0.162,0.453,0.276,0.068,0.196,0.012,0.274,0.048,0.028,0.01,0.094,0.307,0.291,0.337,0.065,0.621,0.379,0.248,0.708,0.044,0.605,0.105,0.061,0.022,0.207
2017:Q1,47830186,14727004,13849175,16111734,3142272,19153912,3.506,3.611,5.797,2.585,-2.165,8627712,5221464,1292154,3697802,231508,5219968,932172,544025,183634,1747913,2.497,0.769,0.723,0.841,0.164,0.45,0.273,0.067,0.193,0.012,0.273,0.049,0.028,0.01,0.091,0.308,0.29,0.337,0.066,0.623,0.377,0.247,0.708,0.044,0.605,0.108,0.063,0.021,0.203
2016:Q4,47357369,14601841,13587867,16008291,3159370,18968041,1.876,2.606,1.66,1.868,-0.509,8480356,5107511,1258441,3615247,233823,5109003,951779,570100,180783,1668691,2.497,0.77,0.716,0.844,0.167,0.447,0.269,0.066,0.191,0.012,0.269,0.05,0.03,0.01,0.088,0.308,0.287,0.338,0.067,0.624,0.376,0.246,0.708,0.046,0.602,0.112,0.067,0.021,0.197
2016:Q3,47147010,14513127,13536621,15933864,3163397,18775459,4.658,3.981,5.711,5.16,0.788,8529677,5006944,1229176,3548450,229319,5125173,987651,575786,151010,1690057,2.511,0.773,0.721,0.849,0.168,0.454,0.267,0.065,0.189,0.012,0.273,0.053,0.031,0.008,0.09,0.308,0.287,0.338,0.067,0.63,0.37,0.245,0.709,0.046,0.601,0.116,0.068,0.018,0.198
2016:Q2,46612165,14377544,13346522,15730920,3157179,18611617,4.715,3.461,4.318,6.7,2.305,8435157,4911365,1199556,3481535,230274,5046011,981060,549510,186629,1671947,2.504,0.773,0.717,0.845,0.17,0.453,0.264,0.064,0.187,0.012,0.271,0.053,0.03,0.01,0.09,0.308,0.286,0.337,0.068,0.632,0.368,0.244,0.709,0.047,0.598,0.116,0.065,0.022,0.198
2016:Q1,46077156,14261824,13204452,15471787,3139093,18425306,5.903,2.241,8.474,8.075,1.351,8390674,4813778,1171858,3414552,227368,4967229,985721,555094,185234,1697396,2.501,0.774,0.717,0.84,0.17,0.455,0.261,0.064,0.185,0.012,0.27,0.053,0.03,0.01,0.092,0.31,0.287,0.336,0.068,0.635,0.365,0.243,0.709,0.047,0.592,0.117,0.066,0.022,0.202
2015:Q4,45416538,14191329,12931056,15165626,3128527,18332079,5.289,3.046,6.051,8.165,-1.294,8210988,4720068,1139319,3347768,232981,4836709,956679,568482,179017,1670101,2.477,0.774,0.705,0.827,0.171,0.448,0.257,0.062,0.183,0.013,0.264,0.052,0.031,0.01,0.091,0.312,0.285,0.334,0.069,0.635,0.365,0.241,0.709,0.049,0.589,0.117,0.069,0.022,0.203
2015:Q3,44944817,14181385,12762514,14862239,3138678,18306960,2.479,0.643,5.412,2.143,0.582,8105107,4657408,1122401,3302799,232208,4790083,925245,518988,172778,1698013,2.455,0.775,0.697,0.812,0.171,0.443,0.254,0.061,0.18,0.013,0.262,0.051,0.028,0.009,0.093,0.316,0.284,0.331,0.07,0.635,0.365,0.241,0.709,0.05,0.591,0.114,0.064,0.021,0.209
2015:Q2,44677862,14168014,12592703,14783027,3134118,18193707,5.63,3.545,8.536,6.297,0.451,8000316,4592387,1106649,3257889,227849,4706070,913675,507945,154605,1718021,2.456,0.779,0.692,0.813,0.172,0.44,0.252,0.061,0.179,0.013,0.259,0.05,0.028,0.008,0.094,0.317,0.282,0.331,0.07,0.635,0.365,0.241,0.709,0.05,0.588,0.114,0.063,0.019,0.215
2015:Q1,44069739,14054975,12330254,14553921,3130589,17991348,3.783,1.728,7.377,3.126,2.092,7801319,4528935,1091840,3213410,223685,4544814,884657,483767,167312,1720769,2.449,0.781,0.685,0.809,0.174,0.434,0.252,0.061,0.179,0.012,0.253,0.049,0.027,0.009,0.096,0.319,0.28,0.33,0.071,0.633,0.367,0.241,0.71,0.049,0.583,0.113,0.062,0.021,0.221
2014:Q4,43695387,14018843,12121188,14441054,3114302,17852540,3.226,1.585,7.842,1.507,0.912,7648777,4472411,1075202,3169445,227764,4436975,865484,470369,182012,1693937,2.448,0.785,0.679,0.809,0.174,0.428,0.251,0.06,0.178,0.013,0.249,0.048,0.026,0.01,0.095,0.321,0.277,0.33,0.071,0.631,0.369,0.24,0.709,0.051,0.58,0.113,0.061,0.024,0.221
2014:Q3,43348433,13971027,11883331,14386859,3107215,17743227,3.066,-1.152,6.5,6.818,-7.699,7486604,4396727,1052045,3122700,221982,4340523,833693,461382,182924,1668082,2.443,0.787,0.67,0.811,0.175,0.422,0.248,0.059,0.176,0.013,0.245,0.047,0.026,0.01,0.094,0.322,0.274,0.332,0.072,0.63,0.37,0.239,0.71,0.05,0.58,0.111,0.062,0.024,0.223
2014:Q2,43035680,14022888,11698863,14145734,3168195,17462703,4.055,2.606,5.786,5.45,-1.981,7372643,4326220,1030991,3076434,218795,4291063,812121,467487,177492,1624480,2.464,0.803,0.67,0.81,0.181,0.422,0.248,0.059,0.176,0.013,0.246,0.047,0.027,0.01,0.093,0.326,0.272,0.329,0.074,0.63,0.37,0.238,0.711,0.051,0.582,0.11,0.063,0.024,0.22
2014:Q1,42616267,13943955,11532777,13955573,3183962,17144281,4.616,1.66,6.397,7.31,-0.424,7275427,4257349,1011341,3030360,215649,4217347,779946,472166,163148,1642820,2.486,0.813,0.673,0.814,0.186,0.424,0.248,0.059,0.177,0.013,0.246,0.045,0.028,0.01,0.096,0.327,0.271,0.327,0.075,0.631,0.369,0.238,0.712,0.051,0.58,0.107,0.065,0.022,0.226
2013:Q4,42144869,13900277,11352127,13705127,3187338,17133114,5.432,5.469,4.403,6.752,3.297,7162493,4189634,988998,2984083,216553,4153094,765461,487475,144511,1611952,2.46,0.811,0.663,0.8,0.186,0.418,0.245,0.058,0.174,0.013,0.242,0.045,0.028,0.008,0.094,0.33,0.269,0.325,0.076,0.631,0.369,0.236,0.712,0.052,0.58,0.107,0.068,0.02,0.225
2013:Q3,41608313,13728690,11240728,13477615,3161280,16911068,3.995,1.608,7.134,5.289,-2.045,7080284,4160444,983512,2965032,211900,4108728,731257,490878,153315,1596106,2.46,0.812,0.665,0.797,0.187,0.419,0.246,0.058,0.175,0.013,0.243,0.043,0.029,0.009,0.094,0.33,0.27,0.324,0.076,0.63,0.37,0.236,0.713,0.051,0.58,0.103,0.069,0.022,0.225
2013:Q2,41218781,13694627,11044903,13301727,3177524,16699551,2.727,0.89,5.038,3.9,-2.128,6910471,4134432,978068,2945871,210494,3997291,711246,466882,130314,1604738,2.468,0.82,0.661,0.797,0.19,0.414,0.248,0.059,0.176,0.013,0.239,0.043,0.028,0.008,0.096,0.332,0.268,0.323,0.077,0.626,0.374,0.237,0.713,0.051,0.578,0.103,0.068,0.019,0.232
2013:Q1,40965511,13688851,10908854,13173288,3194518,16629050,4.394,1.383,2.626,10.133,0.195,6801645,4107208,973180,2926627,207402,3941302,697785,463469,135344,1563745,2.463,0.823,0.656,0.792,0.192,0.409,0.247,0.059,0.176,0.012,0.237,0.042,0.028,0.008,0.094,0.334,0.266,0.322,0.078,0.623,0.377,0.237,0.713,0.05,0.579,0.103,0.068,0.02,0.23
2012:Q4,40547891,13667988,10839114,12847828,3192961,16420386,3.511,0.521,8.001,4.68,-3.252,6753909,4085205,967444,2907477,210284,3897060,711877,479607,130329,1535036,2.469,0.832,0.66,0.782,0.194,0.411,0.249,0.059,0.177,0.013,0.237,0.043,0.029,0.008,0.093,0.337,0.267,0.317,0.079,0.623,0.377,0.237,0.712,0.051,0.577,0.105,0.071,0.019,0.227
2012:Q3,40252177,13680871,10652941,12699232,3219134,16319540,4.767,0.736,6.515,8.941,0.108,6610699,4042242,952146,2883874,206223,3783621,684709,479098,112715,1550556,2.467,0.838,0.653,0.778,0.197,0.405,0.248,0.058,0.177,0.013,0.232,0.042,0.029,0.007,0.095,0.34,0.265,0.315,0.08,0.621,0.379,0.236,0.713,0.051,0.572,0.104,0.072,0.017,0.235
2012:Q2,39815565,13691667,10484055,12421579,3218265,16207130,5.394,-0.223,4.242,13.558,2.587,6483930,4000124,937240,2860209,202675,3680901,669144,504640,121582,1507663,2.457,0.845,0.647,0.766,0.199,0.4,0.247,0.058,0.176,0.013,0.227,0.041,0.031,0.008,0.093,0.344,0.263,0.312,0.081,0.618,0.382,0.234,0.715,0.051,0.568,0.103,0.078,0.019,0.233
2012:Q1,39328869,13741139,10375804,12014344,3197582,16068824,4.866,1.093,3.391,11.9,0.152,6420477,3955327,921225,2836406,197697,3620952,640558,536186,114324,1508457,2.448,0.855,0.646,0.748,0.199,0.4,0.246,0.057,0.177,0.012,0.225,0.04,0.033,0.007,0.094,0.349,0.264,0.305,0.081,0.619,0.381,0.233,0.717,0.05,0.564,0.1,0.084,0.018,0.235
2011:Q4,38895250,13735594,10296039,11667250,3196367,15842267,3.542,0.575,3.822,7.551,1.037,6383624,3912415,901515,2812490,198410,3544036,629420,576157,116307,1517704,2.455,0.867,0.65,0.736,0.202,0.403,0.247,0.057,0.178,0.013,0.224,0.04,0.036,0.007,0.096,0.353,0.265,0.3,0.082,0.62,0.38,0.23,0.719,0.051,0.555,0.099,0.09,0.018,0.238
2011:Q3,38589958,13750490,10200295,11451071,3188103,15647681,4.581,-1.599,2.886,15.078,0.458,6273637,3926657,908528,2822140,195989,3506543,584095,574179,109177,1499643,2.466,0.879,0.652,0.732,0.204,0.401,0.251,0.058,0.18,0.013,0.224,0.037,0.037,0.007,0.096,0.356,0.264,0.297,0.083,0.615,0.385,0.231,0.719,0.05,0.559,0.093,0.092,0.017,0.239
2011:Q2,38189411,13840918,10128939,11035097,3184456,15557535,3.63,-0.294,3.069,11.117,-2.68,6181049,3947890,915708,2831654,200528,3464113,529849,597338,101762,1487987,2.455,0.89,0.651,0.709,0.205,0.397,0.254,0.059,0.182,0.013,0.223,0.034,0.038,0.007,0.096,0.362,0.265,0.289,0.083,0.61,0.39,0.232,0.717,0.051,0.56,0.086,0.097,0.016,0.241
2011:Q1,37886517,13890159,10053718,10736707,3205933,15351444,2.604,1.827,-0.178,7.908,-2.692,6085209,3968509,924426,2841118,202966,3408834,505089,627950,89378,1453958,2.468,0.905,0.655,0.699,0.209,0.396,0.259,0.06,0.185,0.013,0.222,0.033,0.041,0.006,0.095,0.367,0.265,0.283,0.085,0.605,0.395,0.233,0.716,0.051,0.56,0.083,0.103,0.015,0.239
2010:Q4,37682500,13866178,10060105,10528562,3227655,15309471,4.016,1.291,0.751,10.365,5.804,6073388,3986717,927538,2852938,206242,3385239,482473,673336,82928,1449412,2.461,0.906,0.657,0.688,0.211,0.397,0.26,0.061,0.186,0.013,0.221,0.032,0.044,0.005,0.095,0.368,0.267,0.279,0.086,0.604,0.396,0.233,0.716,0.052,0.557,0.079,0.111,0.014,0.239
2010:Q3,37439539,13858761,10136657,10262633,3181489,15141605,4.69,-1.354,1.586,17.45,1.586,6138109,3998548,932627,2856994,208927,3339218,469486,675092,97592,1556721,2.473,0.915,0.669,0.678,0.21,0.405,0.264,0.062,0.189,0.014,0.221,0.031,0.045,0.006,0.103,0.37,0.271,0.274,0.085,0.606,0.394,0.233,0.715,0.052,0.544,0.076,0.11,0.016,0.254
2010:Q2,37049103,13947619,10098916,9833644,3168923,14980193,4.993,-0.269,-2.586,22.625,0.774,6096360,4002556,937682,2861024,203850,3270441,473908,703110,86651,1562250,2.473,0.931,0.674,0.656,0.212,0.407,0.267,0.063,0.191,0.014,0.218,0.032,0.047,0.006,0.104,0.376,0.273,0.265,0.086,0.604,0.396,0.234,0.715,0.051,0.536,0.078,0.115,0.014,0.256
2010:Q1,36641726,14004663,10167067,9307196,3162800,14764611,3.403,-2.094,-2.626,19.118,3.123,6157000,4010068,943299,2865072,201697,3244612,507370,743756,70974,1590288,2.482,0.949,0.689,0.63,0.214,0.417,0.272,0.064,0.194,0.014,0.22,0.034,0.05,0.005,0.108,0.382,0.277,0.254,0.086,0.606,0.394,0.235,0.714,0.05,0.527,0.082,0.121,0.012,0.258
2009:Q4,36264804,14057682,10192136,8882645,3132341,14651248,2.248,0.868,-4.29,11.32,5.182,6175892,4016244,944299,2869138,202807,3197060,549098,762492,58410,1608832,2.475,0.959,0.696,0.606,0.214,0.422,0.274,0.064,0.196,0.014,0.218,0.037,0.052,0.004,0.11,0.388,0.281,0.245,0.086,0.606,0.394,0.235,0.714,0.05,0.518,0.089,0.123,0.009,0.261
2009:Q3,36220637,14089593,10400577,8638185,3092282,14448882,3.367,0.638,-4.95,18.699,3.255,6351092,4049485,975075,2869722,204688,3167974,598522,805305,64093,1715198,2.507,0.975,0.72,0.598,0.214,0.44,0.28,0.067,0.199,0.014,0.219,0.041,0.056,0.004,0.119,0.389,0.287,0.238,0.085,0.611,0.389,0.241,0.709,0.051,0.499,0.094,0.127,0.01,0.27
2009:Q2,35984156,14130296,10534142,8252399,3067320,14381236,5.06,0.836,-3.259,23.879,5.589,6451310,4082831,1005145,2870564,207122,3144946,665428,840789,63586,1736561,2.502,0.983,0.732,0.574,0.213,0.449,0.284,0.07,0.2,0.014,0.219,0.046,0.058,0.004,0.121,0.393,0.293,0.229,0.085,0.612,0.388,0.246,0.703,0.051,0.487,0.103,0.13,0.01,0.269
2009:Q1,35588061,14151930,10623576,7787502,3025053,14430901,3.752,-0.614,-3.482,22.269,4.74,6510785,4112791,1036319,2871425,205047,3077982,721385,855631,96783,1759004,2.466,0.981,0.736,0.54,0.21,0.451,0.285,0.072,0.199,0.014,0.213,0.05,0.059,0.007,0.122,0.398,0.299,0.219,0.085,0.613,0.387,0.252,0.698,0.05,0.473,0.111,0.131,0.015,0.27
2008:Q4,35295847,14219665,10709736,7376817,2989629,14608208,3.23,-8.11,1.15,32.569,-1.048,6584352,4125384,1046270,2870362,208751,2986970,777496,871877,131477,1816532,2.416,0.973,0.733,0.505,0.205,0.451,0.282,0.072,0.196,0.014,0.204,0.053,0.06,0.009,0.124,0.403,0.303,0.209,0.085,0.615,0.385,0.254,0.696,0.051,0.454,0.118,0.132,0.02,0.276
2008:Q3,35058083,14557982,10681220,6821396,2997485,14898999,9.249,4.135,5.481,31.201,0.781,6629884,4051336,1016983,2823818,210534,2970293,798328,913732,130923,1816608,2.353,0.977,0.717,0.458,0.201,0.445,0.272,0.068,0.19,0.014,0.199,0.054,0.061,0.009,0.122,0.415,0.305,0.195,0.086,0.621,0.379,0.251,0.697,0.052,0.448,0.12,0.138,0.02,0.274
2008:Q2,34304241,14441180,10543616,6327804,2991641,14865701,3.224,-0.999,8.004,5.43,2.58,6563456,3980160,987880,2777088,215192,2954630,774130,950771,115214,1768711,2.308,0.971,0.709,0.426,0.201,0.442,0.268,0.066,0.187,0.014,0.199,0.052,0.064,0.008,0.119,0.421,0.307,0.184,0.087,0.623,0.377,0.248,0.698,0.054,0.45,0.118,0.145,0.018,0.269
2008:Q1,34062572,14508718,10338327,6243059,2972467,14706538,6.84,4.934,8.017,11.112,3.277,6445212,3893115,957805,2730247,205063,2881548,761302,953506,134532,1714324,2.316,0.987,0.703,0.425,0.202,0.438,0.265,0.065,0.186,0.014,0.196,0.052,0.065,0.009,0.117,0.426,0.304,0.183,0.087,0.623,0.377,0.246,0.701,0.053,0.447,0.118,0.148,0.021,0.266
2007:Q4,33510369,14351562,10136181,6074315,2948311,14715058,7.117,6.09,10.669,5.34,3.73,6329327,3806854,926671,2683283,196900,2861113,714425,946352,123814,1683623,2.277,0.975,0.689,0.413,0.2,0.43,0.259,0.063,0.182,0.013,0.194,0.049,0.064,0.008,0.114,0.428,0.302,0.181,0.088,0.624,0.376,0.243,0.705,0.052,0.452,0.113,0.15,0.02,0.266
2007:Q3,32937477,14148644,9873464,5994294,2921075,14564117,7.832,6.42,13.428,3.708,4.62,6182917,3690547,891653,2606544,192350,2834893,687472,931826,119826,1608900,2.262,0.971,0.678,0.412,0.201,0.425,0.253,0.061,0.179,0.013,0.195,0.047,0.064,0.008,0.11,0.43,0.3,0.182,0.089,0.626,0.374,0.242,0.706,0.052,0.459,0.111,0.151,0.019,0.26
2007:Q2,32311105,13930952,9553194,5939237,2887722,14402082,8.758,9.359,13.122,0.928,7.995,5978377,3574817,857313,2529743,187761,2812726,637117,898258,127487,1502789,2.244,0.967,0.663,0.412,0.201,0.415,0.248,0.06,0.176,0.013,0.195,0.044,0.062,0.009,0.104,0.431,0.296,0.184,0.089,0.626,0.374,0.24,0.708,0.053,0.47,0.107,0.15,0.021,0.251
2007:Q1,31624705,13618057,9250024,5925487,2831136,14215651,8.037,5.975,10.796,8.378,8.343,5790482,3459542,822972,2452954,183616,2762600,623918,879501,117252,1407211,2.225,0.958,0.651,0.417,0.199,0.407,0.243,0.058,0.173,0.013,0.194,0.044,0.062,0.008,0.099,0.431,0.292,0.187,0.09,0.626,0.374,0.238,0.709,0.053,0.477,0.108,0.152,0.02,0.243
2006:Q4,30999693,13421686,9000791,5803923,2773293,14039560,7.96,8.447,11.734,2.101,5.915,5658388,3342403,785821,2376134,180449,2736284,612332,871797,112517,1325458,2.208,0.956,0.641,0.413,0.198,0.403,0.238,0.056,0.169,0.013,0.195,0.044,0.062,0.008,0.094,0.433,0.29,0.187,0.089,0.629,0.371,0.235,0.711,0.054,0.484,0.108,0.154,0.02,0.234
2006:Q3,30405388,13154632,8744287,5773590,2732878,13870188,6.458,9.223,6.737,0.276,5.613,5505570,3238717,757362,2305284,176071,2710934,619412,836781,84744,1253699,2.192,0.948,0.63,0.416,0.197,0.397,0.234,0.055,0.166,0.013,0.195,0.045,0.06,0.006,0.09,0.433,0.288,0.19,0.09,0.63,0.37,0.234,0.712,0.054,0.492,0.113,0.152,0.015,0.228
2006:Q2,29922292,12858168,8599453,5769608,2695063,13753424,9.45,11.699,9.977,5.537,5.574,5463968,3135485,728299,2234469,172717,2698065,623343,811413,90114,1241033,2.176,0.935,0.625,0.42,0.196,0.397,0.228,0.053,0.162,0.013,0.196,0.045,0.059,0.007,0.09,0.43,0.287,0.193,0.09,0.635,0.365,0.232,0.713,0.055,0.494,0.114,0.149,0.016,0.227
2006:Q1,29249977,12510941,8390176,5690834,2658025,13599160,9.309,11.537,10.146,7.596,0.174,5360010,3030166,700021,2163634,166511,2672344,614702,795794,84380,1192790,2.151,0.92,0.617,0.418,0.195,0.394,0.223,0.051,0.159,0.012,0.197,0.045,0.059,0.006,0.088,0.428,0.287,0.195,0.091,0.639,0.361,0.231,0.714,0.055,0.499,0.115,0.148,0.016,0.223
2005:Q4,28538700,12116452,8180601,5584775,2656872,13324204,8.468,9.894,9.471,6.012,4.143,5253518,2927083,670528,2092868,163688,2659502,590882,766386,90071,1146677,2.142,0.909,0.614,0.419,0.199,0.394,0.22,0.05,0.157,0.012,0.2,0.044,0.058,0.007,0.086,0.425,0.287,0.196,0.093,0.642,0.358,0.229,0.715,0.056,0.506,0.112,0.146,0.017,0.218
2005:Q3,27947080,11823986,7991381,5502074,2629639,13142642,7.89,10.944,6.533,4.05,6.511,5152772,2838609,630606,2048366,159638,2667716,596593,698706,93471,1096286,2.126,0.9,0.608,0.419,0.2,0.392,0.216,0.048,0.156,0.012,0.203,0.045,0.053,0.007,0.083,0.423,0.286,0.197,0.094,0.645,0.355,0.222,0.722,0.056,0.518,0.116,0.136,0.018,0.213
2005:Q2,27406504,11509101,7862955,5446929,2587519,12922656,9.337,11.597,7.754,7.995,7.02,5111041,2751914,590594,2003922,157399,2671393,631867,650707,96668,1060406,2.121,0.891,0.608,0.422,0.2,0.396,0.213,0.046,0.155,0.012,0.207,0.049,0.05,0.007,0.082,0.42,0.287,0.199,0.094,0.65,0.35,0.215,0.728,0.057,0.523,0.124,0.127,0.019,0.207
2005:Q1,26794064,11184827,7713438,5352908,2542890,12767286,8.169,8.931,7.303,7.772,8.291,5046224,2667214,551756,1959604,155854,2691178,618003,598716,105194,1033133,2.099,0.876,0.604,0.419,0.199,0.395,0.209,0.043,0.153,0.012,0.211,0.048,0.047,0.008,0.081,0.417,0.288,0.2,0.095,0.654,0.346,0.207,0.735,0.058,0.533,0.122,0.119,0.021,0.205
2004:Q4,26257832,10940559,7575139,5250883,2491251,12527214,9.083,13.481,6.034,5.985,5.922,4986603,2588536,512638,1915334,160564,2696808,618002,580957,97782,993054,2.096,0.873,0.605,0.419,0.199,0.398,0.207,0.041,0.153,0.013,0.215,0.049,0.046,0.008,0.079,0.417,0.288,0.2,0.095,0.658,0.342,0.198,0.74,0.062,0.541,0.124,0.117,0.02,0.199
2004:Q3,25674803,10583858,7462562,5173475,2454909,12305307,8.038,9.369,6.675,7.254,8.141,4936680,2525881,506838,1857888,161156,2704071,597454,575154,88258,971743,2.086,0.86,0.606,0.42,0.2,0.401,0.205,0.041,0.151,0.013,0.22,0.049,0.047,0.007,0.079,0.412,0.291,0.202,0.096,0.662,0.338,0.201,0.736,0.064,0.548,0.121,0.117,0.018,0.197
2004:Q2,25154451,10327115,7340067,5081330,2405939,12112815,9.477,11.718,3.414,13.788,9.678,4876058,2464009,501209,1800437,162362,2707998,584001,545270,90139,948650,2.077,0.853,0.606,0.42,0.199,0.403,0.203,0.041,0.149,0.013,0.224,0.048,0.045,0.007,0.078,0.411,0.292,0.202,0.096,0.664,0.336,0.203,0.731,0.066,0.555,0.12,0.112,0.018,0.195
2004:Q1,24572248,10033183,7277946,4912016,2349103,11923447,7.877,9.813,6.137,5.279,11.763,4873515,2404430,495815,1743043,165572,2725498,582204,533028,85428,947357,2.061,0.841,0.61,0.412,0.197,0.409,0.202,0.042,0.146,0.014,0.229,0.049,0.045,0.007,0.079,0.408,0.296,0.2,0.096,0.67,0.33,0.206,0.725,0.069,0.559,0.119,0.109,0.018,0.194
2003:Q4,23343538,9782786,7144282,4848035,1568435,11772234,6.2,10.115,-0.343,8.03,6.664,4809708,2334573,479686,1694724,160163,2717248,614049,494222,82481,901708,1.983,0.831,0.607,0.412,0.133,0.409,0.198,0.041,0.144,0.014,0.231,0.052,0.042,0.007,0.077,0.419,0.306,0.208,0.067,0.673,0.327,0.205,0.726,0.069,0.565,0.128,0.103,0.017,0.187
2003:Q3,22955433,9523761,7136314,4752624,1542735,11566669,7.704,10.486,2.974,9.833,6.262,4821933,2314381,476621,1678707,159053,2712323,625647,494141,93346,896476,1.985,0.823,0.617,0.411,0.133,0.417,0.2,0.041,0.145,0.014,0.234,0.054,0.043,0.008,0.078,0.415,0.311,0.207,0.067,0.676,0.324,0.206,0.725,0.069,0.562,0.13,0.102,0.019,0.186
2003:Q2,22521673,9280481,7083644,4638594,1518954,11312766,10.666,16.116,0.905,14.799,11.946,4786367,2297278,474719,1662684,159875,2682369,637720,474984,98006,893288,1.991,0.82,0.626,0.41,0.134,0.423,0.203,0.042,0.147,0.014,0.237,0.056,0.042,0.009,0.079,0.412,0.315,0.206,0.067,0.676,0.324,0.207,0.724,0.07,0.56,0.133,0.099,0.02,0.187
2003:Q1,21936728,8921063,7067655,4473103,1474906,11174129,5.891,10.454,1.043,4.136,7.461,4787038,2280617,473059,1646668,160891,2636834,668762,465496,114330,901616,1.963,0.798,0.633,0.4,0.132,0.428,0.204,0.042,0.147,0.014,0.236,0.06,0.042,0.01,0.081,0.407,0.322,0.204,0.067,0.677,0.323,0.207,0.722,0.071,0.551,0.14,0.097,0.024,0.188
2002:Q4,21618346,8693842,7049276,4427328,1447900,11061433,7.428,11.121,2.45,6.393,13.246,4789505,2259770,469317,1630587,159866,2629821,693430,450915,119813,895526,1.954,0.786,0.637,0.4,0.131,0.433,0.204,0.042,0.147,0.014,0.238,0.063,0.041,0.011,0.081,0.402,0.326,0.205,0.067,0.679,0.321,0.208,0.722,0.071,0.549,0.145,0.094,0.025,0.187
2002:Q3,21224196,8458668,7006361,4357679,1401488,10984040,6.934,9.583,1.684,9.137,10.857,4785753,2220608,463680,1598868,158059,2621138,718634,423058,132126,890797,1.932,0.77,0.638,0.397,0.128,0.436,0.202,0.042,0.146,0.014,0.239,0.065,0.039,0.012,0.081,0.399,0.33,0.205,0.066,0.683,0.317,0.209,0.72,0.071,0.548,0.15,0.088,0.028,0.186
2002:Q2,20862556,8260757,6976983,4260360,1364455,10887460,6.222,7.502,1.638,9.999,10.564,4794936,2182047,458504,1567134,156409,2635778,740028,404984,144073,870073,1.916,0.759,0.641,0.391,0.125,0.44,0.2,0.042,0.144,0.014,0.242,0.068,0.037,0.013,0.08,0.396,0.334,0.204,0.065,0.687,0.313,0.21,0.718,0.072,0.55,0.154,0.084,0.03,0.181
2002:Q1,20543008,8108679,6948521,4156460,1329349,10783500,5.561,9.717,3.025,1.083,7.979,4806088,2142433,452630,1535378,154424,2604849,783203,396522,158284,863230,1.905,0.752,0.644,0.385,0.123,0.446,0.199,0.042,0.142,0.014,0.242,0.073,0.037,0.015,0.08,0.395,0.338,0.202,0.065,0.692,0.308,0.211,0.717,0.072,0.542,0.163,0.083,0.033,0.18
2001:Q4,20261333,7916373,6896372,4145237,1303350,10660465,4.664,4.876,3.354,4.721,10.231,4793956,2102417,445636,1505036,151745,2563772,796819,394915,177726,860724,1.901,0.743,0.647,0.389,0.122,0.45,0.197,0.042,0.141,0.014,0.24,0.075,0.037,0.017,0.081,0.391,0.34,0.205,0.064,0.695,0.305,0.212,0.716,0.072,0.535,0.166,0.082,0.037,0.18
2001:Q3,20027801,7821042,6839027,4096886,1270846,10598020,8.266,12.876,4.284,6.609,7.213,4779717,2059309,436183,1470520,152606,2521528,832985,367036,167068,891100,1.89,0.738,0.645,0.387,0.12,0.451,0.194,0.041,0.139,0.014,0.238,0.079,0.035,0.016,0.084,0.391,0.341,0.205,0.063,0.699,0.301,0.212,0.714,0.074,0.528,0.174,0.077,0.035,0.186
2001:Q2,19622326,7577136,6766553,4030300,1248336,10599000,4.721,9.544,7.599,-8.985,6.111,4744732,2021821,427881,1437350,156590,2487868,860198,340231,178174,878261,1.851,0.715,0.638,0.38,0.118,0.448,0.191,0.04,0.136,0.015,0.235,0.081,0.032,0.017,0.083,0.386,0.345,0.205,0.064,0.701,0.299,0.212,0.711,0.077,0.524,0.181,0.072,0.038,0.185
2001:Q1,19392855,7400562,6639831,4122911,1229551,10470231,4.968,6.188,3.688,3.216,10.571,4661009,1978822,416943,1407296,154583,2366256,884993,331327,211055,867378,1.852,0.707,0.634,0.394,0.117,0.445,0.189,0.04,0.134,0.015,0.226,0.085,0.032,0.02,0.083,0.382,0.342,0.213,0.063,0.702,0.298,0.211,0.711,0.078,0.508,0.19,0.071,0.045,0.186
2000:Q4,19172302,7287820,6596565,4090025,1197892,10435744,3.776,6.485,6.717,-5.199,2.674,4657924,1938641,402120,1381475,155047,2267543,901298,355561,278402,855120,1.837,0.698,0.632,0.392,0.115,0.446,0.186,0.039,0.132,0.015,0.217,0.086,0.034,0.027,0.082,0.38,0.344,0.213,0.062,0.706,0.294,0.207,0.713,0.08,0.487,0.193,0.076,0.06,0.184
2000:Q3,18993005,7171557,6487627,4143885,1189936,10318165,4.15,8.818,6.293,-6.72,3.66,4599160,1888467,390064,1345746,152657,2242060,897104,355149,279408,825439,1.841,0.695,0.629,0.402,0.115,0.446,0.183,0.038,0.13,0.015,0.217,0.087,0.034,0.027,0.08,0.378,0.342,0.218,0.063,0.709,0.291,0.207,0.713,0.081,0.487,0.195,0.077,0.061,0.179
2000:Q2,18788189,7007215,6387138,4214690,1179146,10247720,4.162,7.705,10.786,-9.274,-2.23,4537191,1849947,384772,1314866,150308,2202751,890316,349590,265376,829158,1.833,0.684,0.623,0.411,0.115,0.443,0.181,0.038,0.128,0.015,0.215,0.087,0.034,0.026,0.081,0.373,0.34,0.224,0.063,0.71,0.29,0.208,0.711,0.081,0.485,0.196,0.077,0.058,0.183
2000:Q1,18594703,6874792,6219426,4314730,1185755,10002179,6.697,11.176,10.89,-4.607,1.608,4429347,1790078,362953,1278529,148597,2171263,859228,342014,237764,819078,1.859,0.687,0.622,0.431,0.119,0.443,0.179,0.036,0.128,0.015,0.217,0.086,0.034,0.024,0.082,0.37,0.334,0.232,0.064,0.712,0.288,0.203,0.714,0.083,0.49,0.194,0.077,0.054,0.185
1999:Q4,18288519,6687927,6054583,4365000,1181009,9900169,6.338,9.301,8.263,0.741,0.898,4311849,1742734,351696,1246913,144124,2128093,846082,331346,230326,776002,1.847,0.676,0.612,0.441,0.119,0.436,0.176,0.036,0.126,0.015,0.215,0.085,0.033,0.023,0.078,0.366,0.331,0.239,0.065,0.712,0.288,0.202,0.715,0.083,0.494,0.196,0.077,0.053,0.18
1999:Q3,18005503,6538201,5932011,4356927,1178363,9686626,6.815,8.605,11.979,-2.005,4.742,4247966,1684044,334640,1208160,141244,2104331,834969,321168,219317,768181,1.859,0.675,0.612,0.45,0.122,0.439,0.174,0.035,0.125,0.015,0.217,0.086,0.033,0.023,0.079,0.363,0.329,0.242,0.065,0.716,0.284,0.199,0.717,0.084,0.495,0.197,0.076,0.052,0.181
1999:Q2,17671502,6400510,5727562,4378872,1164558,9526210,5.866,9.104,7.762,-0.12,1.811,4097092,1630470,320032,1171643,138795,2037287,816736,276132,206878,760059,1.855,0.672,0.601,0.46,0.122,0.43,0.171,0.034,0.123,0.015,0.214,0.086,0.029,0.022,0.08,0.362,0.324,0.248,0.066,0.715,0.285,0.196,0.719,0.085,0.497,0.199,0.067,0.05,0.186
1999:Q1,17416104,6258072,5618537,4380185,1159310,9411682,7.106,9.265,11.853,-1.356,5.441,4024904,1593632,315416,1141159,137057,1975002,808412,263011,207538,770941,1.85,0.665,0.597,0.465,0.123,0.428,0.169,0.034,0.121,0.015,0.21,0.086,0.028,0.022,0.082,0.359,0.323,0.252,0.067,0.716,0.284,0.198,0.716,0.086,0.491,0.201,0.065,0.052,0.192
1998:Q4,17110682,6116429,5455414,4395086,1143753,9293991,6.475,8.811,10.044,-0.946,6.222,3909949,1545465,302100,1108788,134578,1926016,797481,250635,192958,742859,1.841,0.658,0.587,0.473,0.123,0.421,0.166,0.033,0.119,0.014,0.207,0.086,0.027,0.021,0.08,0.357,0.319,0.257,0.067,0.717,0.283,0.195,0.717,0.087,0.493,0.204,0.064,0.049,0.19
1998:Q3,16838118,5984597,5321785,4405501,1126235,9121097,4.945,6.14,9.947,-2.687,5.692,3822477,1499308,296276,1071740,131293,1891282,782277,238531,203697,706690,1.846,0.656,0.583,0.483,0.123,0.419,0.164,0.032,0.118,0.014,0.207,0.086,0.026,0.022,0.077,0.355,0.316,0.262,0.067,0.718,0.282,0.198,0.715,0.088,0.495,0.205,0.062,0.053,0.185
1998:Q2,16632509,5894117,5192660,4435299,1110433,8969699,8.176,8.568,13.052,2.507,6.541,3738611,1454050,288911,1034790,130348,1866328,757867,239860,182305,692251,1.854,0.657,0.579,0.494,0.124,0.417,0.162,0.032,0.115,0.015,0.208,0.084,0.027,0.02,0.077,0.354,0.312,0.267,0.067,0.72,0.28,0.199,0.712,0.09,0.499,0.203,0.064,0.049,0.185
1998:Q1,16299332,5770512,5028583,4407670,1092568,8866480,6.735,7.723,11.774,0.107,5.802,3622723,1405860,279725,997910,128225,1782917,726796,245790,181365,685855,1.838,0.651,0.567,0.497,0.123,0.409,0.159,0.032,0.113,0.014,0.201,0.082,0.028,0.02,0.077,0.354,0.309,0.27,0.067,0.72,0.28,0.199,0.71,0.091,0.492,0.201,0.068,0.05,0.189
1997:Q4,16029496,5661212,4884846,4406492,1076946,8765907,4.653,5.734,7.857,-0.848,7.404,3522070,1362776,276569,961058,125148,1710564,716874,249125,168598,676909,1.829,0.646,0.557,0.503,0.123,0.402,0.155,0.032,0.11,0.014,0.195,0.082,0.028,0.019,0.077,0.353,0.305,0.275,0.067,0.721,0.279,0.203,0.705,0.092,0.486,0.204,0.071,0.048,0.192
1997:Q3,15845232,5581267,4790742,4415850,1057373,8662823,6.672,7.14,10.605,1.821,7.05,3458062,1332680,263179,943393,126107,1695804,707318,244547,165437,644956,1.829,0.644,0.553,0.51,0.122,0.399,0.154,0.03,0.109,0.015,0.196,0.082,0.028,0.019,0.074,0.352,0.302,0.279,0.067,0.722,0.278,0.197,0.708,0.095,0.49,0.205,0.071,0.048,0.187
1997:Q2,15586768,5483368,4668499,4395842,1039059,8518825,5.384,6.104,7.946,2.39,2.936,3362431,1306068,255502,930962,119604,1644886,698107,229237,163294,626907,1.83,0.644,0.548,0.516,0.122,0.395,0.153,0.03,0.109,0.014,0.193,0.082,0.027,0.019,0.074,0.352,0.3,0.282,0.067,0.72,0.28,0.196,0.713,0.092,0.489,0.208,0.068,0.049,0.186
1997:Q1,15379699,5400903,4577571,4369736,1031489,8362655,5.134,6.597,6.69,2.455,2.066,3295756,1281814,244636,916852,120327,1609404,684391,223649,158159,620153,1.839,0.646,0.547,0.523,0.123,0.394,0.153,0.029,0.11,0.014,0.192,0.082,0.027,0.019,0.074,0.351,0.298,0.284,0.067,0.72,0.28,0.191,0.715,0.094,0.488,0.208,0.068,0.048,0.188
1996:Q4,15185346,5313287,4502787,4343083,1026189,8259771,3.479,6.027,3.537,1.427,-1.099,3244561,1258226,229829,910112,118284,1581906,662307,221455,156405,622488,1.838,0.643,0.545,0.526,0.124,0.393,0.152,0.028,0.11,0.014,0.192,0.08,0.027,0.019,0.075,0.35,0.297,0.286,0.068,0.721,0.279,0.183,0.723,0.094,0.488,0.204,0.068,0.048,0.192
1996:Q3,15052837,5233450,4462724,4327646,1029017,8131408,4.632,5.465,5.716,4.466,-3.427,3222778,1239946,224468,899926,115552,1558127,656586,220085,162430,625550,1.851,0.644,0.549,0.532,0.127,0.396,0.152,0.028,0.111,0.014,0.192,0.081,0.027,0.02,0.077,0.348,0.296,0.287,0.068,0.722,0.278,0.181,0.726,0.093,0.483,0.204,0.068,0.05,0.194
1996:Q2,14880524,5162906,4399851,4279858,1037909,8032840,6.176,7.138,6.9,6.129,-1.332,3180580,1219272,211804,890104,117364,1542035,639794,217914,166058,614779,1.852,0.643,0.548,0.533,0.129,0.396,0.152,0.026,0.111,0.015,0.192,0.08,0.027,0.021,0.077,0.347,0.296,0.288,0.07,0.723,0.277,0.174,0.73,0.096,0.485,0.201,0.069,0.052,0.193
1996:Q1,14654261,5072380,4325239,4215265,1041378,7868468,6.269,8.818,5.522,6.096,-2.046,3123920,1201319,206694,877661,116964,1515784,629847,214069,163799,600421,1.862,0.645,0.55,0.536,0.132,0.397,0.153,0.026,0.112,0.015,0.193,0.08,0.027,0.021,0.076,0.346,0.295,0.288,0.071,0.722,0.278,0.172,0.731,0.097,0.485,0.202,0.069,0.052,0.192
1995:Q4,14428136,4950231,4279180,4151993,1046732,7772586,2.925,6.014,4.306,0.265,-6.334,3094015,1185165,200634,869926,114605,1493095,631493,210025,157351,602051,1.856,0.637,0.551,0.534,0.135,0.398,0.152,0.026,0.112,0.015,0.192,0.081,0.027,0.02,0.077,0.343,0.297,0.288,0.073,0.723,0.277,0.169,0.734,0.097,0.483,0.204,0.068,0.051,0.195
1995:Q3,14307241,4876898,4217528,4149242,1063573,7683125,4.485,7.833,4.54,3.046,-5.087,3044548,1172979,198880,861574,112525,1475183,619897,216782,152903,579783,1.862,0.635,0.549,0.54,0.138,0.396,0.153,0.026,0.112,0.015,0.192,0.081,0.028,0.02,0.075,0.341,0.295,0.29,0.074,0.722,0.278,0.17,0.735,0.096,0.485,0.204,0.071,0.05,0.19
1995:Q2,14148582,4783231,4170197,4117882,1077272,7580997,7.029,7.001,7.191,10.274,-5.396,3010682,1159515,196318,852642,110555,1465559,607204,213823,148168,575928,1.866,0.631,0.55,0.543,0.142,0.397,0.153,0.026,0.112,0.015,0.193,0.08,0.028,0.02,0.076,0.338,0.295,0.291,0.076,0.722,0.278,0.169,0.735,0.095,0.487,0.202,0.071,0.049,0.191
1995:Q1,13904268,4700954,4096552,4014760,1092002,7522289,4.812,6.37,6.968,3.714,-5.596,2946112,1150441,194004,845643,110794,1440558,585072,214795,139978,565709,1.848,0.625,0.545,0.534,0.145,0.392,0.153,0.026,0.112,0.015,0.192,0.078,0.029,0.019,0.075,0.338,0.295,0.289,0.079,0.719,0.281,0.169,0.735,0.096,0.489,0.199,0.073,0.048,0.192
1994:Q4,13739431,4627257,4026852,3977825,1107497,7455288,5.364,8.988,5.404,4.783,-7.293,2888046,1138806,189177,840947,108682,1428460,554175,212350,139238,553823,1.843,0.621,0.54,0.534,0.149,0.387,0.153,0.025,0.113,0.015,0.192,0.074,0.028,0.019,0.074,0.337,0.293,0.29,0.081,0.717,0.283,0.166,0.738,0.095,0.495,0.192,0.074,0.048,0.192
1994:Q3,13557621,4525560,3973172,3930823,1128066,7331075,5.159,6.437,5.235,5.283,-0.562,2838904,1134269,185501,842577,106191,1410226,536943,217432,129653,544650,1.849,0.617,0.542,0.536,0.154,0.387,0.155,0.025,0.115,0.014,0.192,0.073,0.03,0.018,0.074,0.334,0.293,0.29,0.083,0.715,0.285,0.164,0.743,0.094,0.497,0.189,0.077,0.046,0.192
1994:Q2,13384974,4453886,3921847,3879588,1129654,7246931,5.338,7.158,4.815,7.311,-6.38,2793535,1128312,181479,841634,105198,1396331,522252,214288,122893,537771,1.847,0.615,0.541,0.535,0.156,0.385,0.156,0.025,0.116,0.015,0.193,0.072,0.03,0.017,0.074,0.333,0.293,0.29,0.084,0.712,0.288,0.161,0.746,0.093,0.5,0.187,0.077,0.044,0.193
1994:Q1,13208692,4375585,3875197,3809948,1147963,7115652,4.521,6.72,5.738,2.707,-1.761,2750353,1124844,177923,841673,105248,1374071,510017,213997,121229,531039,1.856,0.615,0.545,0.535,0.161,0.387,0.158,0.025,0.118,0.015,0.193,0.072,0.03,0.017,0.075,0.331,0.293,0.288,0.087,0.71,0.29,0.158,0.748,0.094,0.5,0.185,0.078,0.044,0.193
1993:Q4,13054799,4303289,3814137,3784333,1153040,7013738,5.465,6.889,2.814,8.054,0.587,2690672,1123465,173860,845522,104083,1337881,506662,218772,117829,509528,1.861,0.614,0.544,0.54,0.164,0.384,0.16,0.025,0.121,0.015,0.191,0.072,0.031,0.017,0.073,0.33,0.292,0.29,0.088,0.705,0.295,0.155,0.753,0.093,0.497,0.188,0.081,0.044,0.189
1993:Q3,12864922,4228101,3775831,3709639,1151351,6882098,6.18,6.843,3.852,7.523,7.121,2651018,1124813,168635,850249,105928,1302923,503781,216888,115358,512068,1.869,0.614,0.549,0.539,0.167,0.385,0.163,0.025,0.124,0.015,0.189,0.073,0.032,0.017,0.074,0.329,0.293,0.288,0.089,0.702,0.298,0.15,0.756,0.094,0.491,0.19,0.082,0.044,0.193
1993:Q2,12669176,4156988,3739815,3641160,1131213,6808939,6.62,5.952,3.702,10.27,7.147,2609706,1130109,169412,855575,105122,1258846,505021,219919,112468,513452,1.861,0.611,0.549,0.535,0.166,0.383,0.166,0.025,0.126,0.015,0.185,0.074,0.032,0.017,0.075,0.328,0.295,0.287,0.089,0.698,0.302,0.15,0.757,0.093,0.482,0.194,0.084,0.043,0.197
1993:Q1,12462931,4096043,3705517,3550017,1111355,6729459,4.338,4.162,1.777,6.747,5.939,2571565,1133952,167095,861177,105680,1212362,506285,229459,105480,517979,1.852,0.609,0.551,0.528,0.165,0.382,0.169,0.025,0.128,0.016,0.18,0.075,0.034,0.016,0.077,0.329,0.297,0.285,0.089,0.694,0.306,0.147,0.759,0.093,0.471,0.197,0.089,0.041,0.201
1992:Q4,12328512,4053865,3688421,3491131,1095095,6680803,3.901,5.933,-0.533,7.873,-0.961,2545000,1143421,169474,867627,106320,1154504,513956,239192,107106,530242,1.845,0.607,0.552,0.523,0.164,0.381,0.171,0.025,0.13,0.016,0.173,0.077,0.036,0.016,0.079,0.329,0.299,0.283,0.089,0.69,0.31,0.148,0.759,0.093,0.454,0.202,0.094,0.042,0.208
1992:Q3,12209435,3994613,3693344,3423745,1097733,6566641,5.416,5.321,0.192,11.4,5.18,2544135,1149208,168388,875059,105761,1140928,520691,257737,100597,524182,1.859,0.608,0.562,0.521,0.167,0.387,0.175,0.026,0.133,0.016,0.174,0.079,0.039,0.015,0.08,0.327,0.302,0.28,0.09,0.689,0.311,0.147,0.761,0.092,0.448,0.205,0.101,0.04,0.206
1992:Q2,12046320,3942175,3691575,3328872,1083699,6470763,4.256,3.814,-0.719,11.221,2.008,2533896,1157679,167979,883955,105745,1125491,523884,266898,101215,516408,1.862,0.609,0.571,0.514,0.167,0.392,0.179,0.026,0.137,0.016,0.174,0.081,0.041,0.016,0.08,0.327,0.306,0.276,0.09,0.686,0.314,0.145,0.764,0.091,0.444,0.207,0.105,0.04,0.204
1992:Q1,11919490,3904945,3698223,3238034,1078287,6363102,4.782,5.372,-0.144,11.523,-0.114,2533028,1165195,167593,891303,106299,1106050,535258,273565,102477,515678,1.873,0.614,0.581,0.509,0.169,0.398,0.183,0.026,0.14,0.017,0.174,0.084,0.043,0.016,0.081,0.328,0.31,0.272,0.09,0.685,0.315,0.144,0.765,0.091,0.437,0.211,0.108,0.04,0.204
1991:Q4,11775541,3853200,3696383,3147363,1078595,6264540,5.247,6.611,-3.536,11.054,14.665,2526640,1169744,166737,897631,105376,1086935,542316,279284,98477,519628,1.88,0.615,0.59,0.502,0.172,0.403,0.187,0.027,0.143,0.017,0.174,0.087,0.045,0.016,0.083,0.327,0.314,0.267,0.092,0.684,0.316,0.143,0.767,0.09,0.43,0.215,0.111,0.039,0.206
1991:Q3,11619530,3787008,3729349,3062723,1040450,6205937,4.399,3.28,-3.298,13.686,9.955,2552199,1177150,166295,904710,106145,1071876,555802,286928,99420,538173,1.872,0.61,0.601,0.494,0.168,0.411,0.19,0.027,0.146,0.017,0.173,0.09,0.046,0.016,0.087,0.326,0.321,0.264,0.09,0.684,0.316,0.141,0.769,0.09,0.42,0.218,0.112,0.039,0.211
1991:Q2,11493138,3756206,3760350,2961398,1015185,6126862,5.067,6.059,-0.004,10.003,6.196,2566563,1193787,166816,920884,106088,1051467,565212,293987,108000,547897,1.876,0.613,0.614,0.483,0.166,0.419,0.195,0.027,0.15,0.017,0.172,0.092,0.048,0.018,0.089,0.327,0.327,0.258,0.088,0.683,0.317,0.14,0.771,0.089,0.41,0.22,0.115,0.042,0.213
1991:Q1,11349381,3700153,3760384,2889145,999699,6035178,3.926,6.12,-1.696,8.249,4.974,2566605,1193779,167539,920592,105648,1027331,580046,294314,110555,554359,1.881,0.613,0.623,0.479,0.166,0.425,0.198,0.028,0.153,0.018,0.17,0.096,0.049,0.018,0.092,0.326,0.331,0.255,0.088,0.683,0.317,0.14,0.771,0.088,0.4,0.226,0.115,0.043,0.216
1990:Q4,11245930,3644394,3783346,2830770,987420,6004733,5.695,5.848,1.711,11.161,5.085,2585389,1197957,166680,924888,106389,1008167,594058,288117,116852,578195,1.873,0.607,0.63,0.471,0.164,0.431,0.2,0.028,0.154,0.018,0.168,0.099,0.048,0.019,0.096,0.324,0.336,0.252,0.088,0.683,0.317,0.139,0.772,0.089,0.39,0.23,0.111,0.045,0.224
1990:Q3,11088068,3591879,3767235,2753929,975024,6015116,5.729,5.88,2.824,10.769,2.44,2565707,1201528,165630,929283,106615,991867,597356,287417,123191,565876,1.843,0.597,0.626,0.458,0.162,0.427,0.2,0.028,0.154,0.018,0.165,0.099,0.048,0.02,0.094,0.324,0.34,0.248,0.088,0.681,0.319,0.138,0.773,0.089,0.387,0.233,0.112,0.048,0.221
1990:Q2,10931507,3539839,3740825,2681731,969112,5960028,6.354,7.135,3.833,9.634,4.317,2539035,1201790,165121,930412,106257,984418,601414,283351,116594,553258,1.834,0.594,0.628,0.45,0.163,0.426,0.202,0.028,0.156,0.018,0.165,0.101,0.048,0.02,0.093,0.324,0.342,0.245,0.089,0.679,0.321,0.137,0.774,0.088,0.388,0.237,0.112,0.046,0.218
1990:Q1,10761855,3477808,3706622,2618661,958764,5872701,7.799,7.647,5.916,10.686,7.827,2502902,1203720,164488,931544,107688,967962,599238,280648,117583,537471,1.833,0.592,0.631,0.446,0.163,0.426,0.205,0.028,0.159,0.018,0.165,0.102,0.048,0.02,0.092,0.323,0.344,0.243,0.089,0.675,0.325,0.137,0.774,0.089,0.387,0.239,0.112,0.047,0.215
1989:Q4,10527938,3383950,3653103,2550522,940363,5747237,7.809,10.83,4.734,8.079,8.205,2455221,1197882,162723,929594,105565,961079,604541,264568,107112,517921,1.832,0.589,0.636,0.444,0.164,0.427,0.208,0.028,0.162,0.018,0.167,0.105,0.046,0.019,0.09,0.321,0.347,0.242,0.089,0.672,0.328,0.136,0.776,0.088,0.391,0.246,0.108,0.044,0.211
1989:Q3,10326348,3312156,3592703,2500028,921461,5695365,6.676,8.881,4.491,7.45,5.265,2405997,1186707,159566,922950,104191,939038,586813,273097,105927,501122,1.813,0.582,0.631,0.439,0.162,0.422,0.208,0.028,0.162,0.018,0.165,0.103,0.048,0.019,0.088,0.321,0.348,0.242,0.089,0.67,0.33,0.134,0.778,0.088,0.39,0.244,0.114,0.044,0.208
1989:Q2,10156836,3240216,3552814,2454316,909489,5612463,7.715,9.443,8.231,6.156,3.827,2377544,1175270,156336,913665,105270,923201,580795,271671,100163,501714,1.81,0.577,0.633,0.437,0.162,0.424,0.209,0.028,0.163,0.019,0.164,0.103,0.048,0.018,0.089,0.319,0.35,0.242,0.09,0.669,0.331,0.133,0.777,0.09,0.388,0.244,0.114,0.042,0.211
1989:Q1,9964652,3165488,3481178,2417116,900870,5511253,6.953,7.036,7.035,8.018,3.53,2318457,1162722,153119,905411,104192,901803,569906,269804,89602,487342,1.808,0.574,0.632,0.439,0.163,0.421,0.211,0.028,0.164,0.019,0.164,0.103,0.049,0.016,0.088,0.318,0.349,0.243,0.09,0.666,0.334,0.132,0.779,0.09,0.389,0.246,0.116,0.039,0.21
1988:Q4,9777621,3100556,3414461,2369615,892989,5399509,8.455,8.402,9.264,7.684,7.608,2265205,1149256,149960,898139,101157,887232,565416,257203,85676,469678,1.811,0.574,0.632,0.439,0.165,0.42,0.213,0.028,0.166,0.019,0.164,0.105,0.048,0.016,0.087,0.317,0.349,0.242,0.091,0.663,0.337,0.13,0.781,0.088,0.392,0.25,0.114,0.038,0.207
1988:Q3,9567891,3036771,3329846,2324952,876322,5282835,9.027,9.817,9.764,8.313,5.416,2196461,1133385,147500,879181,106703,865654,549937,247441,74551,458878,1.811,0.575,0.63,0.44,0.166,0.416,0.215,0.028,0.166,0.02,0.164,0.104,0.047,0.014,0.087,0.317,0.348,0.243,0.092,0.66,0.34,0.13,0.776,0.094,0.394,0.25,0.113,0.034,0.209
1988:Q2,9372886,2966415,3264239,2277616,864616,5190036,9.101,10.081,9.739,8.233,5.664,2155210,1109030,145620,859790,103620,840675,545223,251258,70254,447800,1.806,0.572,0.629,0.439,0.167,0.415,0.214,0.028,0.166,0.02,0.162,0.105,0.048,0.014,0.086,0.316,0.348,0.243,0.092,0.66,0.34,0.131,0.775,0.093,0.39,0.253,0.117,0.033,0.208
1988:Q1,9164363,2893489,3186650,2231681,852543,5073372,8.982,9.278,9.74,9.161,4.732,2100786,1085864,143680,840084,102100,809612,531179,250252,68369,441374,1.806,0.57,0.628,0.44,0.168,0.414,0.214,0.028,0.166,0.02,0.16,0.105,0.049,0.013,0.087,0.316,0.348,0.244,0.093,0.659,0.341,0.132,0.774,0.094,0.385,0.253,0.119,0.033,0.21
1987:Q4,8958187,2817489,3116408,2181714,842576,5007994,8.421,7.14,8.528,9.256,10.178,2051545,1064863,140669,822733,101461,784115,524047,246046,73768,423569,1.789,0.563,0.622,0.436,0.168,0.41,0.213,0.028,0.164,0.02,0.157,0.105,0.049,0.015,0.085,0.315,0.348,0.244,0.094,0.658,0.342,0.132,0.773,0.095,0.382,0.255,0.12,0.036,0.206
1987:Q3,8772700,2774558,3044101,2132373,821668,4884555,8.721,10.525,8.729,5.883,10.041,1999842,1044259,138548,811442,94269,768763,519128,238040,65072,408839,1.796,0.568,0.623,0.437,0.168,0.409,0.214,0.028,0.166,0.019,0.157,0.106,0.049,0.013,0.084,0.316,0.347,0.243,0.094,0.657,0.343,0.133,0.777,0.09,0.384,0.26,0.119,0.033,0.204
1987:Q2,8588939,2706834,2979089,2101468,801548,4806160,10.005,12.642,7.192,11.202,8.559,1948373,1030716,135824,801138,93753,748212,510150,227918,63064,399029,1.787,0.563,0.62,0.437,0.167,0.405,0.214,0.028,0.167,0.02,0.156,0.106,0.047,0.013,0.083,0.315,0.347,0.245,0.093,0.654,0.346,0.132,0.777,0.091,0.384,0.262,0.117,0.032,0.205
1987:Q1,8383255,2626617,2927660,2044222,784756,4722156,7.601,7.26,5.556,7.307,17.351,1908814,1018847,133571,791904,93371,730491,509615,216917,61834,389957,1.775,0.556,0.62,0.433,0.166,0.404,0.216,0.028,0.168,0.02,0.155,0.108,0.046,0.013,0.083,0.313,0.349,0.244,0.094,0.652,0.348,0.131,0.777,0.092,0.383,0.267,0.114,0.032,0.204
1986:Q4,8216651,2592292,2864682,2007547,752130,4657627,12.002,12.449,11.423,11.874,13.009,1864487,1000195,131977,775197,93021,705350,519640,185294,62865,391338,1.764,0.557,0.615,0.431,0.161,0.4,0.215,0.028,0.166,0.02,0.151,0.112,0.04,0.013,0.084,0.315,0.349,0.244,0.092,0.651,0.349,0.132,0.775,0.093,0.378,0.279,0.099,0.034,0.21
1986:Q3,7977303,2514174,2785018,1949671,728439,4607669,11.917,12.861,11.208,13.575,7.016,1797227,987791,131302,762792,93697,681794,479813,181623,71136,382861,1.731,0.546,0.604,0.423,0.158,0.39,0.214,0.028,0.166,0.02,0.148,0.104,0.039,0.015,0.083,0.315,0.349,0.244,0.091,0.645,0.355,0.133,0.772,0.095,0.379,0.267,0.101,0.04,0.213
1986:Q2,7747006,2436340,2709107,1885675,715883,4545340,12.56,8.965,11.207,16.409,20.132,1737156,971951,131351,745873,94728,653462,473321,176144,64902,369327,1.704,0.536,0.596,0.415,0.157,0.382,0.214,0.029,0.164,0.021,0.144,0.104,0.039,0.014,0.081,0.314,0.35,0.243,0.092,0.641,0.359,0.135,0.767,0.097,0.376,0.272,0.101,0.037,0.213
1986:Q1,7513073,2383881,2636246,1811367,681579,4507894,9.363,9.374,9.993,11.203,2.152,1683411,952836,132222,726217,94397,614192,465051,172345,68753,363070,1.667,0.529,0.585,0.402,0.151,0.373,0.211,0.029,0.161,0.021,0.136,0.103,0.038,0.015,0.081,0.317,0.351,0.241,0.091,0.639,0.361,0.139,0.762,0.099,0.365,0.276,0.102,0.041,0.216
1985:Q4,7341719,2329784,2571990,1762014,677931,4444094,19.253,19.276,11.04,17.491,58.996,1638943,933047,131383,707816,93849,578234,453929,169299,72207,365274,1.652,0.524,0.579,0.396,0.153,0.369,0.21,0.03,0.159,0.021,0.13,0.102,0.038,0.016,0.082,0.317,0.35,0.24,0.092,0.637,0.363,0.141,0.759,0.101,0.353,0.277,0.103,0.044,0.223
1985:Q3,7002345,2223628,2500359,1688195,590163,4386773,12.804,15.085,8.835,14.733,15.754,1572170,928189,131533,699794,96862,554766,443504,163598,67905,342397,1.596,0.507,0.57,0.385,0.135,0.358,0.212,0.03,0.16,0.022,0.126,0.101,0.037,0.015,0.078,0.318,0.357,0.241,0.084,0.629,0.371,0.142,0.754,0.104,0.353,0.282,0.104,0.043,0.218
1985:Q2,6782724,2142819,2443881,1628224,567800,4294887,13.558,12.933,11.094,15.552,21.029,1529106,914774,131578,687188,96008,535693,431164,166539,65706,330004,1.579,0.499,0.569,0.379,0.132,0.356,0.213,0.031,0.16,0.022,0.125,0.1,0.039,0.015,0.077,0.316,0.36,0.24,0.084,0.626,0.374,0.144,0.751,0.105,0.35,0.282,0.109,0.043,0.216
1985:Q1,6563269,2078614,2377928,1567286,539440,4230168,15.13,15.409,11.341,18.932,20.097,1489462,888467,130853,661596,96018,513558,426940,163918,62353,322693,1.552,0.491,0.562,0.371,0.128,0.352,0.21,0.031,0.156,0.023,0.121,0.101,0.039,0.015,0.076,0.317,0.362,0.239,0.082,0.626,0.374,0.147,0.745,0.108,0.345,0.287,0.11,0.042,0.217
1984:Q4,6308385,1977678,2320616,1496457,513634,4148551,13.227,12.987,15.284,12.551,6.973,1457968,862648,129331,637510,95807,495058,411929,173213,58490,319278,1.521,0.477,0.559,0.361,0.124,0.351,0.208,0.031,0.154,0.023,0.119,0.099,0.042,0.014,0.077,0.313,0.368,0.237,0.081,0.628,0.372,0.15,0.739,0.111,0.34,0.283,0.119,0.04,0.219
1984:Q3,6106461,1915487,2235208,1450932,504834,4084250,13.63,9.672,14.181,17.641,14.949,1400349,834859,125102,613738,96019,477439,401294,171960,55733,293923,1.495,0.469,0.547,0.355,0.124,0.343,0.204,0.031,0.15,0.024,0.117,0.098,0.042,0.014,0.072,0.314,0.366,0.238,0.083,0.626,0.374,0.15,0.735,0.115,0.341,0.287,0.123,0.04,0.21
1984:Q2,5905233,1870264,2158678,1389644,486647,4009601,14.388,12.801,16.916,13.551,11.783,1352745,805933,120590,590806,94537,463644,394504,167617,48130,278850,1.473,0.466,0.538,0.347,0.121,0.337,0.201,0.03,0.147,0.024,0.116,0.098,0.042,0.012,0.07,0.317,0.366,0.235,0.082,0.627,0.373,0.15,0.733,0.117,0.343,0.292,0.124,0.036,0.206
1984:Q1,5701538,1813182,2071525,1344109,472722,3908054,14.754,12.866,14.277,19.777,10.074,1295249,776276,116412,565599,94265,455202,371766,160941,40668,266672,1.459,0.464,0.53,0.344,0.121,0.331,0.199,0.03,0.145,0.024,0.116,0.095,0.041,0.01,0.068,0.318,0.363,0.236,0.083,0.625,0.375,0.15,0.729,0.121,0.351,0.287,0.124,0.031,0.206
1983:Q4,5497720,1759608,1996223,1280780,461109,3794706,10.646,13.812,10.376,7.033,9.947,1247243,748980,111560,545258,92163,446980,352715,158266,36775,252507,1.449,0.464,0.526,0.338,0.122,0.329,0.197,0.029,0.144,0.024,0.118,0.093,0.042,0.01,0.067,0.32,0.363,0.233,0.084,0.625,0.375,0.149,0.728,0.123,0.358,0.283,0.127,0.029,0.202
1983:Q3,5355199,1700875,1945750,1258653,449921,3689179,12.223,11.733,10.393,17.03,8.754,1217535,728215,109398,527434,91382,442938,341055,153029,34459,246054,1.452,0.461,0.527,0.341,0.122,0.33,0.197,0.03,0.143,0.025,0.12,0.092,0.041,0.009,0.067,0.318,0.363,0.235,0.084,0.626,0.374,0.15,0.724,0.125,0.364,0.28,0.126,0.028,0.202
1983:Q2,5196415,1652404,1896473,1207253,440285,3578848,12.665,11.03,8.274,21.281,14.813,1185231,711242,109152,511736,90354,438317,330818,148074,33441,234581,1.452,0.462,0.53,0.337,0.123,0.331,0.199,0.03,0.143,0.025,0.122,0.092,0.041,0.009,0.066,0.318,0.365,0.232,0.085,0.625,0.375,0.153,0.719,0.127,0.37,0.279,0.125,0.028,0.198
1983:Q1,5036932,1608060,1858041,1146269,424562,3473413,10.923,7.548,6.115,24.139,10.429,1161482,696559,109504,497536,89520,427194,328572,143413,38688,223615,1.45,0.463,0.535,0.33,0.122,0.334,0.201,0.032,0.143,0.026,0.123,0.095,0.041,0.011,0.064,0.319,0.369,0.228,0.084,0.625,0.375,0.157,0.714,0.129,0.368,0.283,0.123,0.033,0.193
1982:Q4,4900299,1597908,1807588,1081029,413774,3402561,9.843,8.394,3.94,22.227,10.229,1129934,677654,109439,479636,88580,420997,323733,127196,37614,220394,1.44,0.47,0.531,0.318,0.122,0.332,0.199,0.032,0.141,0.026,0.124,0.095,0.037,0.011,0.065,0.326,0.369,0.221,0.084,0.625,0.375,0.161,0.708,0.131,0.373,0.287,0.113,0.033,0.195
1982:Q3,4784762,1567309,1789873,1024123,403457,3366322,11.054,4.084,10.622,23.604,9.843,1124827,665046,110824,465341,88880,411321,320838,129479,42634,220555,1.421,0.466,0.532,0.304,0.12,0.334,0.198,0.033,0.138,0.026,0.122,0.095,0.038,0.013,0.066,0.328,0.374,0.214,0.084,0.628,0.372,0.167,0.7,0.134,0.366,0.285,0.115,0.038,0.196
1982:Q2,4671500,1564484,1746192,967057,393767,3331972,8.899,5.038,10.839,10.714,11.395,1098089,648103,112948,447392,87764,403341,302372,136335,45469,210572,1.402,0.47,0.524,0.29,0.118,0.33,0.195,0.034,0.134,0.026,0.121,0.091,0.041,0.014,0.063,0.335,0.374,0.207,0.084,0.629,0.371,0.174,0.69,0.135,0.367,0.275,0.124,0.041,0.192
1982:Q1,4569836,1545023,1700124,941829,382860,3274302,9.454,4.58,10.387,15.058,11.618,1067949,632175,115148,430697,86330,398241,279759,139894,45954,204101,1.396,0.472,0.519,0.288,0.117,0.326,0.193,0.035,0.132,0.026,0.122,0.085,0.043,0.014,0.062,0.338,0.372,0.206,0.084,0.628,0.372,0.182,0.681,0.137,0.373,0.262,0.131,0.043,0.191
1981:Q4,4464736,1526567,1658457,907658,372054,3280818,9.866,6.118,11.298,14.084,8.781,1038680,619777,115997,418465,85315,390331,263884,141354,42722,200389,1.361,0.465,0.506,0.277,0.113,0.317,0.189,0.035,0.128,0.026,0.119,0.08,0.043,0.013,0.061,0.342,0.371,0.203,0.083,0.626,0.374,0.187,0.675,0.138,0.376,0.254,0.136,0.041,0.193
1981:Q3,4357388,1498895,1617642,876789,364062,3260609,9.358,6.511,13.111,7.474,9.196,1014381,603261,113625,405446,84190,383712,257718,146456,37514,188981,1.336,0.46,0.496,0.269,0.112,0.311,0.185,0.035,0.124,0.026,0.118,0.079,0.045,0.012,0.058,0.344,0.371,0.201,0.084,0.627,0.373,0.188,0.672,0.14,0.378,0.254,0.144,0.037,0.186
1981:Q2,4257776,1474888,1566302,860707,355880,3162532,10.877,9.023,15.175,8.709,5.225,976520,589782,110378,397220,82184,379240,245482,141064,31960,178774,1.346,0.466,0.495,0.272,0.113,0.309,0.186,0.035,0.126,0.026,0.12,0.078,0.045,0.01,0.057,0.346,0.368,0.202,0.084,0.623,0.377,0.187,0.674,0.139,0.388,0.251,0.144,0.033,0.183
1981:Q1,4145038,1442353,1509028,842366,351291,3124206,9.344,6.239,9.617,14.864,7.963,935220,573808,106925,388119,78765,371608,231141,135097,28157,169217,1.327,0.462,0.483,0.27,0.112,0.299,0.184,0.034,0.124,0.025,0.119,0.074,0.043,0.009,0.054,0.348,0.364,0.203,0.085,0.62,0.38,0.186,0.676,0.137,0.397,0.247,0.144,0.03,0.181
1980:Q4,4051493,1420202,1474673,812184,344434,2985557,11.019,11.275,12.065,10.529,6.697,919612,555061,104594,376266,74201,365570,231595,134320,28026,160101,1.357,0.476,0.494,0.272,0.115,0.308,0.186,0.035,0.126,0.025,0.122,0.078,0.045,0.009,0.054,0.351,0.364,0.2,0.085,0.624,0.376,0.188,0.678,0.134,0.398,0.252,0.146,0.03,0.174
1980:Q3,3942863,1381267,1431479,791355,338762,2856483,8.938,8.646,7.746,12.508,6.921,892677,538802,102329,365345,71127,362374,215655,133885,25635,155128,1.38,0.484,0.501,0.277,0.119,0.313,0.189,0.036,0.128,0.025,0.127,0.075,0.047,0.009,0.054,0.35,0.363,0.201,0.086,0.624,0.376,0.19,0.678,0.132,0.406,0.242,0.15,0.029,0.174
1980:Q2,3856662,1352044,1404259,767360,333000,2797352,7.237,4.011,6.387,15.065,6.34,880652,523607,101827,352576,69204,355030,206340,136753,30447,152082,1.379,0.483,0.502,0.274,0.119,0.315,0.187,0.036,0.126,0.025,0.127,0.074,0.049,0.011,0.054,0.351,0.364,0.199,0.086,0.627,0.373,0.194,0.673,0.132,0.403,0.234,0.155,0.035,0.173
1980:Q1,3789548,1338621,1383614,739509,327804,2789842,9.93,9.91,11.983,7.493,6.937,873559,510055,102596,339372,68087,343860,213068,141876,27315,147440,1.358,0.48,0.496,0.265,0.117,0.313,0.183,0.037,0.122,0.024,0.123,0.076,0.051,0.01,0.053,0.353,0.365,0.195,0.087,0.631,0.369,0.201,0.665,0.133,0.394,0.244,0.162,0.031,0.169
1979:Q4,3688823,1296909,1343789,725909,322216,2723883,10.303,12.854,10.834,6.243,7.155,851772,492017,101694,326101,64222,337915,204440,143988,24518,140911,1.354,0.476,0.493,0.266,0.118,0.313,0.181,0.037,0.12,0.024,0.124,0.075,0.053,0.009,0.052,0.352,0.364,0.197,0.087,0.634,0.366,0.207,0.663,0.131,0.397,0.24,0.169,0.029,0.165
1979:Q3,3595875,1255582,1308984,714755,316554,2667565,13.168,14.595,13.431,12.129,8.834,833769,475215,98100,316501,60614,334133,198287,146354,20944,134051,1.348,0.471,0.491,0.268,0.119,0.313,0.178,0.037,0.119,0.023,0.125,0.074,0.055,0.008,0.05,0.349,0.364,0.199,0.088,0.637,0.363,0.206,0.666,0.128,0.401,0.238,0.176,0.025,0.161
1979:Q2,3481272,1211382,1266458,693719,309714,2591247,12.021,14.091,14.776,5.049,8.691,811542,454916,93987,302432,58497,330267,189485,145589,18063,128138,1.343,0.467,0.489,0.268,0.12,0.313,0.176,0.036,0.117,0.023,0.127,0.073,0.056,0.007,0.049,0.348,0.364,0.199,0.089,0.641,0.359,0.207,0.665,0.129,0.407,0.233,0.179,0.022,0.158
1979:Q1,3379772,1170230,1221343,685071,303128,2526610,10.867,14.813,12.541,1.731,10.185,789844,431499,89874,287333,54292,324975,182328,145185,16201,121155,1.338,0.463,0.483,0.271,0.12,0.313,0.171,0.036,0.114,0.021,0.129,0.072,0.057,0.006,0.048,0.346,0.361,0.203,0.09,0.647,0.353,0.208,0.666,0.126,0.411,0.231,0.184,0.021,0.153
1978:Q4,3290005,1128024,1184262,682118,295601,2476949,12.212,14.988,12.548,5.587,15.903,766056,418206,85961,280351,51893,320607,173563,141797,15499,114590,1.328,0.455,0.478,0.275,0.119,0.309,0.169,0.035,0.113,0.021,0.129,0.07,0.057,0.006,0.046,0.343,0.36,0.207,0.09,0.647,0.353,0.206,0.67,0.124,0.419,0.227,0.185,0.02,0.15
1978:Q3,3194161,1088868,1148272,672723,284298,2395053,13.465,16.002,11.076,13.384,13.702,745665,402607,81907,271396,49304,315522,168909,140123,12914,108197,1.334,0.455,0.479,0.281,0.119,0.311,0.168,0.034,0.113,0.021,0.132,0.071,0.059,0.005,0.045,0.341,0.359,0.211,0.089,0.649,0.351,0.203,0.674,0.122,0.423,0.227,0.188,0.017,0.145
1978:Q2,3090140,1046982,1117332,650943,274882,2331633,13.779,17.618,13.092,8.688,14.292,731047,386285,77458,262485,46341,310353,168644,136999,12575,102476,1.325,0.449,0.479,0.279,0.118,0.314,0.166,0.033,0.113,0.02,0.133,0.072,0.059,0.005,0.044,0.339,0.362,0.211,0.089,0.654,0.346,0.201,0.68,0.12,0.425,0.231,0.187,0.017,0.14
1978:Q1,2987237,1002813,1081920,637105,265399,2202760,13.333,15.293,13.646,9.316,14.419,710785,371135,73416,254235,43485,303936,164606,132625,12634,96984,1.356,0.455,0.491,0.289,0.12,0.323,0.168,0.033,0.115,0.02,0.138,0.075,0.06,0.006,0.044,0.336,0.362,0.213,0.089,0.657,0.343,0.198,0.685,0.117,0.428,0.232,0.187,0.018,0.136
1977:Q4,2895413,966509,1050133,622606,256165,2164270,12.76,15.197,13.646,9.859,7.172,690322,359811,70439,247987,41385,299491,153766,129232,12808,95025,1.338,0.447,0.485,0.288,0.118,0.319,0.166,0.033,0.115,0.019,0.138,0.071,0.06,0.006,0.044,0.334,0.363,0.215,0.088,0.657,0.343,0.196,0.689,0.115,0.434,0.223,0.187,0.019,0.138
1977:Q3,2805904,931229,1015394,607628,251653,2118473,13.693,14.833,11.082,18.672,8.287,665925,349469,68359,241151,39960,291816,150579,123313,11771,88446,1.324,0.44,0.479,0.287,0.119,0.314,0.165,0.032,0.114,0.019,0.138,0.071,0.058,0.006,0.042,0.332,0.362,0.217,0.09,0.656,0.344,0.196,0.69,0.114,0.438,0.226,0.185,0.018,0.133
1977:Q2,2713028,897932,988022,580529,246545,2055909,11.367,15.316,11.46,5.678,10.342,648519,339503,66364,234407,38731,285712,147691,119022,11631,84463,1.32,0.437,0.481,0.282,0.12,0.315,0.165,0.032,0.114,0.019,0.139,0.072,0.058,0.006,0.041,0.331,0.364,0.214,0.091,0.656,0.344,0.195,0.69,0.114,0.441,0.228,0.184,0.018,0.13
1977:Q1,2637942,864819,960388,572404,240331,1988648,11.372,13.789,11.751,9.071,6.803,632300,328088,64106,226212,37770,282016,144208,116098,11232,78746,1.327,0.435,0.483,0.288,0.121,0.318,0.165,0.032,0.114,0.019,0.142,0.073,0.058,0.006,0.04,0.328,0.364,0.217,0.091,0.658,0.342,0.195,0.689,0.115,0.446,0.228,0.184,0.018,0.125
1976:Q4,2565231,836261,931428,559712,237830,1934273,10.262,13.839,9.111,9.368,4.505,614346,317082,62117,220013,34953,276614,138761,114892,11049,73030,1.326,0.432,0.482,0.289,0.123,0.318,0.164,0.032,0.114,0.018,0.143,0.072,0.059,0.006,0.038,0.326,0.363,0.218,0.093,0.66,0.34,0.196,0.694,0.11,0.45,0.226,0.187,0.018,0.119
1976:Q3,2501060,808296,910679,546903,235181,1886558,10.142,10.193,8.668,14.142,6.511,600862,309817,60416,215554,33847,270908,138604,112793,9899,68658,1.326,0.428,0.483,0.29,0.125,0.318,0.164,0.032,0.114,0.018,0.144,0.073,0.06,0.005,0.036,0.323,0.364,0.219,0.094,0.66,0.34,0.195,0.696,0.109,0.451,0.231,0.188,0.016,0.114
1976:Q2,2439187,788211,891335,528227,231414,1852332,11.24,10.715,7.982,17.598,11.386,588825,302510,59230,211126,32154,265211,137508,110113,10994,64999,1.317,0.426,0.481,0.285,0.125,0.318,0.163,0.032,0.114,0.017,0.143,0.074,0.059,0.006,0.035,0.323,0.365,0.217,0.095,0.661,0.339,0.196,0.698,0.106,0.45,0.234,0.187,0.019,0.11
1976:Q1,2372520,767648,873896,505967,225009,1820487,10.683,10.391,7.749,16.497,10.303,577948,295948,57957,206831,31160,260254,137265,107760,10286,62383,1.303,0.422,0.48,0.278,0.124,0.317,0.163,0.032,0.114,0.017,0.143,0.075,0.059,0.006,0.034,0.324,0.368,0.213,0.095,0.661,0.339,0.196,0.699,0.105,0.45,0.238,0.186,0.018,0.108
1975:Q4,2313028,747477,860266,485926,219359,1761831,10.419,12.934,4.084,18.369,9.864,572665,287601,56659,200956,29985,253783,141944,107945,9616,59377,1.313,0.424,0.488,0.276,0.125,0.325,0.163,0.032,0.114,0.017,0.144,0.081,0.061,0.005,0.034,0.323,0.372,0.21,0.095,0.666,0.334,0.197,0.699,0.104,0.443,0.248,0.188,0.017,0.104
1975:Q3,2254303,724107,851525,464591,214080,1709820,9.323,9.035,4.729,21.761,2.692,568024,283501,55599,199138,28764,247958,144000,106682,11112,58272,1.318,0.423,0.498,0.272,0.125,0.332,0.166,0.033,0.116,0.017,0.145,0.084,0.062,0.006,0.034,0.321,0.378,0.206,0.095,0.667,0.333,0.196,0.702,0.101,0.437,0.254,0.188,0.02,0.103
1975:Q2,2203208,708396,841543,440620,212649,1651853,9.394,6.186,4.688,27.003,4.135,562445,279098,54780,196561,27757,244281,145849,105015,11157,56143,1.334,0.429,0.509,0.267,0.129,0.34,0.169,0.033,0.119,0.017,0.148,0.088,0.064,0.007,0.034,0.322,0.382,0.2,0.097,0.668,0.332,0.196,0.704,0.099,0.434,0.259,0.187,0.02,0.1
1975:Q1,2155295,700265,831801,412756,210473,1616116,7.178,5.017,5.299,16.326,4.342,558834,272967,54321,192097,26549,236009,150518,103900,13539,54868,1.334,0.433,0.515,0.255,0.13,0.346,0.169,0.034,0.119,0.016,0.146,0.093,0.064,0.008,0.034,0.325,0.386,0.192,0.098,0.672,0.328,0.199,0.704,0.097,0.422,0.269,0.186,0.024,0.098
1974:Q4,2116457,691472,820315,396457,208213,1599679,7.566,7.534,9.113,6.379,3.903,553066,267249,53190,188132,25928,226579,156066,103738,12513,54170,1.323,0.432,0.513,0.248,0.13,0.346,0.167,0.033,0.118,0.016,0.142,0.098,0.065,0.008,0.034,0.327,0.388,0.187,0.098,0.674,0.326,0.199,0.704,0.097,0.41,0.282,0.188,0.023,0.098
1974:Q3,2077460,678869,802156,390234,206201,1560026,9.023,8.821,11.813,4.77,7.045,541863,260293,51876,183403,25013,220192,154156,104607,12070,50838,1.332,0.435,0.514,0.25,0.132,0.347,0.167,0.033,0.118,0.016,0.141,0.099,0.067,0.008,0.033,0.327,0.386,0.188,0.099,0.676,0.324,0.199,0.705,0.096,0.406,0.284,0.193,0.022,0.094
1974:Q2,2031941,664222,779452,385635,202632,1530056,10.18,9.33,14.978,3.881,6.928,529291,250161,50303,175975,23883,216000,148337,107401,9721,47832,1.328,0.434,0.509,0.252,0.132,0.346,0.163,0.033,0.115,0.016,0.141,0.097,0.07,0.006,0.031,0.327,0.384,0.19,0.1,0.679,0.321,0.201,0.703,0.095,0.408,0.28,0.203,0.018,0.09
1974:Q1,1981511,649082,751318,381929,199182,1491209,8.377,7.794,13.052,0.105,9.042,512155,239163,48051,167824,23289,210614,140193,106810,8930,45608,1.329,0.435,0.504,0.256,0.134,0.343,0.16,0.032,0.113,0.016,0.141,0.094,0.072,0.006,0.031,0.328,0.379,0.193,0.101,0.682,0.318,0.201,0.702,0.097,0.411,0.274,0.209,0.017,0.089
1973:Q4,1940863,636677,727578,381829,194779,1476289,8.483,10.252,9.727,2.907,9.174,497437,230141,44887,162906,22349,206909,134126,104837,8382,43183,1.315,0.431,0.493,0.259,0.132,0.337,0.156,0.03,0.11,0.015,0.14,0.091,0.071,0.006,0.029,0.328,0.375,0.197,0.1,0.684,0.316,0.195,0.708,0.097,0.416,0.27,0.211,0.017,0.087
1973:Q3,1900558,620766,710306,379074,190412,1433838,9.465,10.722,14.529,-0.626,7.327,481202,229104,40710,166518,21877,204906,134614,93859,5971,41852,1.326,0.433,0.495,0.264,0.133,0.336,0.16,0.028,0.116,0.015,0.143,0.094,0.065,0.004,0.029,0.327,0.374,0.199,0.1,0.677,0.323,0.178,0.727,0.095,0.426,0.28,0.195,0.012,0.087
1973:Q2,1856626,604561,685410,379668,186987,1413887,9.764,9.508,15.752,1.567,5.979,461449,223961,35636,166920,21404,202249,131934,82945,5981,38340,1.313,0.428,0.485,0.269,0.132,0.326,0.158,0.025,0.118,0.015,0.143,0.093,0.059,0.004,0.027,0.326,0.369,0.204,0.101,0.673,0.327,0.159,0.745,0.096,0.438,0.286,0.18,0.013,0.083
1973:Q1,1812384,590524,659441,378186,184233,1377490,11.987,12.716,16.14,5.833,7.798,446413,213028,30767,161240,21021,199202,129165,76383,5716,35947,1.316,0.429,0.479,0.275,0.134,0.324,0.155,0.022,0.117,0.015,0.145,0.094,0.055,0.004,0.026,0.326,0.364,0.209,0.102,0.677,0.323,0.144,0.757,0.099,0.446,0.289,0.171,0.013,0.081
1972:Q4,1759092,571267,634365,372750,180710,1328904,11.898,13.406,13.343,9.383,7.367,431815,202550,27222,156321,19007,197750,119174,74173,6968,33750,1.324,0.43,0.477,0.28,0.136,0.325,0.152,0.02,0.118,0.014,0.149,0.09,0.056,0.005,0.025,0.325,0.361,0.212,0.103,0.681,0.319,0.134,0.772,0.094,0.458,0.276,0.172,0.016,0.078
1972:Q3,1708016,553150,613216,364207,177442,1290566,9.26,9.661,11.064,6.715,7.073,420540,192676,25902,148145,18629,195187,114881,71312,7469,31691,1.323,0.429,0.475,0.282,0.137,0.326,0.149,0.02,0.115,0.014,0.151,0.089,0.055,0.006,0.025,0.324,0.359,0.213,0.104,0.686,0.314,0.134,0.769,0.097,0.464,0.273,0.17,0.018,0.075
1972:Q2,1669363,540105,596705,358194,174359,1266369,9.334,11.566,12.282,2.16,7.455,411260,185445,25983,141093,18368,192150,110586,69436,8220,30868,1.318,0.426,0.471,0.283,0.138,0.325,0.146,0.021,0.111,0.015,0.152,0.087,0.055,0.006,0.024,0.324,0.357,0.215,0.104,0.689,0.311,0.14,0.761,0.099,0.467,0.269,0.169,0.02,0.075
1972:Q1,1631392,524678,579276,356270,171169,1230609,8.819,10.457,11.273,1.72,10.608,403333,175943,24960,132687,18297,188338,109082,68012,7509,30392,1.326,0.426,0.471,0.29,0.139,0.328,0.143,0.02,0.108,0.015,0.153,0.089,0.055,0.006,0.025,0.322,0.355,0.218,0.105,0.696,0.304,0.142,0.754,0.104,0.467,0.27,0.169,0.019,0.075
1971:Q4,1596200,511310,563398,354745,166747,1190297,9.766,12.4,8.165,8.377,10.136,392236,171162,24461,128891,17809,185563,106157,64936,6247,29333,1.341,0.43,0.473,0.298,0.14,0.33,0.144,0.021,0.108,0.015,0.156,0.089,0.055,0.005,0.025,0.32,0.353,0.222,0.104,0.696,0.304,0.143,0.753,0.104,0.473,0.271,0.166,0.016,0.075
1971:Q3,1558007,496024,551889,347468,162626,1177675,9.674,8.893,10.443,9.674,9.457,386805,165084,23517,124028,17540,181204,106349,62941,6384,29927,1.323,0.421,0.469,0.295,0.138,0.328,0.14,0.02,0.105,0.015,0.154,0.09,0.053,0.005,0.025,0.318,0.354,0.223,0.104,0.701,0.299,0.142,0.751,0.106,0.468,0.275,0.163,0.017,0.077
1971:Q2,1521216,485236,537847,339263,158870,1156271,10.506,8.043,11.356,12.574,10.809,378234,159613,23502,118555,17556,177621,103119,62021,6246,29227,1.316,0.42,0.465,0.293,0.137,0.327,0.138,0.02,0.103,0.015,0.154,0.089,0.054,0.005,0.025,0.319,0.354,0.223,0.104,0.703,0.297,0.147,0.743,0.11,0.47,0.273,0.164,0.017,0.077
1971:Q1,1482283,475671,522999,328923,154690,1135156,7.282,7.285,9.172,2.319,11.637,370450,152549,22865,112435,17249,172222,101652,60905,7677,27994,1.306,0.419,0.461,0.29,0.136,0.326,0.134,0.02,0.099,0.015,0.152,0.09,0.054,0.007,0.025,0.321,0.353,0.222,0.104,0.708,0.292,0.15,0.737,0.113,0.465,0.274,0.164,0.021,0.076
1970:Q4,1456448,467163,511941,327027,150317,1088608,7.308,6.799,8.417,4.25,11.881,363384,148557,22287,109636,16635,166756,101697,59762,7133,28036,1.338,0.429,0.47,0.3,0.138,0.334,0.136,0.02,0.101,0.015,0.153,0.093,0.055,0.007,0.026,0.321,0.351,0.225,0.103,0.71,0.29,0.15,0.738,0.112,0.459,0.28,0.164,0.02,0.077
1970:Q3,1430022,459355,501097,323589,145981,1086059,7.463,4.8,9.735,8.116,6.706,357036,144061,22142,105704,16215,161157,100537,58499,6374,30469,1.317,0.423,0.461,0.298,0.134,0.329,0.133,0.02,0.097,0.015,0.148,0.093,0.054,0.006,0.028,0.321,0.35,0.226,0.102,0.713,0.287,0.154,0.734,0.113,0.451,0.282,0.164,0.018,0.085
1970:Q2,1403340,453908,488703,317154,143574,1067375,6.803,2.346,12.625,3.376,9.159,349440,139263,22178,101120,15965,155797,97340,57300,6258,32745,1.315,0.425,0.458,0.297,0.135,0.327,0.13,0.021,0.095,0.015,0.146,0.091,0.054,0.006,0.031,0.323,0.348,0.226,0.102,0.715,0.285,0.159,0.726,0.115,0.446,0.279,0.164,0.018,0.094
1970:Q1,1379872,451262,473750,314500,140360,1051200,4.811,1.726,9.065,2.453,6.084,338845,134905,21859,97384,15661,150069,95559,56458,6341,30418,1.313,0.429,0.451,0.299,0.134,0.322,0.128,0.021,0.093,0.015,0.143,0.091,0.054,0.006,0.029,0.327,0.343,0.228,0.102,0.715,0.285,0.162,0.722,0.116,0.443,0.282,0.167,0.019,0.09
1969:Q4,1364896,453272,460784,312583,138257,1038147,7.33,8.223,9.504,3.355,6.28,318879,141905,21874,104907,15125,147000,95655,43292,5356,27576,1.315,0.437,0.444,0.301,0.133,0.307,0.137,0.021,0.101,0.015,0.142,0.092,0.042,0.005,0.027,0.332,0.338,0.229,0.101,0.692,0.308,0.154,0.739,0.107,0.461,0.3,0.136,0.017,0.086
1969:Q3,1339965,443623,450239,309983,136120,1029956,7.011,4.885,11.358,3.394,8.064,312057,138182,21394,102116,14672,144467,93481,42572,5334,26203,1.301,0.431,0.437,0.301,0.132,0.303,0.134,0.021,0.099,0.014,0.14,0.091,0.041,0.005,0.025,0.331,0.336,0.231,0.102,0.693,0.307,0.155,0.739,0.106,0.463,0.3,0.136,0.017,0.084
1969:Q2,1316883,438271,437807,307375,133430,1009020,5.606,8.092,13.392,-10.106,10.128,303762,134045,20658,99044,14343,141743,92201,42775,4692,22351,1.305,0.434,0.434,0.305,0.132,0.301,0.133,0.02,0.098,0.014,0.14,0.091,0.042,0.005,0.022,0.333,0.332,0.233,0.101,0.694,0.306,0.154,0.739,0.107,0.467,0.304,0.141,0.015,0.074
1969:Q1,1298682,429581,423624,315342,130135,993337,6.545,4.535,10.632,1.43,12.718,294256,129368,19856,95515,13997,138462,89062,43212,4517,19003,1.307,0.432,0.426,0.317,0.131,0.296,0.13,0.02,0.096,0.014,0.139,0.09,0.044,0.005,0.019,0.331,0.326,0.243,0.1,0.695,0.305,0.153,0.738,0.108,0.471,0.303,0.147,0.015,0.065
1968:Q4,1279692,426692,412656,314219,126125,968030,8.582,11.156,11.554,0.742,10.189,286074,126582,19120,93888,13573,135025,86106,42399,4249,18295,1.322,0.441,0.426,0.325,0.13,0.296,0.131,0.02,0.097,0.014,0.139,0.089,0.044,0.004,0.019,0.333,0.322,0.246,0.099,0.693,0.307,0.151,0.742,0.107,0.472,0.301,0.148,0.015,0.064
1968:Q3,1252814,415114,401071,313637,122992,950825,8.112,7.078,10.404,7.248,6.39,277803,123268,18490,91517,13261,131563,82460,41400,4510,17870,1.318,0.437,0.422,0.33,0.129,0.292,0.13,0.019,0.096,0.014,0.138,0.087,0.044,0.005,0.019,0.331,0.32,0.25,0.098,0.693,0.307,0.15,0.742,0.108,0.474,0.297,0.149,0.016,0.064
1968:Q2,1227913,407896,390904,308055,121058,934344,7.922,10.052,11.404,1.388,6.521,270242,120662,18398,89129,13134,128262,80129,40874,3208,17769,1.314,0.437,0.418,0.33,0.13,0.289,0.129,0.02,0.095,0.014,0.137,0.086,0.044,0.003,0.019,0.332,0.318,0.251,0.099,0.691,0.309,0.152,0.739,0.109,0.475,0.297,0.151,0.012,0.066
1968:Q1,1204602,397674,380822,306990,119116,909387,4.598,-4.621,10.749,8.827,5.943,263575,117247,17773,86430,13044,124734,77683,40657,3159,17342,1.325,0.437,0.419,0.338,0.131,0.29,0.129,0.02,0.095,0.014,0.137,0.085,0.045,0.003,0.019,0.33,0.316,0.255,0.099,0.692,0.308,0.152,0.737,0.111,0.473,0.295,0.154,0.012,0.066
1967:Q4,1190912,402322,370856,300362,117372,881439,12.666,20.938,7.447,11.055,5.83,255245,115611,17657,85175,12779,122132,76269,37235,3034,16575,1.351,0.456,0.421,0.341,0.133,0.29,0.131,0.02,0.097,0.014,0.139,0.087,0.042,0.003,0.019,0.338,0.311,0.252,0.099,0.688,0.312,0.153,0.737,0.111,0.478,0.299,0.146,0.012,0.065
1967:Q3,1154358,382310,364078,292284,115686,865233,7.947,6.148,9.222,8.952,7.388,251640,112438,16992,83140,12306,118745,74595,38941,2906,16453,1.334,0.442,0.421,0.338,0.134,0.291,0.13,0.02,0.096,0.014,0.137,0.086,0.045,0.003,0.019,0.331,0.315,0.253,0.1,0.691,0.309,0.151,0.739,0.109,0.472,0.296,0.155,0.012,0.065
1967:Q2,1131870,376524,355873,285886,113588,848983,4.513,5.103,10.746,-4.865,7.52,246045,109828,16892,80769,12167,114236,73714,38646,3091,16358,1.333,0.444,0.419,0.337,0.134,0.29,0.129,0.02,0.095,0.014,0.135,0.087,0.046,0.004,0.019,0.333,0.314,0.253,0.1,0.691,0.309,0.154,0.735,0.111,0.464,0.3,0.157,0.013,0.066
1967:Q1,1119242,371781,346563,289406,111492,844170,6.025,3.815,9.871,4.621,5.256,239687,106876,16394,78441,12041,110617,71735,38277,2425,16633,1.326,0.44,0.411,0.343,0.132,0.284,0.127,0.019,0.093,0.014,0.131,0.085,0.045,0.003,0.02,0.332,0.31,0.259,0.1,0.692,0.308,0.153,0.734,0.113,0.462,0.299,0.16,0.01,0.069
1966:Q4,1102733,368393,338202,286101,110037,833302,6.15,5.481,7.739,5.386,5.521,232924,105278,16296,77361,11621,107474,69715,37691,1622,16422,1.323,0.442,0.406,0.343,0.132,0.28,0.126,0.02,0.093,0.014,0.129,0.084,0.045,0.002,0.02,0.334,0.307,0.259,0.1,0.689,0.311,0.155,0.735,0.11,0.461,0.299,0.162,0.007,0.071
1966:Q3,1086123,363413,331871,282300,108539,819638,4.879,4.149,9.883,-0.239,5.7,228547,103324,15456,76413,11455,105223,69646,36783,1178,15717,1.325,0.443,0.405,0.344,0.132,0.279,0.126,0.019,0.093,0.014,0.128,0.085,0.045,0.001,0.019,0.335,0.306,0.26,0.1,0.689,0.311,0.15,0.74,0.111,0.46,0.305,0.161,0.005,0.069
1966:Q2,1073034,359682,323869,282469,107014,804981,7.424,8.167,13.429,-0.416,8.127,222357,101512,15288,74938,11286,102790,66966,35819,771,16011,1.333,0.447,0.402,0.351,0.133,0.276,0.126,0.019,0.093,0.014,0.128,0.083,0.044,0.001,0.02,0.335,0.302,0.263,0.1,0.687,0.313,0.151,0.738,0.111,0.462,0.301,0.161,0.003,0.072
1966:Q1,1053481,352486,313349,282763,104883,795734,7.371,7.266,12.577,2.149,6.626,214562,98787,14587,72943,11256,100223,63528,34688,643,15480,1.324,0.443,0.394,0.355,0.132,0.27,0.124,0.018,0.092,0.014,0.126,0.08,0.044,0.001,0.019,0.335,0.297,0.268,0.1,0.685,0.315,0.148,0.738,0.114,0.467,0.296,0.162,0.003,0.072
1965:Q4,1034076,345863,303787,281252,103174,771857,8.3,9.435,10.201,5.457,6.745,208193,95594,14046,70853,10695,97260,61141,34101,797,14894,1.34,0.448,0.394,0.364,0.134,0.27,0.124,0.018,0.092,0.014,0.126,0.079,0.044,0.001,0.019,0.334,0.294,0.272,0.1,0.685,0.315,0.147,0.741,0.112,0.467,0.294,0.164,0.004,0.072
1965:Q3,1013004,337893,296181,277467,101463,749323,5.659,8.159,10.155,-2.729,7.838,202867,93314,13599,69263,10451,96634,58284,33139,706,14104,1.352,0.451,0.395,0.37,0.135,0.271,0.125,0.018,0.092,0.014,0.129,0.078,0.044,0.001,0.019,0.334,0.292,0.274,0.1,0.685,0.315,0.146,0.742,0.112,0.476,0.287,0.163,0.003,0.07
1965:Q2,998872,331138,288848,279373,99513,730191,6.942,8.956,10.612,0.264,8.783,197972,90876,13271,67287,10318,94941,55882,32609,700,13840,1.368,0.453,0.396,0.383,0.136,0.271,0.124,0.018,0.092,0.014,0.13,0.077,0.045,0.001,0.019,0.332,0.289,0.28,0.1,0.685,0.315,0.146,0.74,0.114,0.48,0.282,0.165,0.004,0.07
1965:Q1,981834,323887,281383,279189,97375,717790,6.87,8.522,10.49,1.265,7.325,193186,88197,12903,65087,10208,93342,53724,32181,746,13193,1.368,0.451,0.392,0.389,0.136,0.269,0.123,0.018,0.091,0.014,0.13,0.075,0.045,0.001,0.018,0.33,0.287,0.284,0.099,0.687,0.313,0.146,0.738,0.116,0.483,0.278,0.167,0.004,0.068
1964:Q4,965255,317130,274192,278309,95624,697319,7.704,10.085,9.833,3.227,6.954,187925,86267,12477,63886,9904,92408,50264,31443,1125,12685,1.384,0.455,0.393,0.399,0.137,0.269,0.124,0.018,0.092,0.014,0.133,0.072,0.045,0.002,0.018,0.329,0.284,0.288,0.099,0.685,0.315,0.145,0.741,0.115,0.492,0.267,0.167,0.006,0.068
1964:Q3,947190,309331,267787,276082,93990,692031,7.034,8.855,8.787,3.163,7.576,183446,84341,12309,62330,9703,91058,48697,30170,914,12607,1.369,0.447,0.387,0.399,0.136,0.265,0.122,0.018,0.09,0.014,0.132,0.07,0.044,0.001,0.018,0.327,0.283,0.291,0.099,0.685,0.315,0.146,0.739,0.115,0.496,0.265,0.164,0.005,0.069
1964:Q2,930822,302632,262031,273916,92243,678674,7.245,10.123,9.037,2.31,7.636,179976,82055,12073,60461,9521,90362,47208,29346,917,12143,1.372,0.446,0.386,0.404,0.136,0.265,0.121,0.018,0.089,0.014,0.133,0.07,0.043,0.001,0.018,0.325,0.282,0.294,0.099,0.687,0.313,0.147,0.737,0.116,0.502,0.262,0.163,0.005,0.067
1964:Q1,914262,295162,256242,272343,90515,669822,6.055,9.647,6.464,1.97,5.701,176585,79657,11860,58397,9400,89091,46209,28826,882,11577,1.365,0.441,0.383,0.407,0.135,0.264,0.119,0.018,0.087,0.014,0.133,0.069,0.043,0.001,0.017,0.323,0.28,0.298,0.099,0.689,0.311,0.149,0.733,0.118,0.505,0.262,0.163,0.005,0.066
1963:Q4,900618,288211,252156,271008,89243,653938,7.846,11.202,10.541,2.492,6.014,174184,77972,11731,57179,9063,88414,45623,28236,968,10943,1.377,0.441,0.386,0.414,0.136,0.266,0.119,0.018,0.087,0.014,0.135,0.07,0.043,0.001,0.017,0.32,0.28,0.301,0.099,0.691,0.309,0.15,0.733,0.116,0.508,0.262,0.162,0.006,0.063
1963:Q3,883320,280359,245710,269330,87921,644444,5.423,10.71,7.199,-1.412,5.138,170148,75562,11113,55671,8778,87225,44298,27162,976,10487,1.371,0.435,0.381,0.418,0.136,0.264,0.117,0.017,0.086,0.014,0.135,0.069,0.042,0.002,0.016,0.317,0.278,0.305,0.1,0.692,0.308,0.147,0.737,0.116,0.513,0.26,0.16,0.006,0.062
1963:Q2,871504,273048,241366,270284,86806,629752,7.584,11.322,7.954,3.353,8.22,167940,73426,10910,53879,8637,86695,43403,26527,1030,10285,1.384,0.434,0.383,0.429,0.138,0.267,0.117,0.017,0.086,0.014,0.138,0.069,0.042,0.002,0.016,0.313,0.277,0.31,0.1,0.696,0.304,0.149,0.734,0.118,0.516,0.258,0.158,0.006,0.061
1963:Q1,855287,265533,236659,268037,85058,621672,6.15,8.902,6.683,2.996,6.15,165589,71070,10602,51836,8632,85579,42848,25950,1158,10054,1.376,0.427,0.381,0.431,0.137,0.266,0.114,0.017,0.083,0.014,0.138,0.069,0.042,0.002,0.016,0.31,0.277,0.313,0.099,0.7,0.3,0.149,0.729,0.121,0.517,0.259,0.157,0.007,0.061
1962:Q4,842334,259752,232768,266044,83770,612280,8.347,10.217,9.476,5.733,7.804,163466,69302,10573,50491,8238,84643,42226,25563,1198,9836,1.376,0.424,0.38,0.435,0.137,0.267,0.113,0.017,0.082,0.013,0.138,0.069,0.042,0.002,0.016,0.308,0.276,0.316,0.099,0.702,0.298,0.153,0.729,0.119,0.518,0.258,0.156,0.007,0.06
1962:Q3,825118,253282,227384,262285,82167,609027,5.499,9.722,7.73,-0.524,5.989,160110,67274,10084,49060,8130,83558,41282,24488,1240,9542,1.355,0.416,0.373,0.431,0.135,0.263,0.11,0.017,0.081,0.013,0.137,0.068,0.04,0.002,0.016,0.307,0.276,0.318,0.1,0.704,0.296,0.15,0.729,0.121,0.522,0.258,0.153,0.008,0.06
1962:Q2,813930,247272,223073,262629,80955,600366,6.854,8.744,9.425,2.904,7.008,157690,65383,9847,47513,8023,82981,40189,23993,1124,9403,1.356,0.412,0.372,0.437,0.135,0.263,0.109,0.016,0.079,0.013,0.138,0.067,0.04,0.002,0.016,0.304,0.274,0.323,0.099,0.707,0.293,0.151,0.727,0.123,0.526,0.255,0.152,0.007,0.06
1962:Q1,800217,241983,217937,260736,79561,594013,5.893,6.863,6.019,3.966,8.975,154533,63404,9596,45796,8012,81437,39123,23576,1055,9342,1.347,0.407,0.367,0.439,0.134,0.26,0.107,0.016,0.077,0.013,0.137,0.066,0.04,0.002,0.016,0.302,0.272,0.326,0.099,0.709,0.291,0.151,0.722,0.126,0.527,0.253,0.153,0.007,0.06
1961:Q4,788596,237901,214704,258176,77815,580612,7.274,10.532,9.209,2.538,7.98,152987,61717,9459,44478,7780,80611,38585,23243,1094,9454,1.358,0.41,0.37,0.445,0.134,0.263,0.106,0.016,0.077,0.013,0.139,0.066,0.04,0.002,0.016,0.302,0.272,0.327,0.099,0.713,0.287,0.153,0.721,0.126,0.527,0.252,0.152,0.007,0.062
1961:Q3,774513,231798,209874,256548,76293,567664,6.982,7.01,6.815,6.645,8.492,149680,60194,9145,43325,7724,79237,38319,22266,892,8966,1.364,0.408,0.37,0.452,0.134,0.264,0.106,0.016,0.076,0.014,0.14,0.068,0.039,0.002,0.016,0.299,0.271,0.331,0.099,0.713,0.287,0.152,0.72,0.128,0.529,0.256,0.149,0.006,0.06
1961:Q2,761226,227806,206357,252356,74707,555545,5.797,7.837,6.603,3.268,5.983,148192,58165,8927,41704,7534,78530,38092,22031,740,8799,1.37,0.41,0.371,0.454,0.134,0.267,0.105,0.016,0.075,0.014,0.141,0.069,0.04,0.001,0.016,0.299,0.271,0.332,0.098,0.718,0.282,0.153,0.717,0.13,0.53,0.257,0.149,0.005,0.059
1961:Q1,750351,223428,203006,250311,73606,545018,4.088,6.49,4.763,0.382,7.727,146194,56812,8968,40225,7619,76577,38570,21744,548,8755,1.377,0.41,0.372,0.459,0.135,0.268,0.104,0.016,0.074,0.014,0.141,0.071,0.04,0.001,0.016,0.298,0.271,0.334,0.098,0.72,0.28,0.158,0.708,0.134,0.524,0.264,0.149,0.004,0.06
1960:Q4,742760,219861,200616,250072,72211,540197,5.162,8.307,7.084,0.429,6.937,145592,55024,8858,38742,7424,76216,37651,21825,769,9131,1.375,0.407,0.371,0.463,0.134,0.27,0.102,0.016,0.072,0.014,0.141,0.07,0.04,0.001,0.017,0.296,0.27,0.337,0.097,0.726,0.274,0.161,0.704,0.135,0.523,0.259,0.15,0.005,0.063
1960:Q3,733297,215388,197125,249804,70980,545604,4.593,8.108,5.192,0.203,8.001,143163,53962,8631,37982,7349,74889,37653,21305,671,8645,1.344,0.395,0.361,0.458,0.13,0.262,0.099,0.016,0.07,0.013,0.137,0.069,0.039,0.001,0.016,0.294,0.269,0.341,0.097,0.726,0.274,0.16,0.704,0.136,0.523,0.263,0.149,0.005,0.06
1960:Q2,724973,211109,194599,249677,69588,541080,5.728,10.024,8.35,-0.514,8.308,141908,52691,8579,36854,7257,74107,37611,21080,548,8562,1.34,0.39,0.36,0.461,0.129,0.262,0.097,0.016,0.068,0.013,0.137,0.07,0.039,0.001,0.016,0.291,0.268,0.344,0.096,0.729,0.271,0.163,0.699,0.138,0.522,0.265,0.149,0.004,0.06
1960:Q1,714738,205948,190620,249998,68172,542648,4.329,7.183,7.975,-1.882,8.852,139269,51351,8480,35638,7233,73216,36775,20971,356,7951,1.317,0.38,0.351,0.461,0.126,0.257,0.095,0.016,0.066,0.013,0.135,0.068,0.039,0.001,0.015,0.288,0.267,0.35,0.095,0.731,0.269,0.165,0.694,0.141,0.526,0.264,0.151,0.003,0.057
1959:Q4,707085,202315,186894,251180,66696,528600,6.549,11.843,7.892,1.012,8.089,136645,50249,8343,34800,7106,72794,35439,21009,315,7088,1.338,0.383,0.354,0.475,0.126,0.259,0.095,0.016,0.066,0.013,0.138,0.067,0.04,0.001,0.013,0.286,0.264,0.355,0.094,0.731,0.269,0.166,0.693,0.141,0.533,0.259,0.154,0.002,0.052
1959:Q3,695695,196497,183278,250546,65374,525034,7.943,12.3,7.376,4.279,10.763,134054,49224,8037,34114,7072,71737,35042,20208,434,6633,1.325,0.374,0.349,0.477,0.125,0.255,0.094,0.015,0.065,0.013,0.137,0.067,0.038,0.001,0.013,0.282,0.263,0.36,0.094,0.731,0.269,0.163,0.693,0.144,0.535,0.261,0.151,0.003,0.049
1959:Q2,682180,190688,179937,247894,63661,522653,8.652,12.002,11.637,3.669,9.969,132391,47546,7733,32829,6985,71169,34103,20235,456,6428,1.305,0.365,0.344,0.474,0.122,0.253,0.091,0.015,0.063,0.013,0.136,0.065,0.039,0.001,0.012,0.28,0.264,0.363,0.093,0.736,0.264,0.163,0.69,0.147,0.538,0.258,0.153,0.003,0.049
1959:Q1,667735,185161,174820,245641,62113,510330,6.8,10.689,6.111,3.726,9.521,129227,45593,7410,31345,6837,70307,32075,20206,605,6034,1.308,0.363,0.343,0.481,0.122,0.253,0.089,0.015,0.061,0.013,0.138,0.063,0.04,0.001,0.012,0.277,0.262,0.368,0.093,0.739,0.261,0.163,0.687,0.15,0.544,0.248,0.156,0.005,0.047
1958:Q4,656559,180371,172145,243374,60669,499555,9.425,11.131,9.309,8.026,10.342,127965,44180,7288,30306,6586,69715,31650,20184,658,5758,1.314,0.361,0.345,0.487,0.121,0.256,0.088,0.015,0.061,0.013,0.14,0.063,0.04,0.001,0.012,0.275,0.262,0.371,0.092,0.743,0.257,0.165,0.686,0.149,0.545,0.247,0.158,0.005,0.045
1958:Q3,641445,175488,168230,238587,59140,485841,3.99,7.376,6.615,-1.535,9.273,125300,42930,6919,29599,6412,68463,31355,19211,732,5539,1.32,0.361,0.346,0.491,0.122,0.258,0.088,0.014,0.061,0.013,0.141,0.065,0.04,0.002,0.011,0.274,0.262,0.372,0.092,0.745,0.255,0.161,0.689,0.149,0.546,0.25,0.153,0.006,0.044
1958:Q2,635110,172310,165493,239506,57800,471978,6.344,4.986,5.081,7.354,9.885,123711,41782,6857,28626,6299,67017,31316,18935,800,5643,1.346,0.365,0.351,0.507,0.122,0.262,0.089,0.015,0.061,0.013,0.142,0.066,0.04,0.002,0.012,0.271,0.261,0.377,0.091,0.748,0.252,0.164,0.685,0.151,0.542,0.253,0.153,0.006,0.046
1958:Q1,625194,170189,163417,235182,56406,467540,4.746,3.83,5.98,3.33,9.935,122618,40799,6654,27849,6296,65937,31308,18711,687,5975,1.337,0.364,0.35,0.503,0.121,0.262,0.087,0.014,0.06,0.013,0.141,0.067,0.04,0.001,0.013,0.272,0.261,0.376,0.09,0.75,0.25,0.163,0.683,0.154,0.538,0.255,0.153,0.006,0.049
1957:Q4,617864,168575,161010,233240,55039,474864,3.234,5.199,6.475,-1.934,10.134,120632,40378,6732,27478,6168,64072,31971,18437,422,5730,1.301,0.355,0.339,0.491,0.116,0.254,0.085,0.014,0.058,0.013,0.135,0.067,0.039,0.001,0.012,0.273,0.261,0.377,0.089,0.749,0.251,0.167,0.681,0.153,0.531,0.265,0.153,0.003,0.047
1957:Q3,612909,166412,158445,234373,53679,479490,5.956,6.822,7.068,3.881,9.139,118733,39712,6415,27228,6069,62488,32571,17806,324,5544,1.278,0.347,0.33,0.489,0.112,0.248,0.083,0.013,0.057,0.013,0.13,0.068,0.037,0.001,0.012,0.272,0.259,0.382,0.088,0.749,0.251,0.162,0.686,0.153,0.526,0.274,0.15,0.003,0.047
1957:Q2,603916,163622,155694,232121,52480,472025,2.865,9.057,9.786,-7.031,8.619,116775,38919,6361,26587,5971,60975,32699,17697,343,5061,1.279,0.347,0.33,0.492,0.111,0.247,0.082,0.013,0.056,0.013,0.129,0.069,0.037,0.001,0.011,0.271,0.258,0.384,0.087,0.75,0.25,0.163,0.683,0.153,0.522,0.28,0.152,0.003,0.043
1957:Q1,599622,159999,151976,236274,51373,469779,6.034,9.201,8.291,2.102,7.876,113755,38221,6276,25933,6012,59510,31286,17628,344,4987,1.276,0.341,0.324,0.503,0.109,0.242,0.081,0.013,0.055,0.013,0.127,0.067,0.038,0.001,0.011,0.267,0.253,0.394,0.086,0.749,0.251,0.164,0.679,0.157,0.523,0.275,0.155,0.003,0.044
1956:Q4,590711,156401,148890,235039,50381,460463,5.414,9.945,7.549,0.6,7.968,110961,37929,6279,25715,5935,58040,30747,17126,378,4670,1.283,0.34,0.323,0.51,0.109,0.241,0.082,0.014,0.056,0.013,0.126,0.067,0.037,0.001,0.01,0.265,0.252,0.398,0.085,0.745,0.255,0.166,0.678,0.156,0.523,0.277,0.154,0.003,0.042
1956:Q3,582823,152607,146132,234687,49397,451191,4.604,8.273,8.758,-1.047,8.468,108573,37559,6343,25529,5686,57013,29999,16614,383,4564,1.292,0.338,0.324,0.52,0.109,0.241,0.083,0.014,0.057,0.013,0.126,0.066,0.037,0.001,0.01,0.262,0.251,0.403,0.085,0.743,0.257,0.169,0.68,0.151,0.525,0.276,0.153,0.004,0.042
1956:Q2,576192,149514,143001,235303,48373,446010,3.542,10.66,10.855,-6.207,9.368,106470,36531,6026,24898,5606,55946,29178,16531,323,4492,1.292,0.335,0.321,0.528,0.108,0.239,0.082,0.014,0.056,0.013,0.125,0.065,0.037,0.001,0.01,0.259,0.248,0.408,0.084,0.745,0.255,0.165,0.682,0.153,0.525,0.274,0.155,0.003,0.042
1956:Q1,571134,145633,139223,239012,47266,439746,5.173,11.501,9.317,-1.774,9.691,103790,35433,5832,24036,5565,54986,27469,16428,352,4555,1.299,0.331,0.317,0.544,0.107,0.236,0.081,0.013,0.055,0.013,0.125,0.062,0.037,0.001,0.01,0.255,0.244,0.418,0.083,0.745,0.255,0.165,0.678,0.157,0.53,0.265,0.158,0.003,0.044
1955:Q4,563842,141563,136054,240077,46148,437092,7.777,13.743,13.195,0.905,10.341,101216,34838,5737,23526,5575,54564,25662,16195,362,4433,1.29,0.324,0.311,0.549,0.106,0.232,0.08,0.013,0.054,0.013,0.125,0.059,0.037,0.001,0.01,0.251,0.241,0.426,0.082,0.744,0.256,0.165,0.675,0.16,0.539,0.254,0.16,0.004,0.044
1955:Q3,553187,136861,131806,239535,44985,430221,6.841,15.786,9.088,-0.087,11.244,97630,34176,5482,23247,5446,53253,24440,15355,360,4222,1.286,0.318,0.306,0.557,0.105,0.227,0.079,0.013,0.054,0.013,0.124,0.057,0.036,0.001,0.01,0.247,0.238,0.433,0.081,0.741,0.259,0.16,0.68,0.159,0.545,0.25,0.157,0.004,0.043
1955:Q2,543884,131664,128878,239587,43755,421532,7.938,18.856,10.816,-0.023,12.025,95914,32964,5136,22536,5293,52779,23441,15128,416,4150,1.29,0.312,0.306,0.568,0.104,0.228,0.078,0.012,0.053,0.013,0.125,0.056,0.036,0.001,0.01,0.242,0.237,0.441,0.08,0.744,0.256,0.156,0.684,0.161,0.55,0.244,0.158,0.004,0.043
1955:Q1,533301,125737,125485,239601,42478,413073,5.932,17.548,5.582,-0.989,13.391,93897,31588,4732,21643,5213,52055,22441,14935,483,3983,1.291,0.304,0.304,0.58,0.103,0.227,0.076,0.011,0.052,0.013,0.126,0.054,0.036,0.001,0.01,0.236,0.235,0.449,0.08,0.748,0.252,0.15,0.685,0.165,0.554,0.239,0.159,0.005,0.042
1954:Q4,525508,120453,123758,240195,41102,399734,7.293,15.446,4.167,3.803,14.043,92843,30915,4661,21176,5078,51547,21761,14636,531,4368,1.315,0.301,0.31,0.601,0.103,0.232,0.077,0.012,0.053,0.013,0.129,0.054,0.037,0.001,0.011,0.229,0.236,0.457,0.078,0.75,0.25,0.151,0.685,0.164,0.555,0.234,0.158,0.006,0.047
1954:Q3,516098,115975,122482,237933,39708,390996,5.226,11.727,7.211,-0.227,13.744,91873,30609,4903,20808,4898,50999,21875,14216,574,4209,1.32,0.297,0.313,0.609,0.102,0.235,0.078,0.013,0.053,0.013,0.13,0.056,0.036,0.001,0.011,0.225,0.237,0.461,0.077,0.75,0.25,0.16,0.68,0.16,0.555,0.238,0.155,0.006,0.046
1954:Q2,509442,112672,120313,238068,38389,386121,4.679,9.829,3.948,1.158,14.3,90725,29588,4632,20145,4811,49724,22054,14285,517,4145,1.319,0.292,0.312,0.617,0.099,0.235,0.077,0.012,0.052,0.012,0.129,0.057,0.037,0.001,0.011,0.221,0.236,0.467,0.075,0.754,0.246,0.157,0.681,0.163,0.548,0.243,0.157,0.006,0.046
1954:Q1,503551,109969,119137,237381,37064,385345,3.703,6.699,5.197,0.003,14.285,90351,28786,4613,19328,4846,48789,22398,14418,495,4251,1.307,0.285,0.309,0.616,0.096,0.234,0.075,0.012,0.05,0.013,0.127,0.058,0.037,0.001,0.011,0.218,0.237,0.471,0.074,0.758,0.242,0.16,0.671,0.168,0.54,0.248,0.16,0.005,0.047
1953:Q4,498932,108158,117609,237379,35786,385970,3.214,9.76,-0.489,0.467,14.694,89252,28357,4434,19148,4775,48012,22417,14142,402,4279,1.293,0.28,0.305,0.615,0.093,0.231,0.073,0.011,0.05,0.012,0.124,0.058,0.037,0.001,0.011,0.217,0.236,0.476,0.072,0.759,0.241,0.156,0.675,0.168,0.538,0.251,0.158,0.005,0.048
1953:Q3,494955,105582,117753,237102,34518,391171,8.267,9.293,5.678,8.125,15.117,89017,28736,5040,19002,4694,46800,23598,13761,334,4524,1.265,0.27,0.301,0.606,0.088,0.228,0.073,0.013,0.049,0.012,0.12,0.06,0.035,0.001,0.012,0.213,0.238,0.479,0.07,0.756,0.244,0.175,0.661,0.163,0.526,0.265,0.155,0.004,0.051
1953:Q2,484932,103184,116105,232382,33261,391749,6.403,13.755,5.274,2.513,15.581,87961,28144,4876,18609,4659,46270,23352,13696,324,4319,1.238,0.263,0.296,0.593,0.085,0.225,0.072,0.012,0.048,0.012,0.118,0.06,0.035,0.001,0.011,0.213,0.239,0.479,0.069,0.758,0.242,0.173,0.661,0.166,0.526,0.265,0.156,0.004,0.049
1953:Q1,476996,99754,114297,230931,32014,387980,7.032,17.404,6.256,1.918,15.834,86711,27586,4924,17974,4687,45257,23388,13756,334,3976,1.229,0.257,0.295,0.595,0.083,0.223,0.071,0.013,0.046,0.012,0.117,0.06,0.035,0.001,0.01,0.209,0.24,0.484,0.067,0.759,0.241,0.178,0.652,0.17,0.522,0.27,0.159,0.004,0.046
1952:Q4,468756,95595,112537,229829,30795,380812,6.999,16.162,8.787,1.208,16.754,85098,27439,4944,17814,4681,44497,22979,13464,331,3827,1.231,0.251,0.296,0.604,0.081,0.223,0.072,0.013,0.047,0.012,0.117,0.06,0.035,0.001,0.01,0.204,0.24,0.49,0.066,0.756,0.244,0.18,0.649,0.171,0.523,0.27,0.158,0.004,0.045
1952:Q3,460694,91882,110118,229137,29557,367701,7.133,12.853,8.935,2.838,16.795,83193,26925,4895,17548,4482,43470,22552,13251,335,3585,1.253,0.25,0.299,0.623,0.08,0.226,0.073,0.013,0.048,0.012,0.118,0.061,0.036,0.001,0.01,0.199,0.239,0.497,0.064,0.755,0.245,0.182,0.652,0.166,0.523,0.271,0.159,0.004,0.043
1952:Q2,452623,89022,107712,227523,28366,361030,8.597,15.508,8.662,2.156,42.045,81411,26301,4831,17030,4440,42343,22169,13260,328,3311,1.254,0.247,0.298,0.63,0.079,0.225,0.073,0.013,0.047,0.012,0.117,0.061,0.037,0.001,0.009,0.197,0.238,0.503,0.063,0.756,0.244,0.184,0.648,0.169,0.52,0.272,0.163,0.004,0.041
1952:Q1,443100,85700,105429,226303,25668,359820,8.062,10.797,6.254,5.006,35.309,79983,25446,4707,16343,4396,40873,22234,13385,289,3202,1.231,0.238,0.293,0.629,0.071,0.222,0.071,0.013,0.045,0.012,0.114,0.062,0.037,0.001,0.009,0.193,0.238,0.511,0.058,0.759,0.241,0.185,0.642,0.173,0.511,0.278,0.167,0.004,0.04
